frequency,raw
20.29,78.684
20.65,79.137
21.02,79.558
21.38,79.959
21.75,80.356
22.12,80.763
22.48,81.177
22.85,81.588
23.22,81.975
23.58,82.326
23.95,82.643
24.31,82.936
24.68,83.221
25.05,83.510
25.41,83.810
25.78,84.115
26.14,84.421
26.51,84.717
26.88,85.000
27.24,85.270
27.61,85.529
27.98,85.773
28.34,86.006
28.71,86.226
29.07,86.434
29.44,86.634
29.81,86.829
30.17,87.020
30.54,87.210
30.91,87.396
31.27,87.578
31.64,87.754
32.00,87.924
32.37,88.090
32.74,88.251
33.10,88.405
33.47,88.554
33.84,88.698
34.20,88.837
34.57,88.972
34.93,89.108
35.30,89.243
35.67,89.380
36.03,89.514
36.40,89.648
36.76,89.776
37.13,89.901
37.50,90.023
37.86,90.141
38.23,90.255
38.60,90.365
38.96,90.472
39.33,90.575
39.69,90.674
40.06,90.770
40.43,90.864
40.79,90.955
41.16,91.047
41.53,91.138
41.89,91.230
42.26,91.320
42.62,91.410
42.99,91.495
43.36,91.574
43.72,91.649
44.09,91.719
44.46,91.785
44.82,91.846
45.19,91.904
45.55,91.957
45.92,92.006
46.29,92.052
46.65,92.099
47.02,92.148
47.39,92.203
47.75,92.267
48.12,92.340
48.48,92.419
48.85,92.505
49.22,92.595
49.58,92.686
49.95,92.776
50.31,92.864
50.68,92.945
51.05,93.018
51.41,93.083
51.78,93.139
52.15,93.185
52.51,93.224
52.88,93.252
53.24,93.273
53.61,93.286
53.98,93.291
54.34,93.287
54.71,93.275
55.08,93.254
55.44,93.224
55.81,93.186
56.17,93.141
56.54,93.089
56.91,93.031
57.27,92.969
57.64,92.906
58.01,92.843
58.37,92.782
58.74,92.727
59.10,92.679
59.47,92.641
59.84,92.612
60.20,92.594
60.57,92.588
60.93,92.594
61.30,92.611
61.67,92.641
62.03,92.681
62.40,92.733
62.77,92.793
63.13,92.862
63.50,92.937
63.86,93.018
64.23,93.102
64.60,93.190
64.96,93.278
65.33,93.367
65.70,93.456
66.06,93.543
66.43,93.630
66.79,93.716
67.16,93.799
67.53,93.882
67.89,93.964
68.26,94.044
68.63,94.125
68.99,94.205
69.36,94.286
69.72,94.367
70.09,94.449
70.46,94.533
70.82,94.618
71.19,94.703
71.55,94.790
71.92,94.876
72.29,94.963
72.65,95.050
73.02,95.136
73.39,95.222
73.75,95.306
74.12,95.389
74.48,95.470
74.85,95.549
75.22,95.626
75.58,95.701
75.95,95.774
76.32,95.845
76.68,95.912
77.05,95.978
77.41,96.041
77.78,96.102
78.15,96.160
78.51,96.216
78.88,96.270
79.25,96.323
79.61,96.374
79.98,96.423
80.34,96.472
80.71,96.519
81.08,96.566
81.44,96.612
81.81,96.656
82.18,96.701
82.54,96.744
82.91,96.787
83.27,96.828
83.64,96.870
84.01,96.910
84.37,96.949
84.74,96.987
85.10,97.024
85.47,97.060
85.84,97.095
86.20,97.129
86.57,97.161
86.94,97.192
87.30,97.222
87.67,97.251
88.03,97.279
88.40,97.306
88.77,97.332
89.13,97.356
89.50,97.380
89.87,97.404
90.23,97.426
90.60,97.447
90.96,97.468
91.33,97.487
91.70,97.507
92.06,97.525
92.43,97.543
92.80,97.560
93.16,97.577
93.53,97.593
93.89,97.608
94.26,97.623
94.63,97.637
94.99,97.651
95.36,97.665
95.72,97.678
96.09,97.690
96.46,97.702
96.82,97.713
97.19,97.724
97.56,97.735
97.92,97.745
98.29,97.755
98.65,97.763
99.02,97.772
99.39,97.780
99.75,97.787
100.12,97.795
100.49,97.802
100.85,97.807
101.22,97.812
101.58,97.817
101.95,97.822
102.32,97.826
102.68,97.829
103.05,97.832
103.42,97.835
103.78,97.837
104.15,97.839
104.51,97.841
104.88,97.843
105.25,97.845
105.61,97.846
105.98,97.848
106.34,97.850
106.71,97.852
107.08,97.853
107.44,97.855
107.81,97.857
108.18,97.858
108.54,97.860
108.91,97.862
109.27,97.864
109.64,97.865
110.01,97.867
110.37,97.868
110.74,97.868
111.11,97.868
111.47,97.868
111.84,97.868
112.20,97.866
112.57,97.864
112.94,97.862
113.30,97.858
113.67,97.854
114.04,97.850
114.40,97.844
114.77,97.838
115.13,97.832
115.50,97.825
115.87,97.816
116.23,97.808
116.60,97.799
116.97,97.791
117.33,97.781
117.70,97.772
118.06,97.761
118.43,97.751
118.80,97.741
119.16,97.730
119.53,97.719
119.89,97.708
120.26,97.697
120.63,97.684
120.99,97.672
121.36,97.660
121.73,97.647
122.09,97.633
122.46,97.620
122.82,97.606
123.19,97.591
123.56,97.577
123.92,97.562
124.29,97.546
124.66,97.530
125.02,97.514
125.39,97.498
125.75,97.481
126.12,97.463
126.49,97.445
126.85,97.427
127.22,97.407
127.59,97.388
127.95,97.369
128.32,97.348
128.68,97.327
129.05,97.305
129.42,97.282
129.78,97.260
130.15,97.236
130.51,97.212
130.88,97.187
131.25,97.162
131.61,97.136
131.98,97.109
132.35,97.082
132.71,97.054
133.08,97.026
133.44,96.997
133.81,96.968
134.18,96.939
134.54,96.909
134.91,96.879
135.28,96.848
135.64,96.817
136.01,96.787
136.37,96.755
136.74,96.725
137.11,96.695
137.47,96.664
137.84,96.634
138.21,96.604
138.57,96.575
138.94,96.546
139.30,96.517
139.67,96.490
140.04,96.463
140.40,96.437
140.77,96.412
141.14,96.388
141.50,96.364
141.87,96.341
142.23,96.320
142.60,96.300
142.97,96.280
143.33,96.262
143.70,96.246
144.06,96.230
144.43,96.216
144.80,96.203
145.16,96.191
145.53,96.180
145.90,96.171
146.26,96.162
146.63,96.155
146.99,96.150
147.36,96.145
147.73,96.142
148.09,96.139
148.46,96.138
148.83,96.138
149.19,96.139
149.56,96.142
149.92,96.144
150.29,96.148
150.66,96.153
151.02,96.158
151.39,96.164
151.76,96.171
152.12,96.178
152.49,96.186
152.85,96.194
153.22,96.203
153.59,96.213
153.95,96.222
154.32,96.233
154.68,96.243
155.05,96.254
155.42,96.264
155.78,96.276
156.15,96.287
156.52,96.299
156.88,96.311
157.25,96.324
157.61,96.336
157.98,96.349
158.35,96.362
158.71,96.374
159.08,96.387
159.45,96.400
159.81,96.413
160.18,96.425
160.54,96.439
160.91,96.451
161.28,96.464
161.64,96.476
162.01,96.489
162.38,96.501
162.74,96.513
163.11,96.525
163.47,96.536
163.84,96.547
164.21,96.559
164.57,96.569
164.94,96.579
165.30,96.590
165.67,96.599
166.04,96.608
166.40,96.618
166.77,96.626
167.14,96.635
167.50,96.642
167.87,96.650
168.23,96.657
168.60,96.664
168.97,96.671
169.33,96.677
169.70,96.683
170.07,96.689
170.43,96.695
170.80,96.700
171.16,96.704
171.53,96.710
171.90,96.714
172.26,96.719
172.63,96.724
173.00,96.728
173.36,96.733
173.73,96.737
174.09,96.742
174.46,96.746
174.83,96.751
175.19,96.756
175.56,96.761
175.93,96.766
176.29,96.771
176.66,96.776
177.02,96.782
177.39,96.787
177.76,96.794
178.12,96.800
178.49,96.806
178.85,96.814
179.22,96.820
179.59,96.828
179.95,96.835
180.32,96.843
180.69,96.850
181.05,96.859
181.42,96.868
181.78,96.876
182.15,96.886
182.52,96.895
182.88,96.905
183.25,96.915
183.62,96.925
183.98,96.936
184.35,96.947
184.71,96.958
185.08,96.969
185.45,96.981
185.81,96.993
186.18,97.004
186.55,97.017
186.91,97.029
187.28,97.041
187.64,97.053
188.01,97.066
188.38,97.079
188.74,97.091
189.11,97.105
189.47,97.117
189.84,97.130
190.21,97.142
190.57,97.155
190.94,97.168
191.31,97.180
191.67,97.193
192.04,97.206
192.40,97.218
192.77,97.230
193.14,97.242
193.50,97.254
193.87,97.266
194.24,97.278
194.60,97.289
194.97,97.300
195.33,97.311
195.70,97.322
196.07,97.332
196.43,97.343
196.80,97.353
197.17,97.364
197.53,97.373
197.90,97.382
198.26,97.392
198.63,97.400
199.00,97.409
199.36,97.417
199.73,97.425
200.10,97.433
200.46,97.440
200.83,97.447
201.19,97.454
201.56,97.460
201.93,97.466
202.29,97.472
202.66,97.478
203.02,97.483
203.39,97.488
203.76,97.493
204.12,97.496
204.49,97.501
204.86,97.504
205.22,97.507
205.59,97.510
205.95,97.513
206.32,97.516
206.69,97.517
207.05,97.519
207.42,97.520
207.79,97.522
208.15,97.523
208.52,97.524
208.88,97.524
209.25,97.524
209.62,97.523
209.98,97.523
210.35,97.523
210.72,97.522
211.08,97.520
211.45,97.519
211.81,97.518
212.18,97.516
212.55,97.513
212.91,97.512
213.28,97.509
213.64,97.506
214.01,97.504
214.38,97.500
214.74,97.497
215.11,97.493
215.48,97.489
215.84,97.486
216.21,97.482
216.57,97.477
216.94,97.472
217.31,97.468
217.67,97.463
218.04,97.458
218.41,97.453
218.77,97.448
219.14,97.442
219.50,97.436
219.87,97.431
220.24,97.424
220.60,97.419
220.97,97.413
221.34,97.407
221.70,97.400
222.07,97.394
222.43,97.388
222.80,97.382
223.17,97.376
223.53,97.369
223.90,97.362
224.26,97.356
224.63,97.350
225.00,97.343
225.36,97.336
225.73,97.329
226.10,97.323
226.46,97.316
226.83,97.310
227.19,97.303
227.56,97.297
227.93,97.290
228.29,97.284
228.66,97.278
229.03,97.272
229.39,97.266
229.76,97.260
230.12,97.254
230.49,97.248
230.86,97.242
231.22,97.237
231.59,97.231
231.96,97.225
232.32,97.220
232.69,97.215
233.05,97.209
233.42,97.204
233.79,97.199
234.15,97.194
234.52,97.190
234.89,97.184
235.25,97.180
235.62,97.175
235.98,97.171
236.35,97.166
236.72,97.162
237.08,97.157
237.45,97.153
237.81,97.149
238.18,97.145
238.55,97.141
238.91,97.138
239.28,97.133
239.65,97.130
240.01,97.126
240.38,97.123
240.74,97.118
241.11,97.115
241.48,97.112
241.84,97.108
242.21,97.105
242.58,97.102
242.94,97.099
243.31,97.096
243.67,97.093
244.04,97.089
244.41,97.087
244.77,97.083
245.14,97.081
245.51,97.077
245.87,97.075
246.24,97.072
246.60,97.069
246.97,97.066
247.34,97.064
247.70,97.060
248.07,97.058
248.43,97.055
248.80,97.053
249.17,97.050
249.53,97.047
249.90,97.045
250.27,97.043
250.63,97.040
251.00,97.038
251.36,97.035
251.73,97.033
252.10,97.031
252.46,97.028
252.83,97.025
253.20,97.023
253.56,97.021
253.93,97.019
254.29,97.016
254.66,97.013
255.03,97.011
255.39,97.009
255.76,97.007
256.13,97.005
256.49,97.002
256.86,96.999
257.22,96.998
257.59,96.995
257.96,96.993
258.32,96.990
258.69,96.988
259.05,96.986
259.42,96.983
259.79,96.981
260.15,96.978
260.52,96.977
260.89,96.974
261.25,96.972
261.62,96.970
261.98,96.967
262.35,96.964
262.72,96.962
263.08,96.959
263.45,96.957
263.82,96.954
264.18,96.952
264.55,96.949
264.91,96.947
265.28,96.945
265.65,96.942
266.01,96.940
266.38,96.937
266.75,96.934
267.11,96.932
267.48,96.930
267.84,96.927
268.21,96.924
268.58,96.922
268.94,96.919
269.31,96.917
269.68,96.915
270.04,96.912
270.41,96.909
270.77,96.907
271.14,96.904
271.51,96.902
271.87,96.899
272.24,96.897
272.60,96.893
272.97,96.891
273.34,96.888
273.70,96.886
274.07,96.882
274.44,96.880
274.80,96.877
275.17,96.874
275.53,96.871
275.90,96.868
276.27,96.865
276.63,96.862
277.00,96.859
277.37,96.856
277.73,96.852
278.10,96.849
278.46,96.845
278.83,96.842
279.20,96.839
279.56,96.835
279.93,96.831
280.30,96.828
280.66,96.823
281.03,96.820
281.39,96.815
281.76,96.810
282.13,96.806
282.49,96.802
282.86,96.798
283.22,96.793
283.59,96.788
283.96,96.784
284.32,96.779
284.69,96.773
285.06,96.769
285.42,96.764
285.79,96.758
286.15,96.753
286.52,96.748
286.89,96.742
287.25,96.737
287.62,96.731
287.99,96.725
288.35,96.719
288.72,96.713
289.08,96.707
289.45,96.701
289.82,96.695
290.18,96.688
290.55,96.682
290.92,96.675
291.28,96.668
291.65,96.662
292.01,96.655
292.38,96.648
292.75,96.642
293.11,96.635
293.48,96.627
293.85,96.620
294.21,96.614
294.58,96.607
294.94,96.599
295.31,96.592
295.68,96.584
296.04,96.578
296.41,96.570
296.77,96.563
297.14,96.555
297.51,96.548
297.87,96.541
298.24,96.534
298.61,96.526
298.97,96.519
299.34,96.511
299.70,96.504
300.07,96.496
300.44,96.489
300.80,96.482
301.17,96.475
301.54,96.468
301.90,96.460
302.27,96.453
302.63,96.446
303.00,96.439
303.37,96.432
303.73,96.425
304.10,96.417
304.47,96.410
304.83,96.404
305.20,96.397
305.56,96.389
305.93,96.383
306.30,96.376
306.66,96.369
307.03,96.362
307.39,96.356
307.76,96.349
308.13,96.343
308.49,96.335
308.86,96.329
309.23,96.322
309.59,96.316
309.96,96.309
310.32,96.303
310.69,96.296
311.06,96.290
311.42,96.284
311.79,96.277
312.16,96.270
312.52,96.264
312.89,96.258
313.25,96.251
313.62,96.245
313.99,96.239
314.35,96.233
314.72,96.227
315.09,96.220
315.45,96.213
315.82,96.207
316.18,96.201
316.55,96.195
316.92,96.189
317.28,96.183
317.65,96.176
318.01,96.170
318.38,96.163
318.75,96.157
319.11,96.151
319.48,96.145
319.85,96.138
320.21,96.132
320.58,96.126
320.94,96.120
321.31,96.114
321.68,96.106
322.04,96.100
322.41,96.094
322.78,96.088
323.14,96.081
323.51,96.075
323.87,96.069
324.24,96.061
324.61,96.055
324.97,96.049
325.34,96.042
325.71,96.036
326.07,96.029
326.44,96.023
326.80,96.016
327.17,96.010
327.54,96.002
327.90,95.996
328.27,95.989
328.64,95.983
329.00,95.975
329.37,95.969
329.73,95.962
330.10,95.954
330.47,95.948
330.83,95.941
331.20,95.933
331.56,95.926
331.93,95.918
332.30,95.912
332.66,95.904
333.03,95.897
333.40,95.889
333.76,95.881
334.13,95.874
334.49,95.866
334.86,95.858
335.23,95.850
335.59,95.841
335.96,95.834
336.33,95.825
336.69,95.817
337.06,95.808
337.42,95.800
337.79,95.791
338.16,95.783
338.52,95.774
338.89,95.766
339.26,95.757
339.62,95.748
339.99,95.738
340.35,95.729
340.72,95.720
341.09,95.710
341.45,95.702
341.82,95.692
342.18,95.683
342.55,95.672
342.92,95.663
343.28,95.654
343.65,95.644
344.02,95.634
344.38,95.624
344.75,95.614
345.11,95.604
345.48,95.594
345.85,95.584
346.21,95.574
346.58,95.565
346.95,95.555
347.31,95.544
347.68,95.534
348.04,95.524
348.41,95.513
348.78,95.503
349.14,95.493
349.51,95.482
349.88,95.472
350.24,95.462
350.61,95.451
350.97,95.441
351.34,95.430
351.71,95.419
352.07,95.409
352.44,95.398
352.80,95.388
353.17,95.377
353.54,95.366
353.90,95.355
354.27,95.345
354.64,95.334
355.00,95.322
355.37,95.312
355.73,95.301
356.10,95.290
356.47,95.279
356.83,95.268
357.20,95.257
357.57,95.246
357.93,95.235
358.30,95.224
358.66,95.213
359.03,95.202
359.40,95.191
359.76,95.180
360.13,95.168
360.50,95.157
360.86,95.147
361.23,95.135
361.59,95.124
361.96,95.113
362.33,95.102
362.69,95.090
363.06,95.079
363.43,95.069
363.79,95.058
364.16,95.046
364.52,95.035
364.89,95.025
365.26,95.013
365.62,95.002
365.99,94.992
366.35,94.981
366.72,94.970
367.09,94.959
367.45,94.948
367.82,94.937
368.19,94.927
368.55,94.915
368.92,94.905
369.28,94.894
369.65,94.884
370.02,94.874
370.38,94.863
370.75,94.853
371.12,94.843
371.48,94.832
371.85,94.822
372.21,94.811
372.58,94.802
372.95,94.791
373.31,94.781
373.68,94.771
374.05,94.761
374.41,94.751
374.78,94.742
375.14,94.732
375.51,94.722
375.88,94.713
376.24,94.703
376.61,94.694
376.97,94.684
377.34,94.675
377.71,94.666
378.07,94.656
378.44,94.648
378.81,94.639
379.17,94.630
379.54,94.620
379.90,94.612
380.27,94.603
380.64,94.595
381.00,94.586
381.37,94.578
381.74,94.569
382.10,94.560
382.47,94.552
382.83,94.543
383.20,94.535
383.57,94.526
383.93,94.518
384.30,94.510
384.67,94.502
385.03,94.494
385.40,94.486
385.76,94.477
386.13,94.469
386.50,94.460
386.86,94.452
387.23,94.444
387.60,94.436
387.96,94.428
388.33,94.419
388.69,94.411
389.06,94.403
389.43,94.394
389.79,94.386
390.16,94.379
390.52,94.370
390.89,94.362
391.26,94.353
391.62,94.346
391.99,94.337
392.36,94.328
392.72,94.320
393.09,94.311
393.45,94.303
393.82,94.294
394.19,94.286
394.55,94.278
394.92,94.269
395.29,94.260
395.65,94.251
396.02,94.243
396.38,94.234
396.75,94.225
397.12,94.216
397.48,94.208
397.85,94.199
398.22,94.190
398.58,94.181
398.95,94.171
399.31,94.162
399.68,94.154
400.05,94.145
400.41,94.136
400.78,94.126
401.14,94.117
401.51,94.108
401.88,94.099
402.24,94.090
402.61,94.080
402.98,94.071
403.34,94.061
403.71,94.052
404.07,94.043
404.44,94.033
404.81,94.023
405.17,94.013
405.54,94.004
405.91,93.994
406.27,93.984
406.64,93.975
407.00,93.965
407.37,93.956
407.74,93.946
408.10,93.936
408.47,93.926
408.84,93.916
409.20,93.906
409.57,93.896
409.93,93.886
410.30,93.876
410.67,93.867
411.03,93.857
411.40,93.846
411.76,93.836
412.13,93.826
412.50,93.816
412.86,93.805
413.23,93.795
413.60,93.784
413.96,93.775
414.33,93.764
414.69,93.754
415.06,93.743
415.43,93.733
415.79,93.722
416.16,93.712
416.53,93.702
416.89,93.691
417.26,93.680
417.62,93.669
417.99,93.659
418.36,93.648
418.72,93.638
419.09,93.627
419.46,93.616
419.82,93.605
420.19,93.594
420.55,93.583
420.92,93.572
421.29,93.562
421.65,93.551
422.02,93.540
422.39,93.529
422.75,93.518
423.12,93.507
423.48,93.496
423.85,93.485
424.22,93.474
424.58,93.463
424.95,93.452
425.31,93.441
425.68,93.430
426.05,93.418
426.41,93.407
426.78,93.397
427.15,93.385
427.51,93.374
427.88,93.363
428.24,93.352
428.61,93.340
428.98,93.329
429.34,93.318
429.71,93.307
430.08,93.296
430.44,93.285
430.81,93.273
431.17,93.263
431.54,93.251
431.91,93.240
432.27,93.229
432.64,93.218
433.01,93.207
433.37,93.196
433.74,93.184
434.10,93.172
434.47,93.161
434.84,93.150
435.20,93.139
435.57,93.128
435.93,93.117
436.30,93.106
436.67,93.095
437.03,93.084
437.40,93.072
437.77,93.061
438.13,93.050
438.50,93.039
438.86,93.028
439.23,93.017
439.60,93.006
439.96,92.995
440.33,92.984
440.70,92.973
441.06,92.963
441.43,92.952
441.79,92.941
442.16,92.929
442.53,92.919
442.89,92.908
443.26,92.897
443.63,92.886
443.99,92.876
444.36,92.864
444.72,92.855
445.09,92.844
445.46,92.833
445.82,92.822
446.19,92.811
446.55,92.800
446.92,92.791
447.29,92.780
447.65,92.769
448.02,92.759
448.39,92.748
448.75,92.737
449.12,92.727
449.48,92.717
449.85,92.707
450.22,92.696
450.58,92.686
450.95,92.675
451.32,92.666
451.68,92.655
452.05,92.645
452.41,92.635
452.78,92.625
453.15,92.614
453.51,92.605
453.88,92.594
454.25,92.584
454.61,92.574
454.98,92.564
455.34,92.555
455.71,92.544
456.08,92.535
456.44,92.525
456.81,92.515
457.18,92.505
457.54,92.495
457.91,92.486
458.27,92.476
458.64,92.466
459.01,92.457
459.37,92.447
459.74,92.438
460.10,92.428
460.47,92.418
460.84,92.409
461.20,92.400
461.57,92.391
461.94,92.382
462.30,92.372
462.67,92.363
463.03,92.353
463.40,92.344
463.77,92.336
464.13,92.326
464.50,92.317
464.87,92.309
465.23,92.300
465.60,92.291
465.96,92.282
466.33,92.273
466.70,92.264
467.06,92.256
467.43,92.248
467.80,92.239
468.16,92.231
468.53,92.222
468.89,92.214
469.26,92.206
469.63,92.197
469.99,92.189
470.36,92.180
470.72,92.172
471.09,92.165
471.46,92.156
471.82,92.148
472.19,92.141
472.56,92.132
472.92,92.125
473.29,92.117
473.65,92.109
474.02,92.101
474.39,92.093
474.75,92.085
475.12,92.078
475.49,92.071
475.85,92.063
476.22,92.055
476.58,92.048
476.95,92.041
477.32,92.034
477.68,92.026
478.05,92.019
478.42,92.012
478.78,92.005
479.15,91.998
479.51,91.991
479.88,91.983
480.25,91.977
480.61,91.970
480.98,91.963
481.35,91.956
481.71,91.950
482.08,91.943
482.44,91.936
482.81,91.930
483.18,91.923
483.54,91.916
483.91,91.910
484.27,91.904
484.64,91.897
485.01,91.891
485.37,91.885
485.74,91.878
486.11,91.872
486.47,91.866
486.84,91.859
487.20,91.853
487.57,91.847
487.94,91.841
488.30,91.836
488.67,91.830
489.04,91.824
489.40,91.819
489.77,91.812
490.13,91.806
490.50,91.801
490.87,91.796
491.23,91.790
491.60,91.784
491.97,91.779
492.33,91.773
492.70,91.768
493.06,91.762
493.43,91.757
493.80,91.752
494.16,91.746
494.53,91.742
494.89,91.737
495.26,91.732
495.63,91.727
495.99,91.721
496.36,91.717
496.73,91.712
497.09,91.707
497.46,91.702
497.82,91.697
498.19,91.693
498.56,91.688
498.92,91.684
499.29,91.678
499.66,91.674
500.02,91.669
500.39,91.666
500.75,91.660
501.12,91.656
501.49,91.652
501.85,91.648
502.22,91.643
502.59,91.639
502.95,91.635
503.32,91.631
503.68,91.626
504.05,91.623
504.42,91.618
504.78,91.614
505.15,91.611
505.51,91.607
505.88,91.602
506.25,91.599
506.61,91.594
506.98,91.591
507.35,91.587
507.71,91.584
508.08,91.579
508.44,91.576
508.81,91.572
509.18,91.569
509.54,91.565
509.91,91.561
510.28,91.558
510.64,91.555
511.01,91.551
511.37,91.547
511.74,91.544
512.11,91.541
512.47,91.537
512.84,91.534
513.21,91.530
513.57,91.528
513.94,91.524
514.30,91.520
514.67,91.517
515.04,91.514
515.40,91.511
515.77,91.507
516.14,91.505
516.50,91.501
516.87,91.499
517.23,91.495
517.60,91.493
517.97,91.489
518.33,91.487
518.70,91.483
519.06,91.481
519.43,91.477
519.80,91.475
520.16,91.472
520.53,91.469
520.90,91.466
521.26,91.464
521.63,91.460
521.99,91.458
522.36,91.455
522.73,91.453
523.09,91.450
523.46,91.447
523.83,91.445
524.19,91.442
524.56,91.439
524.92,91.436
525.29,91.434
525.66,91.431
526.02,91.429
526.39,91.427
526.76,91.424
527.12,91.422
527.49,91.419
527.85,91.417
528.22,91.415
528.59,91.412
528.95,91.410
529.32,91.407
529.68,91.405
530.05,91.403
530.42,91.400
530.78,91.398
531.15,91.396
531.52,91.393
531.88,91.392
532.25,91.389
532.61,91.387
532.98,91.385
533.35,91.383
533.71,91.381
534.08,91.379
534.45,91.376
534.81,91.374
535.18,91.372
535.54,91.370
535.91,91.368
536.28,91.366
536.64,91.364
537.01,91.363
537.38,91.361
537.74,91.358
538.11,91.357
538.47,91.355
538.84,91.352
539.21,91.351
539.57,91.349
539.94,91.347
540.30,91.345
540.67,91.344
541.04,91.341
541.40,91.340
541.77,91.338
542.14,91.336
542.50,91.334
542.87,91.332
543.23,91.331
543.60,91.329
543.97,91.327
544.33,91.326
544.70,91.323
545.07,91.322
545.43,91.320
545.80,91.319
546.16,91.317
546.53,91.316
546.90,91.314
547.26,91.312
547.63,91.310
548.00,91.309
548.36,91.307
548.73,91.306
549.09,91.304
549.46,91.303
549.83,91.301
550.19,91.299
550.56,91.298
550.93,91.297
551.29,91.295
551.66,91.293
552.02,91.292
552.39,91.291
552.76,91.289
553.12,91.287
553.49,91.286
553.85,91.285
554.22,91.284
554.59,91.282
554.95,91.281
555.32,91.279
555.69,91.278
556.05,91.276
556.42,91.274
556.78,91.274
557.15,91.272
557.52,91.270
557.88,91.269
558.25,91.268
558.62,91.267
558.98,91.266
559.35,91.264
559.71,91.263
560.08,91.262
560.45,91.261
560.81,91.260
561.18,91.258
561.55,91.257
561.91,91.256
562.28,91.255
562.64,91.254
563.01,91.252
563.38,91.251
563.74,91.250
564.11,91.249
564.47,91.248
564.84,91.247
565.21,91.245
565.57,91.244
565.94,91.243
566.31,91.243
566.67,91.242
567.04,91.240
567.40,91.239
567.77,91.238
568.14,91.237
568.50,91.237
568.87,91.236
569.24,91.234
569.60,91.233
569.97,91.232
570.33,91.232
570.70,91.231
571.07,91.230
571.43,91.229
571.80,91.228
572.17,91.227
572.53,91.226
572.90,91.226
573.26,91.225
573.63,91.224
574.00,91.224
574.36,91.222
574.73,91.222
575.10,91.221
575.46,91.220
575.83,91.219
576.19,91.219
576.56,91.219
576.93,91.217
577.29,91.216
577.66,91.216
578.02,91.216
578.39,91.215
578.76,91.215
579.12,91.214
579.49,91.213
579.86,91.213
580.22,91.212
580.59,91.211
580.95,91.210
581.32,91.210
581.69,91.209
582.05,91.209
582.42,91.209
582.79,91.208
583.15,91.208
583.52,91.207
583.88,91.207
584.25,91.207
584.62,91.206
584.98,91.206
585.35,91.205
585.72,91.204
586.08,91.204
586.45,91.204
586.81,91.204
587.18,91.204
587.55,91.203
587.91,91.203
588.28,91.203
588.64,91.202
589.01,91.202
589.38,91.201
589.74,91.202
590.11,91.201
590.48,91.201
590.84,91.201
591.21,91.201
591.57,91.201
591.94,91.200
592.31,91.200
592.67,91.200
593.04,91.200
593.41,91.200
593.77,91.200
594.14,91.200
594.50,91.200
594.87,91.200
595.24,91.200
595.60,91.199
595.97,91.200
596.34,91.199
596.70,91.200
597.07,91.199
597.43,91.200
597.80,91.199
598.17,91.200
598.53,91.200
598.90,91.200
599.26,91.200
599.63,91.200
600.00,91.200
600.36,91.200
600.73,91.200
601.10,91.201
601.46,91.200
601.83,91.201
602.19,91.201
602.56,91.201
602.93,91.201
603.29,91.202
603.66,91.202
604.03,91.202
604.39,91.202
604.76,91.203
605.12,91.203
605.49,91.203
605.86,91.203
606.22,91.203
606.59,91.204
606.96,91.204
607.32,91.204
607.69,91.204
608.05,91.205
608.42,91.206
608.79,91.206
609.15,91.206
609.52,91.206
609.89,91.207
610.25,91.207
610.62,91.208
610.98,91.208
611.35,91.209
611.72,91.209
612.08,91.209
612.45,91.209
612.81,91.210
613.18,91.210
613.55,91.211
613.91,91.212
614.28,91.212
614.65,91.213
615.01,91.213
615.38,91.213
615.74,91.214
616.11,91.215
616.48,91.215
616.84,91.215
617.21,91.216
617.58,91.216
617.94,91.217
618.31,91.218
618.67,91.218
619.04,91.219
619.41,91.220
619.77,91.221
620.14,91.221
620.51,91.221
620.87,91.222
621.24,91.222
621.60,91.224
621.97,91.224
622.34,91.225
622.70,91.225
623.07,91.227
623.43,91.227
623.80,91.227
624.17,91.228
624.53,91.229
624.90,91.230
625.27,91.230
625.63,91.231
626.00,91.232
626.36,91.232
626.73,91.233
627.10,91.234
627.46,91.235
627.83,91.236
628.20,91.237
628.56,91.237
628.93,91.239
629.29,91.239
629.66,91.240
630.03,91.241
630.39,91.242
630.76,91.243
631.13,91.243
631.49,91.245
631.86,91.245
632.22,91.246
632.59,91.248
632.96,91.248
633.32,91.249
633.69,91.250
634.06,91.251
634.42,91.252
634.79,91.253
635.15,91.255
635.52,91.255
635.89,91.256
636.25,91.257
636.62,91.258
636.98,91.260
637.35,91.261
637.72,91.262
638.08,91.263
638.45,91.264
638.82,91.266
639.18,91.266
639.55,91.268
639.91,91.269
640.28,91.270
640.65,91.271
641.01,91.273
641.38,91.274
641.75,91.275
642.11,91.276
642.48,91.277
642.84,91.279
643.21,91.280
643.58,91.281
643.94,91.282
644.31,91.284
644.68,91.285
645.04,91.287
645.41,91.288
645.77,91.289
646.14,91.291
646.51,91.292
646.87,91.293
647.24,91.295
647.60,91.297
647.97,91.297
648.34,91.299
648.70,91.300
649.07,91.302
649.44,91.303
649.80,91.305
650.17,91.306
650.53,91.308
650.90,91.309
651.27,91.311
651.63,91.313
652.00,91.314
652.37,91.317
652.73,91.318
653.10,91.320
653.46,91.321
653.83,91.322
654.20,91.325
654.56,91.326
654.93,91.328
655.30,91.329
655.66,91.331
656.03,91.333
656.39,91.335
656.76,91.337
657.13,91.338
657.49,91.340
657.86,91.342
658.22,91.344
658.59,91.345
658.96,91.347
659.32,91.349
659.69,91.350
660.06,91.352
660.42,91.354
660.79,91.357
661.15,91.358
661.52,91.360
661.89,91.362
662.25,91.364
662.62,91.365
662.99,91.368
663.35,91.369
663.72,91.372
664.08,91.374
664.45,91.376
664.82,91.377
665.18,91.380
665.55,91.382
665.92,91.383
666.28,91.386
666.65,91.388
667.01,91.389
667.38,91.392
667.75,91.394
668.11,91.396
668.48,91.398
668.85,91.400
669.21,91.403
669.58,91.404
669.94,91.406
670.31,91.409
670.68,91.411
671.04,91.413
671.41,91.415
671.77,91.417
672.14,91.420
672.51,91.422
672.87,91.424
673.24,91.427
673.61,91.429
673.97,91.431
674.34,91.434
674.70,91.436
675.07,91.438
675.44,91.440
675.80,91.442
676.17,91.445
676.54,91.448
676.90,91.450
677.27,91.452
677.63,91.454
678.00,91.457
678.37,91.459
678.73,91.462
679.10,91.464
679.47,91.466
679.83,91.469
680.20,91.471
680.56,91.474
680.93,91.476
681.30,91.478
681.66,91.481
682.03,91.483
682.39,91.486
682.76,91.489
683.13,91.491
683.49,91.493
683.86,91.496
684.23,91.499
684.59,91.501
684.96,91.504
685.32,91.507
685.69,91.509
686.06,91.511
686.42,91.514
686.79,91.517
687.16,91.519
687.52,91.522
687.89,91.525
688.25,91.528
688.62,91.530
688.99,91.532
689.35,91.535
689.72,91.538
690.09,91.541
690.45,91.543
690.82,91.546
691.18,91.548
691.55,91.552
691.92,91.554
692.28,91.557
692.65,91.559
693.01,91.562
693.38,91.565
693.75,91.568
694.11,91.571
694.48,91.573
694.85,91.576
695.21,91.579
695.58,91.583
695.94,91.585
696.31,91.588
696.68,91.591
697.04,91.594
697.41,91.597
697.78,91.599
698.14,91.602
698.51,91.605
698.87,91.608
699.24,91.611
699.61,91.614
699.97,91.617
700.34,91.620
700.71,91.623
701.07,91.625
701.44,91.629
701.80,91.632
702.17,91.635
702.54,91.637
702.90,91.640
703.27,91.643
703.64,91.647
704.00,91.649
704.37,91.652
704.73,91.655
705.10,91.659
705.47,91.661
705.83,91.664
706.20,91.667
706.56,91.671
706.93,91.674
707.30,91.677
707.66,91.680
708.03,91.683
708.40,91.685
708.76,91.689
709.13,91.692
709.49,91.695
709.86,91.698
710.23,91.702
710.59,91.704
710.96,91.707
711.33,91.710
711.69,91.713
712.06,91.716
712.42,91.720
712.79,91.723
713.16,91.726
713.52,91.730
713.89,91.733
714.26,91.736
714.62,91.739
714.99,91.742
715.35,91.745
715.72,91.748
716.09,91.751
716.45,91.755
716.82,91.757
717.18,91.761
717.55,91.764
717.92,91.767
718.28,91.770
718.65,91.774
719.02,91.777
719.38,91.780
719.75,91.784
720.11,91.787
720.48,91.790
720.85,91.793
721.21,91.797
721.58,91.800
721.95,91.803
722.31,91.806
722.68,91.810
723.04,91.814
723.41,91.816
723.78,91.820
724.14,91.823
724.51,91.827
724.88,91.829
725.24,91.833
725.61,91.836
725.97,91.840
726.34,91.843
726.71,91.847
727.07,91.850
727.44,91.853
727.81,91.857
728.17,91.859
728.54,91.863
728.90,91.867
729.27,91.870
729.64,91.874
730.00,91.876
730.37,91.880
730.73,91.883
731.10,91.887
731.47,91.891
731.83,91.894
732.20,91.897
732.57,91.900
732.93,91.904
733.30,91.907
733.66,91.911
734.03,91.915
734.40,91.917
734.76,91.922
735.13,91.925
735.50,91.928
735.86,91.931
736.23,91.935
736.59,91.939
736.96,91.942
737.33,91.946
737.69,91.949
738.06,91.953
738.43,91.956
738.79,91.959
739.16,91.964
739.52,91.967
739.89,91.971
740.26,91.974
740.62,91.977
740.99,91.981
741.35,91.984
741.72,91.988
742.09,91.992
742.45,91.995
742.82,91.999
743.19,92.002
743.55,92.006
743.92,92.010
744.28,92.013
744.65,92.017
745.02,92.020
745.38,92.024
745.75,92.028
746.12,92.031
746.48,92.035
746.85,92.038
747.21,92.042
747.58,92.046
747.95,92.049
748.31,92.053
748.68,92.057
749.05,92.061
749.41,92.064
749.78,92.067
750.14,92.071
750.51,92.075
750.88,92.078
751.24,92.083
751.61,92.086
751.97,92.090
752.34,92.094
752.71,92.097
753.07,92.101
753.44,92.105
753.81,92.108
754.17,92.112
754.54,92.115
754.90,92.120
755.27,92.123
755.64,92.127
756.00,92.131
756.37,92.135
756.74,92.138
757.10,92.142
757.47,92.145
757.83,92.150
758.20,92.154
758.57,92.157
758.93,92.161
759.30,92.165
759.67,92.168
760.03,92.172
760.40,92.176
760.76,92.180
761.13,92.184
761.50,92.188
761.86,92.191
762.23,92.195
762.60,92.199
762.96,92.203
763.33,92.207
763.69,92.210
764.06,92.214
764.43,92.218
764.79,92.221
765.16,92.226
765.52,92.230
765.89,92.233
766.26,92.238
766.62,92.242
766.99,92.245
767.36,92.249
767.72,92.253
768.09,92.257
768.45,92.261
768.82,92.264
769.19,92.268
769.55,92.272
769.92,92.276
770.29,92.279
770.65,92.284
771.02,92.287
771.38,92.291
771.75,92.295
772.12,92.299
772.48,92.303
772.85,92.307
773.22,92.311
773.58,92.315
773.95,92.319
774.31,92.322
774.68,92.327
775.05,92.330
775.41,92.334
775.78,92.338
776.14,92.342
776.51,92.346
776.88,92.350
777.24,92.353
777.61,92.357
777.98,92.362
778.34,92.365
778.71,92.369
779.07,92.373
779.44,92.377
779.81,92.381
780.17,92.385
780.54,92.388
780.91,92.392
781.27,92.397
781.64,92.400
782.00,92.404
782.37,92.408
782.74,92.412
783.10,92.416
783.47,92.419
783.84,92.424
784.20,92.427
784.57,92.431
784.93,92.435
785.30,92.439
785.67,92.443
786.03,92.447
786.40,92.451
786.76,92.455
787.13,92.459
787.50,92.463
787.86,92.466
788.23,92.471
788.60,92.475
788.96,92.478
789.33,92.482
789.69,92.486
790.06,92.490
790.43,92.493
790.79,92.497
791.16,92.501
791.53,92.505
791.89,92.508
792.26,92.513
792.62,92.517
792.99,92.520
793.36,92.524
793.72,92.528
794.09,92.532
794.46,92.536
794.82,92.540
795.19,92.543
795.55,92.548
795.92,92.551
796.29,92.555
796.65,92.559
797.02,92.562
797.39,92.566
797.75,92.570
798.12,92.573
798.48,92.578
798.85,92.582
799.22,92.585
799.58,92.589
799.95,92.593
800.31,92.596
800.68,92.600
801.05,92.604
801.41,92.608
801.78,92.612
802.15,92.615
802.51,92.619
802.88,92.623
803.24,92.626
803.61,92.630
803.98,92.634
804.34,92.638
804.71,92.641
805.08,92.645
805.44,92.649
805.81,92.653
806.17,92.656
806.54,92.660
806.91,92.663
807.27,92.667
807.64,92.671
808.01,92.674
808.37,92.679
808.74,92.682
809.10,92.685
809.47,92.689
809.84,92.693
810.20,92.696
810.57,92.700
810.93,92.704
811.30,92.707
811.67,92.711
812.03,92.715
812.40,92.719
812.77,92.721
813.13,92.725
813.50,92.728
813.86,92.733
814.23,92.737
814.60,92.739
814.96,92.743
815.33,92.747
815.70,92.751
816.06,92.754
816.43,92.757
816.79,92.761
817.16,92.764
817.53,92.768
817.89,92.772
818.26,92.775
818.63,92.779
818.99,92.782
819.36,92.785
819.72,92.789
820.09,92.793
820.46,92.796
820.82,92.799
821.19,92.803
821.56,92.806
821.92,92.809
822.29,92.813
822.65,92.816
823.02,92.820
823.39,92.823
823.75,92.827
824.12,92.830
824.48,92.834
824.85,92.837
825.22,92.840
825.58,92.844
825.95,92.847
826.32,92.851
826.68,92.853
827.05,92.857
827.41,92.861
827.78,92.863
828.15,92.867
828.51,92.870
828.88,92.874
829.25,92.877
829.61,92.881
829.98,92.883
830.34,92.887
830.71,92.890
831.08,92.893
831.44,92.897
831.81,92.900
832.18,92.903
832.54,92.906
832.91,92.910
833.27,92.913
833.64,92.916
834.01,92.919
834.37,92.922
834.74,92.925
835.10,92.929
835.47,92.932
835.84,92.936
836.20,92.939
836.57,92.941
836.94,92.945
837.30,92.948
837.67,92.951
838.03,92.954
838.40,92.957
838.77,92.960
839.13,92.963
839.50,92.967
839.87,92.970
840.23,92.973
840.60,92.976
840.96,92.979
841.33,92.982
841.70,92.986
842.06,92.989
842.43,92.992
842.80,92.995
843.16,92.998
843.53,93.001
843.89,93.004
844.26,93.007
844.63,93.010
844.99,93.013
845.36,93.016
845.72,93.019
846.09,93.022
846.46,93.025
846.82,93.028
847.19,93.031
847.56,93.034
847.92,93.036
848.29,93.040
848.65,93.042
849.02,93.046
849.39,93.048
849.75,93.052
850.12,93.054
850.49,93.058
850.85,93.060
851.22,93.063
851.58,93.066
851.95,93.069
852.32,93.072
852.68,93.075
853.05,93.078
853.42,93.081
853.78,93.084
854.15,93.087
854.51,93.089
854.88,93.092
855.25,93.095
855.61,93.097
855.98,93.100
856.35,93.103
856.71,93.106
857.08,93.109
857.44,93.112
857.81,93.115
858.18,93.118
858.54,93.120
858.91,93.123
859.27,93.126
859.64,93.129
860.01,93.132
860.37,93.135
860.74,93.138
861.11,93.140
861.47,93.142
861.84,93.145
862.20,93.148
862.57,93.151
862.94,93.154
863.30,93.156
863.67,93.160
864.04,93.162
864.40,93.165
864.77,93.168
865.13,93.170
865.50,93.173
865.87,93.176
866.23,93.178
866.60,93.181
866.97,93.184
867.33,93.186
867.70,93.189
868.06,93.191
868.43,93.195
868.80,93.197
869.16,93.200
869.53,93.202
869.89,93.206
870.26,93.208
870.63,93.210
870.99,93.213
871.36,93.216
871.73,93.219
872.09,93.221
872.46,93.224
872.82,93.226
873.19,93.229
873.56,93.232
873.92,93.234
874.29,93.237
874.66,93.239
875.02,93.242
875.39,93.245
875.75,93.248
876.12,93.250
876.49,93.252
876.85,93.255
877.22,93.257
877.59,93.261
877.95,93.263
878.32,93.266
878.68,93.268
879.05,93.270
879.42,93.273
879.78,93.275
880.15,93.279
880.51,93.281
880.88,93.284
881.25,93.286
881.61,93.288
881.98,93.291
882.35,93.293
882.71,93.297
883.08,93.299
883.44,93.302
883.81,93.303
884.18,93.306
884.54,93.309
884.91,93.311
885.28,93.314
885.64,93.317
886.01,93.319
886.37,93.322
886.74,93.324
887.11,93.326
887.47,93.329
887.84,93.332
888.21,93.334
888.57,93.337
888.94,93.339
889.30,93.341
889.67,93.344
890.04,93.346
890.40,93.349
890.77,93.352
891.14,93.354
891.50,93.356
891.87,93.359
892.23,93.362
892.60,93.364
892.97,93.367
893.33,93.368
893.70,93.371
894.06,93.374
894.43,93.376
894.80,93.379
895.16,93.382
895.53,93.383
895.90,93.386
896.26,93.388
896.63,93.391
896.99,93.394
897.36,93.396
897.73,93.398
898.09,93.401
898.46,93.403
898.83,93.406
899.19,93.408
899.56,93.410
899.92,93.413
900.29,93.415
900.66,93.418
901.02,93.420
901.39,93.423
901.76,93.425
902.12,93.428
902.49,93.430
902.85,93.433
903.22,93.434
903.59,93.438
903.95,93.440
904.32,93.442
904.68,93.445
905.05,93.446
905.42,93.449
905.78,93.452
906.15,93.454
906.52,93.456
906.88,93.459
907.25,93.461
907.61,93.463
907.98,93.466
908.35,93.469
908.71,93.471
909.08,93.473
909.45,93.475
909.81,93.477
910.18,93.481
910.54,93.483
910.91,93.485
911.28,93.487
911.64,93.490
912.01,93.492
912.38,93.495
912.74,93.497
913.11,93.499
913.47,93.501
913.84,93.504
914.21,93.507
914.57,93.508
914.94,93.511
915.31,93.513
915.67,93.516
916.04,93.518
916.40,93.521
916.77,93.523
917.14,93.525
917.50,93.528
917.87,93.530
918.23,93.532
918.60,93.535
918.97,93.537
919.33,93.540
919.70,93.542
920.07,93.544
920.43,93.546
920.80,93.549
921.16,93.551
921.53,93.553
921.90,93.555
922.26,93.559
922.63,93.561
923.00,93.563
923.36,93.565
923.73,93.567
924.09,93.570
924.46,93.572
924.83,93.575
925.19,93.577
925.56,93.579
925.93,93.582
926.29,93.584
926.66,93.586
927.02,93.588
927.39,93.591
927.76,93.593
928.12,93.595
928.49,93.598
928.85,93.601
929.22,93.602
929.59,93.605
929.95,93.607
930.32,93.609
930.69,93.612
931.05,93.614
931.42,93.617
931.78,93.618
932.15,93.621
932.52,93.624
932.88,93.626
933.25,93.628
933.62,93.630
933.98,93.633
934.35,93.635
934.71,93.638
935.08,93.639
935.45,93.642
935.81,93.644
936.18,93.647
936.55,93.649
936.91,93.651
937.28,93.654
937.64,93.655
938.01,93.659
938.38,93.661
938.74,93.663
939.11,93.665
939.47,93.668
939.84,93.670
940.21,93.672
940.57,93.674
940.94,93.677
941.31,93.679
941.67,93.681
942.04,93.684
942.40,93.686
942.77,93.689
943.14,93.691
943.50,93.693
943.87,93.695
944.24,93.697
944.60,93.700
944.97,93.702
945.33,93.704
945.70,93.707
946.07,93.709
946.43,93.712
946.80,93.714
947.17,93.716
947.53,93.718
947.90,93.721
948.26,93.722
948.63,93.725
949.00,93.727
949.36,93.730
949.73,93.732
950.10,93.734
950.46,93.737
950.83,93.739
951.19,93.742
951.56,93.743
951.93,93.746
952.29,93.748
952.66,93.750
953.02,93.753
953.39,93.756
953.76,93.757
954.12,93.760
954.49,93.762
954.86,93.764
955.22,93.767
955.59,93.769
955.95,93.772
956.32,93.773
956.69,93.776
957.05,93.778
957.42,93.781
957.79,93.783
958.15,93.785
958.52,93.787
958.88,93.790
959.25,93.792
959.62,93.794
959.98,93.797
960.35,93.799
960.72,93.802
961.08,93.803
961.45,93.806
961.81,93.809
962.18,93.811
962.55,93.813
962.91,93.815
963.28,93.817
963.64,93.820
964.01,93.823
964.38,93.825
964.74,93.827
965.11,93.829
965.48,93.831
965.84,93.834
966.21,93.836
966.57,93.838
966.94,93.840
967.31,93.843
967.67,93.845
968.04,93.847
968.41,93.850
968.77,93.852
969.14,93.855
969.50,93.857
969.87,93.859
970.24,93.861
970.60,93.864
970.97,93.866
971.34,93.868
971.70,93.870
972.07,93.873
972.43,93.875
972.80,93.877
973.17,93.880
973.53,93.882
973.90,93.884
974.26,93.886
974.63,93.888
975.00,93.891
975.36,93.894
975.73,93.895
976.10,93.898
976.46,93.900
976.83,93.903
977.19,93.905
977.56,93.906
977.93,93.910
978.29,93.911
978.66,93.914
979.03,93.916
979.39,93.918
979.76,93.921
980.12,93.923
980.49,93.925
980.86,93.927
981.22,93.930
981.59,93.932
981.96,93.934
982.32,93.936
982.69,93.939
983.05,93.941
983.42,93.944
983.79,93.946
984.15,93.947
984.52,93.951
984.89,93.953
985.25,93.954
985.62,93.957
985.98,93.959
986.35,93.961
986.72,93.964
987.08,93.966
987.45,93.968
987.81,93.970
988.18,93.972
988.55,93.975
988.91,93.977
989.28,93.980
989.65,93.982
990.01,93.984
990.38,93.986
990.74,93.988
991.11,93.990
991.48,93.993
991.84,93.995
992.21,93.998
992.58,93.999
992.94,94.001
993.31,94.004
993.67,94.006
994.04,94.008
994.41,94.011
994.77,94.013
995.14,94.015
995.51,94.017
995.87,94.019
996.24,94.022
996.60,94.024
996.97,94.026
997.34,94.029
997.70,94.031
998.07,94.033
998.43,94.035
998.80,94.037
999.17,94.040
999.53,94.042
999.90,94.044
1000.27,94.046
1000.63,94.048
1001.00,94.050
1001.36,94.053
1001.73,94.055
1002.10,94.057
1002.46,94.059
1002.83,94.061
1003.20,94.064
1003.56,94.066
1003.93,94.068
1004.29,94.070
1004.66,94.072
1005.03,94.075
1005.39,94.077
1005.76,94.079
1006.13,94.081
1006.49,94.083
1006.86,94.085
1007.22,94.088
1007.59,94.090
1007.96,94.092
1008.32,94.094
1008.69,94.096
1009.06,94.099
1009.42,94.100
1009.79,94.102
1010.15,94.105
1010.52,94.107
1010.89,94.109
1011.25,94.112
1011.62,94.114
1011.98,94.115
1012.35,94.118
1012.72,94.120
1013.08,94.123
1013.45,94.124
1013.82,94.126
1014.18,94.129
1014.55,94.130
1014.91,94.132
1015.28,94.135
1015.65,94.137
1016.01,94.139
1016.38,94.142
1016.75,94.144
1017.11,94.145
1017.48,94.148
1017.84,94.150
1018.21,94.152
1018.58,94.154
1018.94,94.156
1019.31,94.159
1019.68,94.160
1020.04,94.162
1020.41,94.165
1020.77,94.166
1021.14,94.168
1021.51,94.171
1021.87,94.173
1022.24,94.175
1022.60,94.177
1022.97,94.180
1023.34,94.181
1023.70,94.183
1024.07,94.186
1024.44,94.188
1024.80,94.189
1025.17,94.192
1025.53,94.194
1025.90,94.195
1026.27,94.198
1026.63,94.200
1027.00,94.202
1027.37,94.204
1027.73,94.206
1028.10,94.209
1028.46,94.210
1028.83,94.213
1029.20,94.215
1029.56,94.216
1029.93,94.219
1030.30,94.221
1030.66,94.223
1031.03,94.225
1031.39,94.227
1031.76,94.229
1032.13,94.231
1032.49,94.233
1032.86,94.235
1033.22,94.237
1033.59,94.239
1033.96,94.241
1034.32,94.243
1034.69,94.245
1035.06,94.246
1035.42,94.249
1035.79,94.251
1036.15,94.253
1036.52,94.255
1036.89,94.257
1037.25,94.259
1037.62,94.261
1037.99,94.263
1038.35,94.265
1038.72,94.267
1039.08,94.269
1039.45,94.271
1039.82,94.273
1040.18,94.275
1040.55,94.278
1040.92,94.279
1041.28,94.281
1041.65,94.283
1042.01,94.285
1042.38,94.287
1042.75,94.289
1043.11,94.291
1043.48,94.293
1043.85,94.295
1044.21,94.297
1044.58,94.299
1044.94,94.300
1045.31,94.302
1045.68,94.305
1046.04,94.307
1046.41,94.309
1046.77,94.311
1047.14,94.313
1047.51,94.315
1047.87,94.316
1048.24,94.319
1048.61,94.321
1048.97,94.322
1049.34,94.325
1049.70,94.327
1050.07,94.328
1050.44,94.330
1050.80,94.332
1051.17,94.334
1051.54,94.336
1051.90,94.338
1052.27,94.340
1052.63,94.341
1053.00,94.344
1053.37,94.346
1053.73,94.348
1054.10,94.350
1054.47,94.352
1054.83,94.353
1055.20,94.356
1055.56,94.358
1055.93,94.359
1056.30,94.362
1056.66,94.363
1057.03,94.365
1057.39,94.367
1057.76,94.369
1058.13,94.371
1058.49,94.373
1058.86,94.375
1059.23,94.376
1059.59,94.379
1059.96,94.380
1060.32,94.382
1060.69,94.385
1061.06,94.386
1061.42,94.388
1061.79,94.390
1062.16,94.392
1062.52,94.394
1062.89,94.396
1063.25,94.398
1063.62,94.400
1063.99,94.401
1064.35,94.404
1064.72,94.405
1065.09,94.407
1065.45,94.409
1065.82,94.411
1066.18,94.412
1066.55,94.415
1066.92,94.417
1067.28,94.419
1067.65,94.421
1068.02,94.422
1068.38,94.424
1068.75,94.426
1069.11,94.428
1069.48,94.430
1069.85,94.432
1070.21,94.433
1070.58,94.436
1070.94,94.438
1071.31,94.439
1071.68,94.441
1072.04,94.443
1072.41,94.445
1072.78,94.447
1073.14,94.449
1073.51,94.451
1073.87,94.453
1074.24,94.454
1074.61,94.457
1074.97,94.459
1075.34,94.460
1075.71,94.462
1076.07,94.464
1076.44,94.465
1076.80,94.468
1077.17,94.469
1077.54,94.471
1077.90,94.474
1078.27,94.476
1078.64,94.477
1079.00,94.479
1079.37,94.481
1079.73,94.483
1080.10,94.484
1080.47,94.487
1080.83,94.488
1081.20,94.490
1081.56,94.492
1081.93,94.493
1082.30,94.496
1082.66,94.498
1083.03,94.500
1083.40,94.501
1083.76,94.504
1084.13,94.505
1084.49,94.507
1084.86,94.509
1085.23,94.511
1085.59,94.513
1085.96,94.515
1086.33,94.517
1086.69,94.519
1087.06,94.520
1087.42,94.522
1087.79,94.524
1088.16,94.526
1088.52,94.528
1088.89,94.530
1089.26,94.532
1089.62,94.534
1089.99,94.535
1090.35,94.537
1090.72,94.539
1091.09,94.541
1091.45,94.543
1091.82,94.545
1092.18,94.547
1092.55,94.548
1092.92,94.550
1093.28,94.552
1093.65,94.554
1094.02,94.556
1094.38,94.558
1094.75,94.560
1095.11,94.562
1095.48,94.564
1095.85,94.566
1096.21,94.567
1096.58,94.570
1096.95,94.571
1097.31,94.573
1097.68,94.575
1098.04,94.577
1098.41,94.579
1098.78,94.581
1099.14,94.582
1099.51,94.584
1099.88,94.586
1100.24,94.589
1100.61,94.590
1100.97,94.592
1101.34,94.594
1101.71,94.596
1102.07,94.598
1102.44,94.600
1102.81,94.602
1103.17,94.603
1103.54,94.606
1103.90,94.607
1104.27,94.609
1104.64,94.611
1105.00,94.614
1105.37,94.615
1105.73,94.617
1106.10,94.619
1106.47,94.621
1106.83,94.623
1107.20,94.625
1107.57,94.626
1107.93,94.629
1108.30,94.630
1108.66,94.632
1109.03,94.634
1109.40,94.636
1109.76,94.638
1110.13,94.640
1110.50,94.642
1110.86,94.644
1111.23,94.646
1111.59,94.648
1111.96,94.650
1112.33,94.651
1112.69,94.654
1113.06,94.656
1113.43,94.657
1113.79,94.660
1114.16,94.662
1114.52,94.663
1114.89,94.665
1115.26,94.668
1115.62,94.669
1115.99,94.671
1116.35,94.673
1116.72,94.675
1117.09,94.677
1117.45,94.679
1117.82,94.681
1118.19,94.683
1118.55,94.685
1118.92,94.687
1119.28,94.689
1119.65,94.691
1120.02,94.692
1120.38,94.695
1120.75,94.697
1121.12,94.698
1121.48,94.701
1121.85,94.703
1122.21,94.704
1122.58,94.707
1122.95,94.709
1123.31,94.710
1123.68,94.713
1124.05,94.714
1124.41,94.716
1124.78,94.718
1125.14,94.721
1125.51,94.722
1125.88,94.725
1126.24,94.727
1126.61,94.728
1126.97,94.731
1127.34,94.732
1127.71,94.734
1128.07,94.736
1128.44,94.739
1128.81,94.740
1129.17,94.743
1129.54,94.744
1129.90,94.746
1130.27,94.749
1130.64,94.751
1131.00,94.752
1131.37,94.754
1131.74,94.756
1132.10,94.758
1132.47,94.761
1132.83,94.762
1133.20,94.764
1133.57,94.766
1133.93,94.768
1134.30,94.770
1134.67,94.772
1135.03,94.775
1135.40,94.776
1135.76,94.779
1136.13,94.780
1136.50,94.783
1136.86,94.784
1137.23,94.787
1137.60,94.788
1137.96,94.791
1138.33,94.792
1138.69,94.795
1139.06,94.796
1139.43,94.799
1139.79,94.801
1140.16,94.803
1140.52,94.805
1140.89,94.807
1141.26,94.809
1141.62,94.811
1141.99,94.814
1142.36,94.815
1142.72,94.817
1143.09,94.819
1143.45,94.822
1143.82,94.823
1144.19,94.826
1144.55,94.828
1144.92,94.829
1145.29,94.832
1145.65,94.834
1146.02,94.836
1146.38,94.838
1146.75,94.840
1147.12,94.842
1147.48,94.844
1147.85,94.846
1148.22,94.849
1148.58,94.850
1148.95,94.852
1149.31,94.854
1149.68,94.856
1150.05,94.859
1150.41,94.861
1150.78,94.863
1151.14,94.864
1151.51,94.867
1151.88,94.869
1152.24,94.871
1152.61,94.873
1152.98,94.875
1153.34,94.877
1153.71,94.880
1154.07,94.882
1154.44,94.883
1154.81,94.886
1155.17,94.887
1155.54,94.890
1155.91,94.891
1156.27,94.894
1156.64,94.895
1157.00,94.898
1157.37,94.900
1157.74,94.902
1158.10,94.904
1158.47,94.906
1158.84,94.909
1159.20,94.910
1159.57,94.912
1159.93,94.915
1160.30,94.916
1160.67,94.918
1161.03,94.921
1161.40,94.922
1161.77,94.925
1162.13,94.927
1162.50,94.929
1162.86,94.931
1163.23,94.933
1163.60,94.935
1163.96,94.937
1164.33,94.939
1164.69,94.941
1165.06,94.944
1165.43,94.946
1165.79,94.947
1166.16,94.950
1166.53,94.951
1166.89,94.954
1167.26,94.956
1167.62,94.958
1167.99,94.960
1168.36,94.962
1168.72,94.965
1169.09,94.966
1169.46,94.969
1169.82,94.970
1170.19,94.972
1170.55,94.974
1170.92,94.977
1171.29,94.978
1171.65,94.981
1172.02,94.983
1172.39,94.984
1172.75,94.987
1173.12,94.989
1173.48,94.991
1173.85,94.993
1174.22,94.995
1174.58,94.997
1174.95,94.999
1175.31,95.001
1175.68,95.003
1176.05,95.005
1176.41,95.007
1176.78,95.009
1177.15,95.011
1177.51,95.013
1177.88,95.015
1178.24,95.017
1178.61,95.019
1178.98,95.021
1179.34,95.023
1179.71,95.025
1180.08,95.027
1180.44,95.029
1180.81,95.031
1181.17,95.033
1181.54,95.036
1181.91,95.037
1182.27,95.040
1182.64,95.041
1183.01,95.043
1183.37,95.046
1183.74,95.047
1184.10,95.049
1184.47,95.051
1184.84,95.053
1185.20,95.055
1185.57,95.057
1185.93,95.059
1186.30,95.061
1186.67,95.063
1187.03,95.066
1187.40,95.067
1187.77,95.069
1188.13,95.071
1188.50,95.073
1188.86,95.075
1189.23,95.077
1189.60,95.079
1189.96,95.081
1190.33,95.083
1190.70,95.085
1191.06,95.087
1191.43,95.088
1191.79,95.090
1192.16,95.093
1192.53,95.094
1192.89,95.096
1193.26,95.099
1193.63,95.101
1193.99,95.102
1194.36,95.105
1194.72,95.106
1195.09,95.108
1195.46,95.110
1195.82,95.112
1196.19,95.114
1196.56,95.116
1196.92,95.118
1197.29,95.119
1197.65,95.122
1198.02,95.124
1198.39,95.126
1198.75,95.127
1199.12,95.129
1199.48,95.131
1199.85,95.133
1200.22,95.135
1200.58,95.137
1200.95,95.138
1201.32,95.141
1201.68,95.143
1202.05,95.144
1202.41,95.147
1202.78,95.148
1203.15,95.150
1203.51,95.152
1203.88,95.154
1204.25,95.156
1204.61,95.157
1204.98,95.160
1205.34,95.161
1205.71,95.163
1206.08,95.166
1206.44,95.167
1206.81,95.169
1207.18,95.171
1207.54,95.173
1207.91,95.174
1208.27,95.177
1208.64,95.178
1209.01,95.180
1209.37,95.182
1209.74,95.184
1210.10,95.186
1210.47,95.188
1210.84,95.190
1211.20,95.191
1211.57,95.193
1211.94,95.195
1212.30,95.197
1212.67,95.199
1213.03,95.201
1213.40,95.202
1213.77,95.204
1214.13,95.206
1214.50,95.208
1214.87,95.210
1215.23,95.212
1215.60,95.213
1215.96,95.215
1216.33,95.218
1216.70,95.219
1217.06,95.221
1217.43,95.223
1217.80,95.225
1218.16,95.227
1218.53,95.228
1218.89,95.231
1219.26,95.233
1219.63,95.234
1219.99,95.236
1220.36,95.237
1220.72,95.239
1221.09,95.242
1221.46,95.243
1221.82,95.245
1222.19,95.247
1222.56,95.249
1222.92,95.251
1223.29,95.252
1223.65,95.254
1224.02,95.256
1224.39,95.258
1224.75,95.260
1225.12,95.262
1225.49,95.263
1225.85,95.266
1226.22,95.267
1226.58,95.269
1226.95,95.271
1227.32,95.273
1227.68,95.274
1228.05,95.276
1228.42,95.279
1228.78,95.280
1229.15,95.282
1229.51,95.284
1229.88,95.286
1230.25,95.287
1230.61,95.290
1230.98,95.291
1231.35,95.293
1231.71,95.295
1232.08,95.297
1232.44,95.298
1232.81,95.300
1233.18,95.302
1233.54,95.304
1233.91,95.306
1234.27,95.308
1234.64,95.310
1235.01,95.311
1235.37,95.313
1235.74,95.315
1236.11,95.317
1236.47,95.319
1236.84,95.320
1237.20,95.322
1237.57,95.325
1237.94,95.326
1238.30,95.328
1238.67,95.329
1239.04,95.332
1239.40,95.334
1239.77,95.335
1240.13,95.337
1240.50,95.339
1240.87,95.341
1241.23,95.343
1241.60,95.345
1241.97,95.346
1242.33,95.349
1242.70,95.350
1243.06,95.352
1243.43,95.354
1243.80,95.356
1244.16,95.358
1244.53,95.359
1244.89,95.362
1245.26,95.363
1245.63,95.365
1245.99,95.367
1246.36,95.369
1246.73,95.370
1247.09,95.373
1247.46,95.375
1247.82,95.376
1248.19,95.379
1248.56,95.380
1248.92,95.382
1249.29,95.384
1249.66,95.386
1250.02,95.388
1250.39,95.389
1250.75,95.392
1251.12,95.394
1251.49,95.395
1251.85,95.397
1252.22,95.399
1252.59,95.401
1252.95,95.403
1253.32,95.404
1253.68,95.406
1254.05,95.409
1254.42,95.410
1254.78,95.412
1255.15,95.414
1255.52,95.416
1255.88,95.418
1256.25,95.419
1256.61,95.422
1256.98,95.424
1257.35,95.426
1257.71,95.428
1258.08,95.430
1258.44,95.431
1258.81,95.434
1259.18,95.436
1259.54,95.437
1259.91,95.439
1260.28,95.441
1260.64,95.443
1261.01,95.445
1261.37,95.447
1261.74,95.448
1262.11,95.451
1262.47,95.453
1262.84,95.454
1263.21,95.457
1263.57,95.458
1263.94,95.460
1264.30,95.462
1264.67,95.464
1265.04,95.466
1265.40,95.468
1265.77,95.471
1266.14,95.472
1266.50,95.474
1266.87,95.476
1267.23,95.478
1267.60,95.480
1267.97,95.481
1268.33,95.483
1268.70,95.486
1269.06,95.488
1269.43,95.489
1269.80,95.492
1270.16,95.494
1270.53,95.495
1270.90,95.498
1271.26,95.499
1271.63,95.501
1271.99,95.504
1272.36,95.505
1272.73,95.507
1273.09,95.509
1273.46,95.511
1273.83,95.513
1274.19,95.515
1274.56,95.517
1274.92,95.519
1275.29,95.521
1275.66,95.523
1276.02,95.525
1276.39,95.527
1276.76,95.529
1277.12,95.531
1277.49,95.533
1277.85,95.535
1278.22,95.537
1278.59,95.539
1278.95,95.541
1279.32,95.543
1279.68,95.545
1280.05,95.547
1280.42,95.549
1280.78,95.551
1281.15,95.553
1281.52,95.554
1281.88,95.557
1282.25,95.559
1282.61,95.561
1282.98,95.563
1283.35,95.565
1283.71,95.567
1284.08,95.569
1284.45,95.571
1284.81,95.573
1285.18,95.575
1285.54,95.577
1285.91,95.579
1286.28,95.581
1286.64,95.583
1287.01,95.585
1287.38,95.587
1287.74,95.589
1288.11,95.591
1288.47,95.593
1288.84,95.596
1289.21,95.597
1289.57,95.599
1289.94,95.601
1290.31,95.603
1290.67,95.605
1291.04,95.607
1291.40,95.609
1291.77,95.612
1292.14,95.613
1292.50,95.615
1292.87,95.617
1293.23,95.619
1293.60,95.621
1293.97,95.624
1294.33,95.626
1294.70,95.627
1295.07,95.630
1295.43,95.632
1295.80,95.633
1296.16,95.636
1296.53,95.638
1296.90,95.639
1297.26,95.642
1297.63,95.644
1298.00,95.645
1298.36,95.648
1298.73,95.650
1299.09,95.652
1299.46,95.654
1299.83,95.656
1300.19,95.658
1300.56,95.660
1300.93,95.662
1301.29,95.665
1301.66,95.666
1302.02,95.668
1302.39,95.670
1302.76,95.672
1303.12,95.674
1303.49,95.676
1303.85,95.678
1304.22,95.680
1304.59,95.683
1304.95,95.684
1305.32,95.686
1305.69,95.689
1306.05,95.691
1306.42,95.692
1306.78,95.695
1307.15,95.697
1307.52,95.698
1307.88,95.701
1308.25,95.703
1308.62,95.705
1308.98,95.707
1309.35,95.709
1309.71,95.711
1310.08,95.713
1310.45,95.715
1310.81,95.717
1311.18,95.719
1311.55,95.721
1311.91,95.724
1312.28,95.725
1312.64,95.727
1313.01,95.730
1313.38,95.731
1313.74,95.733
1314.11,95.736
1314.47,95.737
1314.84,95.739
1315.21,95.742
1315.57,95.743
1315.94,95.745
1316.31,95.748
1316.67,95.749
1317.04,95.752
1317.40,95.754
1317.77,95.756
1318.14,95.758
1318.50,95.760
1318.87,95.762
1319.24,95.764
1319.60,95.766
1319.97,95.768
1320.33,95.770
1320.70,95.772
1321.07,95.774
1321.43,95.776
1321.80,95.778
1322.17,95.780
1322.53,95.782
1322.90,95.784
1323.26,95.786
1323.63,95.788
1324.00,95.790
1324.36,95.792
1324.73,95.794
1325.10,95.796
1325.46,95.798
1325.83,95.800
1326.19,95.803
1326.56,95.804
1326.93,95.806
1327.29,95.809
1327.66,95.810
1328.02,95.812
1328.39,95.815
1328.76,95.816
1329.12,95.819
1329.49,95.821
1329.86,95.822
1330.22,95.825
1330.59,95.827
1330.95,95.828
1331.32,95.831
1331.69,95.833
1332.05,95.835
1332.42,95.837
1332.79,95.839
1333.15,95.841
1333.52,95.843
1333.88,95.845
1334.25,95.847
1334.62,95.849
1334.98,95.851
1335.35,95.853
1335.72,95.856
1336.08,95.858
1336.45,95.859
1336.81,95.862
1337.18,95.864
1337.55,95.865
1337.91,95.868
1338.28,95.870
1338.64,95.871
1339.01,95.874
1339.38,95.876
1339.74,95.878
1340.11,95.880
1340.48,95.882
1340.84,95.884
1341.21,95.886
1341.57,95.888
1341.94,95.890
1342.31,95.893
1342.67,95.894
1343.04,95.897
1343.41,95.899
1343.77,95.900
1344.14,95.903
1344.50,95.905
1344.87,95.906
1345.24,95.909
1345.60,95.910
1345.97,95.912
1346.34,95.915
1346.70,95.916
1347.07,95.918
1347.43,95.921
1347.80,95.922
1348.17,95.925
1348.53,95.927
1348.90,95.929
1349.27,95.931
1349.63,95.933
1350.00,95.935
1350.36,95.937
1350.73,95.939
1351.10,95.942
1351.46,95.944
1351.83,95.945
1352.19,95.948
1352.56,95.950
1352.93,95.952
1353.29,95.954
1353.66,95.956
1354.03,95.958
1354.39,95.960
1354.76,95.962
1355.12,95.964
1355.49,95.966
1355.86,95.968
1356.22,95.970
1356.59,95.972
1356.96,95.974
1357.32,95.976
1357.69,95.978
1358.05,95.981
1358.42,95.983
1358.79,95.984
1359.15,95.987
1359.52,95.989
1359.89,95.991
1360.25,95.993
1360.62,95.995
1360.98,95.997
1361.35,95.999
1361.72,96.001
1362.08,96.004
1362.45,96.005
1362.81,96.007
1363.18,96.010
1363.55,96.011
1363.91,96.014
1364.28,96.016
1364.65,96.018
1365.01,96.020
1365.38,96.022
1365.74,96.024
1366.11,96.026
1366.48,96.029
1366.84,96.030
1367.21,96.032
1367.58,96.035
1367.94,96.037
1368.31,96.039
1368.67,96.041
1369.04,96.043
1369.41,96.044
1369.77,96.047
1370.14,96.049
1370.51,96.051
1370.87,96.053
1371.24,96.055
1371.60,96.057
1371.97,96.059
1372.34,96.061
1372.70,96.064
1373.07,96.066
1373.43,96.067
1373.80,96.070
1374.17,96.072
1374.53,96.074
1374.90,96.076
1375.27,96.078
1375.63,96.081
1376.00,96.083
1376.36,96.084
1376.73,96.087
1377.10,96.089
1377.46,96.091
1377.83,96.093
1378.20,96.095
1378.56,96.097
1378.93,96.099
1379.29,96.102
1379.66,96.103
1380.03,96.106
1380.39,96.108
1380.76,96.109
1381.13,96.112
1381.49,96.114
1381.86,96.116
1382.22,96.118
1382.59,96.120
1382.96,96.123
1383.32,96.124
1383.69,96.126
1384.06,96.129
1384.42,96.131
1384.79,96.133
1385.15,96.135
1385.52,96.137
1385.89,96.139
1386.25,96.142
1386.62,96.143
1386.98,96.145
1387.35,96.148
1387.72,96.149
1388.08,96.152
1388.45,96.154
1388.82,96.156
1389.18,96.158
1389.55,96.160
1389.91,96.162
1390.28,96.165
1390.65,96.166
1391.01,96.168
1391.38,96.171
1391.75,96.173
1392.11,96.175
1392.48,96.177
1392.84,96.179
1393.21,96.181
1393.58,96.184
1393.94,96.186
1394.31,96.188
1394.68,96.190
1395.04,96.192
1395.41,96.194
1395.77,96.196
1396.14,96.198
1396.51,96.201
1396.87,96.202
1397.24,96.204
1397.60,96.207
1397.97,96.208
1398.34,96.211
1398.70,96.213
1399.07,96.215
1399.44,96.217
1399.80,96.219
1400.17,96.221
1400.53,96.224
1400.90,96.225
1401.27,96.228
1401.63,96.230
1402.00,96.231
1402.37,96.233
1402.73,96.236
1403.10,96.238
1403.46,96.240
1403.83,96.242
1404.20,96.244
1404.56,96.246
1404.93,96.249
1405.30,96.250
1405.66,96.252
1406.03,96.255
1406.39,96.257
1406.76,96.259
1407.13,96.261
1407.49,96.263
1407.86,96.266
1408.22,96.267
1408.59,96.269
1408.96,96.272
1409.32,96.273
1409.69,96.275
1410.06,96.278
1410.42,96.280
1410.79,96.282
1411.15,96.284
1411.52,96.286
1411.89,96.288
1412.25,96.291
1412.62,96.292
1412.99,96.295
1413.35,96.297
1413.72,96.299
1414.08,96.301
1414.45,96.303
1414.82,96.305
1415.18,96.307
1415.55,96.309
1415.92,96.311
1416.28,96.314
1416.65,96.316
1417.01,96.318
1417.38,96.320
1417.75,96.322
1418.11,96.324
1418.48,96.326
1418.85,96.328
1419.21,96.331
1419.58,96.332
1419.94,96.335
1420.31,96.337
1420.68,96.338
1421.04,96.341
1421.41,96.343
1421.77,96.345
1422.14,96.347
1422.51,96.350
1422.87,96.351
1423.24,96.353
1423.61,96.356
1423.97,96.358
1424.34,96.360
1424.70,96.362
1425.07,96.364
1425.44,96.366
1425.80,96.368
1426.17,96.370
1426.54,96.373
1426.90,96.375
1427.27,96.376
1427.63,96.379
1428.00,96.381
1428.37,96.383
1428.73,96.386
1429.10,96.387
1429.47,96.389
1429.83,96.392
1430.20,96.393
1430.56,96.396
1430.93,96.398
1431.30,96.400
1431.66,96.402
1432.03,96.404
1432.39,96.406
1432.76,96.409
1433.13,96.411
1433.49,96.413
1433.86,96.415
1434.23,96.417
1434.59,96.419
1434.96,96.422
1435.32,96.423
1435.69,96.425
1436.06,96.428
1436.42,96.430
1436.79,96.432
1437.16,96.434
1437.52,96.436
1437.89,96.439
1438.25,96.441
1438.62,96.442
1438.99,96.445
1439.35,96.447
1439.72,96.449
1440.09,96.451
1440.45,96.453
1440.82,96.456
1441.18,96.458
1441.55,96.460
1441.92,96.462
1442.28,96.464
1442.65,96.466
1443.02,96.469
1443.38,96.471
1443.75,96.472
1444.11,96.475
1444.48,96.477
1444.85,96.479
1445.21,96.481
1445.58,96.483
1445.94,96.486
1446.31,96.488
1446.68,96.490
1447.04,96.492
1447.41,96.495
1447.78,96.496
1448.14,96.499
1448.51,96.501
1448.87,96.503
1449.24,96.505
1449.61,96.507
1449.97,96.510
1450.34,96.512
1450.71,96.514
1451.07,96.516
1451.44,96.518
1451.80,96.520
1452.17,96.523
1452.54,96.524
1452.90,96.527
1453.27,96.529
1453.64,96.531
1454.00,96.534
1454.37,96.536
1454.73,96.537
1455.10,96.540
1455.47,96.543
1455.83,96.544
1456.20,96.547
1456.56,96.549
1456.93,96.551
1457.30,96.553
1457.66,96.555
1458.03,96.558
1458.40,96.559
1458.76,96.561
1459.13,96.564
1459.49,96.567
1459.86,96.568
1460.23,96.571
1460.59,96.573
1460.96,96.575
1461.33,96.577
1461.69,96.579
1462.06,96.582
1462.42,96.584
1462.79,96.586
1463.16,96.588
1463.52,96.591
1463.89,96.593
1464.26,96.595
1464.62,96.597
1464.99,96.599
1465.35,96.601
1465.72,96.603
1466.09,96.606
1466.45,96.608
1466.82,96.610
1467.18,96.612
1467.55,96.614
1467.92,96.617
1468.28,96.619
1468.65,96.621
1469.02,96.623
1469.38,96.625
1469.75,96.627
1470.11,96.630
1470.48,96.631
1470.85,96.634
1471.21,96.636
1471.58,96.638
1471.95,96.641
1472.31,96.643
1472.68,96.645
1473.04,96.647
1473.41,96.649
1473.78,96.652
1474.14,96.653
1474.51,96.656
1474.88,96.659
1475.24,96.660
1475.61,96.662
1475.97,96.665
1476.34,96.667
1476.71,96.669
1477.07,96.672
1477.44,96.674
1477.81,96.675
1478.17,96.678
1478.54,96.680
1478.90,96.683
1479.27,96.684
1479.64,96.687
1480.00,96.689
1480.37,96.691
1480.73,96.694
1481.10,96.695
1481.47,96.698
1481.83,96.700
1482.20,96.702
1482.57,96.704
1482.93,96.707
1483.30,96.709
1483.66,96.711
1484.03,96.714
1484.40,96.716
1484.76,96.718
1485.13,96.720
1485.50,96.722
1485.86,96.725
1486.23,96.727
1486.59,96.730
1486.96,96.731
1487.33,96.733
1487.69,96.736
1488.06,96.738
1488.43,96.740
1488.79,96.743
1489.16,96.744
1489.52,96.747
1489.89,96.749
1490.26,96.751
1490.62,96.754
1490.99,96.756
1491.35,96.758
1491.72,96.761
1492.09,96.763
1492.45,96.765
1492.82,96.767
1493.19,96.769
1493.55,96.772
1493.92,96.774
1494.28,96.776
1494.65,96.779
1495.02,96.781
1495.38,96.783
1495.75,96.785
1496.12,96.787
1496.48,96.790
1496.85,96.792
1497.21,96.794
1497.58,96.797
1497.95,96.798
1498.31,96.801
1498.68,96.803
1499.05,96.805
1499.41,96.808
1499.78,96.810
1500.14,96.813
1500.51,96.815
1500.88,96.817
1501.24,96.820
1501.61,96.822
1501.97,96.824
1502.34,96.827
1502.71,96.829
1503.07,96.831
1503.44,96.834
1503.81,96.836
1504.17,96.838
1504.54,96.840
1504.90,96.843
1505.27,96.845
1505.64,96.847
1506.00,96.850
1506.37,96.852
1506.74,96.854
1507.10,96.856
1507.47,96.859
1507.83,96.861
1508.20,96.863
1508.57,96.865
1508.93,96.868
1509.30,96.870
1509.67,96.873
1510.03,96.875
1510.40,96.877
1510.76,96.880
1511.13,96.882
1511.50,96.885
1511.86,96.886
1512.23,96.889
1512.60,96.892
1512.96,96.894
1513.33,96.896
1513.69,96.898
1514.06,96.901
1514.43,96.904
1514.79,96.906
1515.16,96.908
1515.52,96.910
1515.89,96.912
1516.26,96.915
1516.62,96.918
1516.99,96.920
1517.36,96.922
1517.72,96.924
1518.09,96.927
1518.45,96.930
1518.82,96.932
1519.19,96.934
1519.55,96.936
1519.92,96.939
1520.29,96.941
1520.65,96.944
1521.02,96.946
1521.38,96.948
1521.75,96.951
1522.12,96.953
1522.48,96.956
1522.85,96.957
1523.22,96.960
1523.58,96.963
1523.95,96.965
1524.31,96.968
1524.68,96.970
1525.05,96.972
1525.41,96.975
1525.78,96.977
1526.14,96.980
1526.51,96.982
1526.88,96.984
1527.24,96.987
1527.61,96.989
1527.98,96.992
1528.34,96.994
1528.71,96.996
1529.07,96.999
1529.44,97.001
1529.81,97.004
1530.17,97.006
1530.54,97.008
1530.91,97.011
1531.27,97.013
1531.64,97.016
1532.00,97.018
1532.37,97.020
1532.74,97.023
1533.10,97.025
1533.47,97.028
1533.84,97.031
1534.20,97.033
1534.57,97.035
1534.93,97.037
1535.30,97.040
1535.67,97.042
1536.03,97.045
1536.40,97.047
1536.77,97.050
1537.13,97.052
1537.50,97.054
1537.86,97.057
1538.23,97.059
1538.60,97.062
1538.96,97.064
1539.33,97.067
1539.69,97.069
1540.06,97.072
1540.43,97.074
1540.79,97.076
1541.16,97.079
1541.53,97.082
1541.89,97.084
1542.26,97.087
1542.62,97.088
1542.99,97.091
1543.36,97.094
1543.72,97.096
1544.09,97.099
1544.46,97.101
1544.82,97.103
1545.19,97.106
1545.55,97.108
1545.92,97.111
1546.29,97.113
1546.65,97.115
1547.02,97.118
1547.39,97.120
1547.75,97.123
1548.12,97.125
1548.48,97.127
1548.85,97.130
1549.22,97.132
1549.58,97.135
1549.95,97.137
1550.31,97.140
1550.68,97.142
1551.05,97.145
1551.41,97.147
1551.78,97.149
1552.15,97.152
1552.51,97.154
1552.88,97.157
1553.24,97.160
1553.61,97.162
1553.98,97.165
1554.34,97.167
1554.71,97.169
1555.08,97.172
1555.44,97.174
1555.81,97.177
1556.17,97.179
1556.54,97.181
1556.91,97.184
1557.27,97.186
1557.64,97.189
1558.01,97.191
1558.37,97.194
1558.74,97.197
1559.10,97.199
1559.47,97.202
1559.84,97.204
1560.20,97.206
1560.57,97.209
1560.93,97.211
1561.30,97.213
1561.67,97.215
1562.03,97.218
1562.40,97.221
1562.77,97.223
1563.13,97.225
1563.50,97.228
1563.86,97.231
1564.23,97.233
1564.60,97.236
1564.96,97.238
1565.33,97.240
1565.70,97.243
1566.06,97.246
1566.43,97.249
1566.79,97.250
1567.16,97.253
1567.53,97.255
1567.89,97.258
1568.26,97.261
1568.63,97.263
1568.99,97.266
1569.36,97.268
1569.72,97.270
1570.09,97.273
1570.46,97.275
1570.82,97.278
1571.19,97.280
1571.56,97.283
1571.92,97.285
1572.29,97.288
1572.65,97.291
1573.02,97.293
1573.39,97.296
1573.75,97.298
1574.12,97.300
1574.48,97.303
1574.85,97.305
1575.22,97.308
1575.58,97.310
1575.95,97.313
1576.32,97.316
1576.68,97.319
1577.05,97.321
1577.41,97.323
1577.78,97.326
1578.15,97.328
1578.51,97.331
1578.88,97.334
1579.25,97.336
1579.61,97.338
1579.98,97.341
1580.34,97.344
1580.71,97.346
1581.08,97.349
1581.44,97.351
1581.81,97.354
1582.18,97.356
1582.54,97.358
1582.91,97.362
1583.27,97.364
1583.64,97.367
1584.01,97.370
1584.37,97.372
1584.74,97.374
1585.10,97.377
1585.47,97.380
1585.84,97.382
1586.20,97.385
1586.57,97.388
1586.94,97.389
1587.30,97.392
1587.67,97.395
1588.03,97.398
1588.40,97.400
1588.77,97.403
1589.13,97.406
1589.50,97.408
1589.87,97.411
1590.23,97.413
1590.60,97.416
1590.96,97.418
1591.33,97.421
1591.70,97.424
1592.06,97.427
1592.43,97.429
1592.80,97.431
1593.16,97.434
1593.53,97.437
1593.89,97.439
1594.26,97.442
1594.63,97.445
1594.99,97.448
1595.36,97.450
1595.73,97.453
1596.09,97.456
1596.46,97.458
1596.82,97.461
1597.19,97.464
1597.56,97.466
1597.92,97.469
1598.29,97.471
1598.65,97.474
1599.02,97.477
1599.39,97.480
1599.75,97.482
1600.12,97.484
1600.49,97.487
1600.85,97.490
1601.22,97.493
1601.58,97.495
1601.95,97.498
1602.32,97.501
1602.68,97.504
1603.05,97.507
1603.42,97.509
1603.78,97.511
1604.15,97.514
1604.51,97.517
1604.88,97.519
1605.25,97.523
1605.61,97.525
1605.98,97.528
1606.35,97.531
1606.71,97.534
1607.08,97.536
1607.44,97.539
1607.81,97.542
1608.18,97.544
1608.54,97.547
1608.91,97.550
1609.27,97.553
1609.64,97.555
1610.01,97.558
1610.37,97.560
1610.74,97.564
1611.11,97.566
1611.47,97.569
1611.84,97.572
1612.20,97.575
1612.57,97.578
1612.94,97.579
1613.30,97.583
1613.67,97.585
1614.04,97.588
1614.40,97.591
1614.77,97.594
1615.13,97.596
1615.50,97.599
1615.87,97.602
1616.23,97.605
1616.60,97.607
1616.97,97.610
1617.33,97.613
1617.70,97.615
1618.06,97.619
1618.43,97.621
1618.80,97.624
1619.16,97.626
1619.53,97.630
1619.89,97.632
1620.26,97.635
1620.63,97.638
1620.99,97.641
1621.36,97.643
1621.73,97.646
1622.09,97.649
1622.46,97.651
1622.82,97.655
1623.19,97.657
1623.56,97.660
1623.92,97.662
1624.29,97.666
1624.66,97.668
1625.02,97.672
1625.39,97.673
1625.75,97.677
1626.12,97.679
1626.49,97.683
1626.85,97.685
1627.22,97.688
1627.59,97.691
1627.95,97.694
1628.32,97.696
1628.68,97.699
1629.05,97.702
1629.42,97.705
1629.78,97.707
1630.15,97.710
1630.52,97.713
1630.88,97.716
1631.25,97.719
1631.61,97.721
1631.98,97.724
1632.35,97.727
1632.71,97.730
1633.08,97.733
1633.44,97.736
1633.81,97.739
1634.18,97.741
1634.54,97.743
1634.91,97.746
1635.28,97.749
1635.64,97.752
1636.01,97.755
1636.37,97.758
1636.74,97.761
1637.11,97.763
1637.47,97.766
1637.84,97.769
1638.21,97.772
1638.57,97.775
1638.94,97.778
1639.30,97.781
1639.67,97.784
1640.04,97.786
1640.40,97.789
1640.77,97.792
1641.14,97.794
1641.50,97.797
1641.87,97.800
1642.23,97.803
1642.60,97.806
1642.97,97.809
1643.33,97.811
1643.70,97.815
1644.06,97.817
1644.43,97.820
1644.80,97.823
1645.16,97.826
1645.53,97.828
1645.90,97.831
1646.26,97.834
1646.63,97.837
1646.99,97.840
1647.36,97.843
1647.73,97.846
1648.09,97.849
1648.46,97.851
1648.83,97.854
1649.19,97.857
1649.56,97.859
1649.92,97.862
1650.29,97.865
1650.66,97.868
1651.02,97.870
1651.39,97.874
1651.76,97.876
1652.12,97.880
1652.49,97.882
1652.85,97.885
1653.22,97.888
1653.59,97.891
1653.95,97.893
1654.32,97.897
1654.68,97.899
1655.05,97.902
1655.42,97.905
1655.78,97.908
1656.15,97.910
1656.52,97.913
1656.88,97.916
1657.25,97.919
1657.61,97.922
1657.98,97.925
1658.35,97.928
1658.71,97.930
1659.08,97.934
1659.45,97.936
1659.81,97.940
1660.18,97.942
1660.54,97.945
1660.91,97.948
1661.28,97.951
1661.64,97.953
1662.01,97.957
1662.38,97.959
1662.74,97.962
1663.11,97.965
1663.47,97.968
1663.84,97.971
1664.21,97.974
1664.57,97.977
1664.94,97.979
1665.31,97.982
1665.67,97.985
1666.04,97.988
1666.40,97.990
1666.77,97.993
1667.14,97.996
1667.50,97.999
1667.87,98.002
1668.23,98.005
1668.60,98.007
1668.97,98.011
1669.33,98.013
1669.70,98.016
1670.07,98.019
1670.43,98.022
1670.80,98.025
1671.16,98.028
1671.53,98.031
1671.90,98.034
1672.26,98.036
1672.63,98.039
1673.00,98.042
1673.36,98.044
1673.73,98.047
1674.09,98.050
1674.46,98.053
1674.83,98.056
1675.19,98.059
1675.56,98.061
1675.93,98.065
1676.29,98.067
1676.66,98.070
1677.02,98.073
1677.39,98.076
1677.76,98.079
1678.12,98.082
1678.49,98.085
1678.85,98.087
1679.22,98.090
1679.59,98.093
1679.95,98.096
1680.32,98.099
1680.69,98.102
1681.05,98.105
1681.42,98.107
1681.78,98.111
1682.15,98.113
1682.52,98.116
1682.88,98.119
1683.25,98.121
1683.62,98.124
1683.98,98.127
1684.35,98.130
1684.71,98.133
1685.08,98.136
1685.45,98.138
1685.81,98.142
1686.18,98.144
1686.55,98.147
1686.91,98.150
1687.28,98.153
1687.64,98.155
1688.01,98.159
1688.38,98.161
1688.74,98.164
1689.11,98.168
1689.48,98.171
1689.84,98.173
1690.21,98.176
1690.57,98.179
1690.94,98.181
1691.31,98.184
1691.67,98.188
1692.04,98.190
1692.40,98.193
1692.77,98.196
1693.14,98.198
1693.50,98.202
1693.87,98.204
1694.24,98.207
1694.60,98.210
1694.97,98.213
1695.33,98.216
1695.70,98.219
1696.07,98.222
1696.43,98.224
1696.80,98.227
1697.17,98.231
1697.53,98.233
1697.90,98.236
1698.26,98.239
1698.63,98.242
1699.00,98.244
1699.36,98.247
1699.73,98.250
1700.10,98.253
1700.46,98.255
1700.83,98.258
1701.19,98.261
1701.56,98.264
1701.93,98.267
1702.29,98.270
1702.66,98.273
1703.02,98.275
1703.39,98.279
1703.76,98.281
1704.12,98.284
1704.49,98.287
1704.86,98.290
1705.22,98.292
1705.59,98.296
1705.95,98.299
1706.32,98.302
1706.69,98.305
1707.05,98.307
1707.42,98.310
1707.79,98.313
1708.15,98.316
1708.52,98.319
1708.88,98.322
1709.25,98.324
1709.62,98.327
1709.98,98.330
1710.35,98.333
1710.72,98.335
1711.08,98.339
1711.45,98.341
1711.81,98.344
1712.18,98.347
1712.55,98.350
1712.91,98.353
1713.28,98.356
1713.64,98.359
1714.01,98.361
1714.38,98.364
1714.74,98.367
1715.11,98.370
1715.48,98.373
1715.84,98.376
1716.21,98.379
1716.57,98.381
1716.94,98.384
1717.31,98.387
1717.67,98.390
1718.04,98.392
1718.41,98.395
1718.77,98.398
1719.14,98.401
1719.50,98.404
1719.87,98.407
1720.24,98.410
1720.60,98.413
1720.97,98.416
1721.34,98.419
1721.70,98.422
1722.07,98.424
1722.43,98.428
1722.80,98.430
1723.17,98.434
1723.53,98.436
1723.90,98.439
1724.27,98.442
1724.63,98.445
1725.00,98.448
1725.36,98.451
1725.73,98.453
1726.10,98.457
1726.46,98.459
1726.83,98.462
1727.19,98.465
1727.56,98.468
1727.93,98.471
1728.29,98.474
1728.66,98.477
1729.03,98.480
1729.39,98.483
1729.76,98.486
1730.12,98.489
1730.49,98.491
1730.86,98.494
1731.22,98.497
1731.59,98.500
1731.96,98.503
1732.32,98.506
1732.69,98.508
1733.05,98.511
1733.42,98.514
1733.79,98.517
1734.15,98.520
1734.52,98.523
1734.89,98.526
1735.25,98.529
1735.62,98.532
1735.98,98.535
1736.35,98.538
1736.72,98.541
1737.08,98.544
1737.45,98.547
1737.81,98.549
1738.18,98.552
1738.55,98.555
1738.91,98.558
1739.28,98.561
1739.65,98.564
1740.01,98.567
1740.38,98.570
1740.74,98.573
1741.11,98.576
1741.48,98.578
1741.84,98.582
1742.21,98.584
1742.58,98.588
1742.94,98.590
1743.31,98.594
1743.67,98.596
1744.04,98.600
1744.41,98.602
1744.77,98.606
1745.14,98.608
1745.51,98.611
1745.87,98.614
1746.24,98.617
1746.60,98.620
1746.97,98.623
1747.34,98.626
1747.70,98.629
1748.07,98.632
1748.43,98.635
1748.80,98.638
1749.17,98.641
1749.53,98.644
1749.90,98.647
1750.27,98.650
1750.63,98.653
1751.00,98.656
1751.36,98.659
1751.73,98.662
1752.10,98.665
1752.46,98.668
1752.83,98.671
1753.20,98.674
1753.56,98.677
1753.93,98.680
1754.29,98.683
1754.66,98.686
1755.03,98.689
1755.39,98.692
1755.76,98.695
1756.13,98.698
1756.49,98.701
1756.86,98.704
1757.22,98.707
1757.59,98.710
1757.96,98.712
1758.32,98.715
1758.69,98.718
1759.06,98.721
1759.42,98.724
1759.79,98.727
1760.15,98.730
1760.52,98.733
1760.89,98.736
1761.25,98.739
1761.62,98.742
1761.98,98.745
1762.35,98.748
1762.72,98.751
1763.08,98.754
1763.45,98.757
1763.82,98.760
1764.18,98.763
1764.55,98.766
1764.91,98.769
1765.28,98.772
1765.65,98.775
1766.01,98.778
1766.38,98.781
1766.75,98.784
1767.11,98.787
1767.48,98.790
1767.84,98.793
1768.21,98.796
1768.58,98.799
1768.94,98.802
1769.31,98.805
1769.68,98.808
1770.04,98.811
1770.41,98.814
1770.77,98.817
1771.14,98.820
1771.51,98.822
1771.87,98.825
1772.24,98.828
1772.60,98.831
1772.97,98.834
1773.34,98.837
1773.70,98.840
1774.07,98.843
1774.44,98.846
1774.80,98.849
1775.17,98.852
1775.53,98.855
1775.90,98.858
1776.27,98.861
1776.63,98.863
1777.00,98.865
1777.37,98.869
1777.73,98.871
1778.10,98.875
1778.46,98.877
1778.83,98.880
1779.20,98.883
1779.56,98.886
1779.93,98.889
1780.30,98.892
1780.66,98.894
1781.03,98.898
1781.39,98.900
1781.76,98.904
1782.13,98.906
1782.49,98.909
1782.86,98.912
1783.23,98.915
1783.59,98.918
1783.96,98.921
1784.32,98.924
1784.69,98.926
1785.06,98.929
1785.42,98.932
1785.79,98.934
1786.15,98.938
1786.52,98.940
1786.89,98.942
1787.25,98.946
1787.62,98.948
1787.99,98.951
1788.35,98.954
1788.72,98.957
1789.08,98.959
1789.45,98.963
1789.82,98.965
1790.18,98.968
1790.55,98.971
1790.92,98.974
1791.28,98.977
1791.65,98.979
1792.01,98.981
1792.38,98.984
1792.75,98.987
1793.11,98.989
1793.48,98.993
1793.85,98.995
1794.21,98.998
1794.58,99.001
1794.94,99.004
1795.31,99.006
1795.68,99.008
1796.04,99.011
1796.41,99.013
1796.77,99.016
1797.14,99.019
1797.51,99.022
1797.87,99.024
1798.24,99.027
1798.61,99.029
1798.97,99.032
1799.34,99.035
1799.70,99.037
1800.07,99.040
1800.44,99.043
1800.80,99.045
1801.17,99.047
1801.54,99.050
1801.90,99.053
1802.27,99.055
1802.63,99.058
1803.00,99.060
1803.37,99.063
1803.73,99.066
1804.10,99.068
1804.47,99.070
1804.83,99.073
1805.20,99.076
1805.56,99.078
1805.93,99.081
1806.30,99.083
1806.66,99.085
1807.03,99.088
1807.39,99.090
1807.76,99.093
1808.13,99.095
1808.49,99.097
1808.86,99.100
1809.23,99.102
1809.59,99.105
1809.96,99.107
1810.32,99.109
1810.69,99.112
1811.06,99.114
1811.42,99.117
1811.79,99.119
1812.16,99.121
1812.52,99.124
1812.89,99.126
1813.25,99.129
1813.62,99.131
1813.99,99.133
1814.35,99.136
1814.72,99.138
1815.09,99.140
1815.45,99.142
1815.82,99.144
1816.18,99.147
1816.55,99.149
1816.92,99.151
1817.28,99.154
1817.65,99.156
1818.02,99.158
1818.38,99.160
1818.75,99.162
1819.11,99.165
1819.48,99.167
1819.85,99.169
1820.21,99.172
1820.58,99.173
1820.94,99.175
1821.31,99.178
1821.68,99.180
1822.04,99.182
1822.41,99.184
1822.78,99.186
1823.14,99.189
1823.51,99.191
1823.87,99.192
1824.24,99.195
1824.61,99.197
1824.97,99.200
1825.34,99.201
1825.71,99.203
1826.07,99.206
1826.44,99.207
1826.80,99.210
1827.17,99.212
1827.54,99.214
1827.90,99.216
1828.27,99.218
1828.64,99.219
1829.00,99.222
1829.37,99.224
1829.73,99.226
1830.10,99.227
1830.47,99.230
1830.83,99.232
1831.20,99.234
1831.56,99.236
1831.93,99.238
1832.30,99.240
1832.66,99.242
1833.03,99.243
1833.40,99.246
1833.76,99.248
1834.13,99.250
1834.49,99.251
1834.86,99.254
1835.23,99.255
1835.59,99.257
1835.96,99.260
1836.33,99.262
1836.69,99.263
1837.06,99.265
1837.42,99.267
1837.79,99.269
1838.16,99.270
1838.52,99.273
1838.89,99.275
1839.26,99.277
1839.62,99.279
1839.99,99.281
1840.35,99.282
1840.72,99.285
1841.09,99.286
1841.45,99.288
1841.82,99.290
1842.18,99.292
1842.55,99.293
1842.92,99.296
1843.28,99.298
1843.65,99.299
1844.02,99.301
1844.38,99.303
1844.75,99.304
1845.11,99.306
1845.48,99.308
1845.85,99.310
1846.21,99.312
1846.58,99.314
1846.95,99.316
1847.31,99.317
1847.68,99.320
1848.04,99.321
1848.41,99.322
1848.78,99.325
1849.14,99.326
1849.51,99.328
1849.88,99.331
1850.24,99.332
1850.61,99.334
1850.97,99.335
1851.34,99.338
1851.71,99.340
1852.07,99.341
1852.44,99.343
1852.81,99.345
1853.17,99.346
1853.54,99.348
1853.90,99.350
1854.27,99.352
1854.64,99.354
1855.00,99.356
1855.37,99.357
1855.73,99.359
1856.10,99.361
1856.47,99.363
1856.83,99.365
1857.20,99.367
1857.57,99.368
1857.93,99.370
1858.30,99.373
1858.66,99.374
1859.03,99.376
1859.40,99.378
1859.76,99.380
1860.13,99.382
1860.50,99.383
1860.86,99.385
1861.23,99.387
1861.59,99.388
1861.96,99.391
1862.33,99.393
1862.69,99.394
1863.06,99.397
1863.43,99.398
1863.79,99.400
1864.16,99.402
1864.52,99.404
1864.89,99.406
1865.26,99.407
1865.62,99.410
1865.99,99.411
1866.35,99.413
1866.72,99.416
1867.09,99.417
1867.45,99.419
1867.82,99.421
1868.19,99.423
1868.55,99.425
1868.92,99.427
1869.28,99.429
1869.65,99.431
1870.02,99.433
1870.38,99.434
1870.75,99.437
1871.12,99.439
1871.48,99.441
1871.85,99.443
1872.21,99.445
1872.58,99.447
1872.95,99.449
1873.31,99.451
1873.68,99.453
1874.05,99.456
1874.41,99.457
1874.78,99.459
1875.14,99.462
1875.51,99.464
1875.88,99.466
1876.24,99.468
1876.61,99.470
1876.98,99.472
1877.34,99.475
1877.71,99.476
1878.07,99.478
1878.44,99.481
1878.81,99.483
1879.17,99.486
1879.54,99.487
1879.90,99.489
1880.27,99.492
1880.64,99.494
1881.00,99.496
1881.37,99.499
1881.74,99.501
1882.10,99.504
1882.47,99.506
1882.83,99.508
1883.20,99.510
1883.57,99.513
1883.93,99.515
1884.30,99.517
1884.67,99.519
1885.03,99.523
1885.40,99.524
1885.76,99.527
1886.13,99.529
1886.50,99.531
1886.86,99.535
1887.23,99.537
1887.60,99.539
1887.96,99.541
1888.33,99.544
1888.69,99.546
1889.06,99.549
1889.43,99.552
1889.79,99.554
1890.16,99.557
1890.52,99.559
1890.89,99.562
1891.26,99.565
1891.62,99.567
1891.99,99.570
1892.36,99.573
1892.72,99.576
1893.09,99.578
1893.45,99.581
1893.82,99.584
1894.19,99.587
1894.55,99.589
1894.92,99.592
1895.29,99.595
1895.65,99.597
1896.02,99.600
1896.38,99.603
1896.75,99.606
1897.12,99.608
1897.48,99.612
1897.85,99.614
1898.22,99.618
1898.58,99.620
1898.95,99.624
1899.31,99.626
1899.68,99.629
1900.05,99.632
1900.41,99.635
1900.78,99.638
1901.14,99.641
1901.51,99.644
1901.88,99.648
1902.24,99.650
1902.61,99.654
1902.98,99.657
1903.34,99.660
1903.71,99.663
1904.07,99.666
1904.44,99.669
1904.81,99.673
1905.17,99.676
1905.54,99.679
1905.91,99.682
1906.27,99.686
1906.64,99.689
1907.00,99.692
1907.37,99.695
1907.74,99.699
1908.10,99.702
1908.47,99.706
1908.84,99.709
1909.20,99.712
1909.57,99.716
1909.93,99.719
1910.30,99.723
1910.67,99.726
1911.03,99.730
1911.40,99.733
1911.77,99.737
1912.13,99.740
1912.50,99.744
1912.86,99.748
1913.23,99.751
1913.60,99.755
1913.96,99.758
1914.33,99.762
1914.69,99.766
1915.06,99.769
1915.43,99.773
1915.79,99.776
1916.16,99.780
1916.53,99.784
1916.89,99.788
1917.26,99.791
1917.62,99.795
1917.99,99.799
1918.36,99.803
1918.72,99.807
1919.09,99.811
1919.46,99.814
1919.82,99.818
1920.19,99.822
1920.55,99.826
1920.92,99.830
1921.29,99.834
1921.65,99.838
1922.02,99.842
1922.39,99.846
1922.75,99.850
1923.12,99.855
1923.48,99.858
1923.85,99.862
1924.22,99.866
1924.58,99.870
1924.95,99.874
1925.31,99.879
1925.68,99.882
1926.05,99.887
1926.41,99.891
1926.78,99.895
1927.15,99.899
1927.51,99.904
1927.88,99.908
1928.24,99.912
1928.61,99.916
1928.98,99.921
1929.34,99.924
1929.71,99.929
1930.08,99.933
1930.44,99.938
1930.81,99.942
1931.17,99.947
1931.54,99.951
1931.91,99.955
1932.27,99.959
1932.64,99.964
1933.01,99.969
1933.37,99.972
1933.74,99.977
1934.10,99.982
1934.47,99.986
1934.84,99.990
1935.20,99.995
1935.57,100.000
1935.93,100.004
1936.30,100.008
1936.67,100.013
1937.03,100.017
1937.40,100.022
1937.77,100.026
1938.13,100.031
1938.50,100.036
1938.86,100.041
1939.23,100.045
1939.60,100.050
1939.96,100.054
1940.33,100.059
1940.70,100.064
1941.06,100.069
1941.43,100.073
1941.79,100.078
1942.16,100.082
1942.53,100.087
1942.89,100.091
1943.26,100.096
1943.63,100.101
1943.99,100.106
1944.36,100.111
1944.72,100.115
1945.09,100.120
1945.46,100.124
1945.82,100.130
1946.19,100.134
1946.56,100.139
1946.92,100.143
1947.29,100.148
1947.65,100.153
1948.02,100.158
1948.39,100.163
1948.75,100.168
1949.12,100.173
1949.48,100.178
1949.85,100.182
1950.22,100.187
1950.58,100.192
1950.95,100.197
1951.32,100.202
1951.68,100.207
1952.05,100.212
1952.41,100.216
1952.78,100.221
1953.15,100.226
1953.51,100.231
1953.88,100.236
1954.25,100.240
1954.61,100.246
1954.98,100.251
1955.34,100.256
1955.71,100.261
1956.08,100.266
1956.44,100.270
1956.81,100.275
1957.18,100.280
1957.54,100.285
1957.91,100.291
1958.27,100.295
1958.64,100.300
1959.01,100.305
1959.37,100.310
1959.74,100.315
1960.10,100.320
1960.47,100.325
1960.84,100.329
1961.20,100.335
1961.57,100.340
1961.94,100.344
1962.30,100.350
1962.67,100.355
1963.03,100.359
1963.40,100.364
1963.77,100.369
1964.13,100.374
1964.50,100.379
1964.87,100.384
1965.23,100.389
1965.60,100.394
1965.96,100.399
1966.33,100.404
1966.70,100.409
1967.06,100.413
1967.43,100.418
1967.80,100.424
1968.16,100.428
1968.53,100.433
1968.89,100.439
1969.26,100.444
1969.63,100.448
1969.99,100.453
1970.36,100.459
1970.73,100.464
1971.09,100.469
1971.46,100.473
1971.82,100.478
1972.19,100.483
1972.56,100.488
1972.92,100.493
1973.29,100.498
1973.65,100.502
1974.02,100.507
1974.39,100.512
1974.75,100.517
1975.12,100.522
1975.49,100.527
1975.85,100.532
1976.22,100.536
1976.58,100.541
1976.95,100.546
1977.32,100.551
1977.68,100.556
1978.05,100.561
1978.42,100.566
1978.78,100.570
1979.15,100.576
1979.51,100.580
1979.88,100.585
1980.25,100.590
1980.61,100.595
1980.98,100.600
1981.35,100.605
1981.71,100.609
1982.08,100.614
1982.44,100.618
1982.81,100.623
1983.18,100.629
1983.54,100.633
1983.91,100.637
1984.27,100.642
1984.64,100.647
1985.01,100.652
1985.37,100.656
1985.74,100.661
1986.11,100.666
1986.47,100.671
1986.84,100.675
1987.20,100.680
1987.57,100.685
1987.94,100.689
1988.30,100.694
1988.67,100.698
1989.04,100.703
1989.40,100.708
1989.77,100.713
1990.13,100.717
1990.50,100.722
1990.87,100.727
1991.23,100.731
1991.60,100.736
1991.97,100.740
1992.33,100.745
1992.70,100.749
1993.06,100.754
1993.43,100.758
1993.80,100.763
1994.16,100.767
1994.53,100.772
1994.89,100.776
1995.26,100.781
1995.63,100.785
1995.99,100.790
1996.36,100.794
1996.73,100.799
1997.09,100.803
1997.46,100.808
1997.82,100.812
1998.19,100.816
1998.56,100.821
1998.92,100.826
1999.29,100.830
1999.66,100.834
2000.02,100.839
2000.39,100.843
2000.75,100.847
2001.12,100.852
2001.49,100.856
2001.85,100.861
2002.22,100.864
2002.59,100.869
2002.95,100.873
2003.32,100.877
2003.68,100.881
2004.05,100.886
2004.42,100.891
2004.78,100.894
2005.15,100.898
2005.52,100.903
2005.88,100.907
2006.25,100.911
2006.61,100.916
2006.98,100.919
2007.35,100.924
2007.71,100.928
2008.08,100.932
2008.44,100.936
2008.81,100.941
2009.18,100.945
2009.54,100.948
2009.91,100.953
2010.28,100.957
2010.64,100.961
2011.01,100.965
2011.37,100.970
2011.74,100.973
2012.11,100.977
2012.47,100.981
2012.84,100.986
2013.21,100.989
2013.57,100.993
2013.94,100.998
2014.30,101.001
2014.67,101.005
2015.04,101.010
2015.40,101.013
2015.77,101.017
2016.14,101.021
2016.50,101.025
2016.87,101.029
2017.23,101.033
2017.60,101.037
2017.97,101.041
2018.33,101.044
2018.70,101.048
2019.06,101.053
2019.43,101.056
2019.80,101.060
2020.16,101.064
2020.53,101.067
2020.90,101.072
2021.26,101.075
2021.63,101.079
2021.99,101.082
2022.36,101.087
2022.73,101.090
2023.09,101.094
2023.46,101.097
2023.83,101.102
2024.19,101.105
2024.56,101.108
2024.92,101.113
2025.29,101.117
2025.66,101.120
2026.02,101.124
2026.39,101.127
2026.76,101.131
2027.12,101.135
2027.49,101.138
2027.85,101.142
2028.22,101.145
2028.59,101.149
2028.95,101.153
2029.32,101.156
2029.68,101.160
2030.05,101.163
2030.42,101.167
2030.78,101.171
2031.15,101.174
2031.52,101.178
2031.88,101.181
2032.25,101.184
2032.61,101.188
2032.98,101.192
2033.35,101.195
2033.71,101.198
2034.08,101.202
2034.45,101.206
2034.81,101.209
2035.18,101.213
2035.54,101.215
2035.91,101.219
2036.28,101.222
2036.64,101.226
2037.01,101.230
2037.38,101.233
2037.74,101.237
2038.11,101.239
2038.47,101.243
2038.84,101.246
2039.21,101.250
2039.57,101.254
2039.94,101.257
2040.31,101.260
2040.67,101.263
2041.04,101.267
2041.40,101.270
2041.77,101.273
2042.14,101.276
2042.50,101.280
2042.87,101.283
2043.23,101.287
2043.60,101.290
2043.97,101.292
2044.33,101.296
2044.70,101.299
2045.07,101.302
2045.43,101.305
2045.80,101.309
2046.16,101.312
2046.53,101.315
2046.90,101.319
2047.26,101.322
2047.63,101.325
2048.00,101.328
2048.36,101.331
2048.73,101.334
2049.09,101.338
2049.46,101.341
2049.83,101.344
2050.19,101.347
2050.56,101.350
2050.93,101.353
2051.29,101.357
2051.66,101.359
2052.02,101.362
2052.39,101.365
2052.76,101.368
2053.12,101.372
2053.49,101.375
2053.85,101.378
2054.22,101.380
2054.59,101.384
2054.95,101.387
2055.32,101.390
2055.69,101.393
2056.05,101.396
2056.42,101.399
2056.78,101.401
2057.15,101.405
2057.52,101.407
2057.88,101.411
2058.25,101.414
2058.62,101.417
2058.98,101.420
2059.35,101.422
2059.71,101.426
2060.08,101.428
2060.45,101.432
2060.81,101.434
2061.18,101.438
2061.55,101.441
2061.91,101.444
2062.28,101.446
2062.64,101.450
2063.01,101.452
2063.38,101.455
2063.74,101.458
2064.11,101.461
2064.48,101.463
2064.84,101.466
2065.21,101.470
2065.57,101.472
2065.94,101.475
2066.31,101.478
2066.67,101.481
2067.04,101.484
2067.40,101.487
2067.77,101.489
2068.14,101.492
2068.50,101.495
2068.87,101.498
2069.24,101.500
2069.60,101.504
2069.97,101.507
2070.33,101.509
2070.70,101.511
2071.07,101.514
2071.43,101.517
2071.80,101.520
2072.17,101.523
2072.53,101.525
2072.90,101.528
2073.26,101.531
2073.63,101.534
2074.00,101.536
2074.36,101.540
2074.73,101.542
2075.10,101.545
2075.46,101.547
2075.83,101.550
2076.19,101.553
2076.56,101.555
2076.93,101.559
2077.29,101.561
2077.66,101.564
2078.02,101.566
2078.39,101.569
2078.76,101.572
2079.12,101.575
2079.49,101.577
2079.86,101.580
2080.22,101.583
2080.59,101.585
2080.95,101.588
2081.32,101.590
2081.69,101.593
2082.05,101.596
2082.42,101.599
2082.79,101.601
2083.15,101.603
2083.52,101.607
2083.88,101.609
2084.25,101.612
2084.62,101.614
2084.98,101.617
2085.35,101.620
2085.72,101.622
2086.08,101.624
2086.45,101.627
2086.81,101.630
2087.18,101.632
2087.55,101.635
2087.91,101.637
2088.28,101.640
2088.64,101.643
2089.01,101.645
2089.38,101.647
2089.74,101.650
2090.11,101.653
2090.48,101.655
2090.84,101.658
2091.21,101.660
2091.57,101.663
2091.94,101.666
2092.31,101.668
2092.67,101.671
2093.04,101.673
2093.41,101.675
2093.77,101.678
2094.14,101.680
2094.50,101.684
2094.87,101.685
2095.24,101.688
2095.60,101.691
2095.97,101.694
2096.34,101.696
2096.70,101.698
2097.07,101.701
2097.43,101.703
2097.80,101.706
2098.17,101.708
2098.53,101.710
2098.90,101.713
2099.27,101.715
2099.63,101.718
2100.00,101.720
2100.36,101.722
2100.73,101.725
2101.10,101.727
2101.46,101.730
2101.83,101.733
2102.19,101.734
2102.56,101.737
2102.93,101.740
2103.29,101.742
2103.66,101.744
2104.03,101.747
2104.39,101.749
2104.76,101.751
2105.12,101.754
2105.49,101.757
2105.86,101.759
2106.22,101.761
2106.59,101.763
2106.96,101.766
2107.32,101.769
2107.69,101.771
2108.05,101.773
2108.42,101.775
2108.79,101.778
2109.15,101.780
2109.52,101.782
2109.89,101.785
2110.25,101.787
2110.62,101.790
2110.98,101.791
2111.35,101.794
2111.72,101.797
2112.08,101.799
2112.45,101.802
2112.81,101.803
2113.18,101.806
2113.55,101.808
2113.91,101.810
2114.28,101.813
2114.65,101.815
2115.01,101.817
2115.38,101.820
2115.74,101.822
2116.11,101.824
2116.48,101.827
2116.84,101.828
2117.21,101.832
2117.58,101.834
2117.94,101.836
2118.31,101.838
2118.67,101.840
2119.04,101.843
2119.41,101.844
2119.77,101.847
2120.14,101.849
2120.51,101.852
2120.87,101.854
2121.24,101.856
2121.60,101.858
2121.97,101.861
2122.34,101.863
2122.70,101.865
2123.07,101.867
2123.44,101.870
2123.80,101.872
2124.17,101.874
2124.53,101.876
2124.90,101.879
2125.27,101.880
2125.63,101.883
2126.00,101.885
2126.36,101.887
2126.73,101.889
2127.10,101.892
2127.46,101.894
2127.83,101.897
2128.20,101.898
2128.56,101.900
2128.93,101.903
2129.29,101.905
2129.66,101.907
2130.03,101.909
2130.39,101.911
2130.76,101.913
2131.13,101.916
2131.49,101.917
2131.86,101.920
2132.22,101.922
2132.59,101.924
2132.96,101.927
2133.32,101.929
2133.69,101.931
2134.06,101.933
2134.42,101.935
2134.79,101.938
2135.15,101.940
2135.52,101.941
2135.89,101.944
2136.25,101.946
2136.62,101.948
2136.98,101.950
2137.35,101.953
2137.72,101.954
2138.08,101.957
2138.45,101.959
2138.82,101.961
2139.18,101.963
2139.55,101.965
2139.91,101.967
2140.28,101.969
2140.65,101.971
2141.01,101.974
2141.38,101.975
2141.75,101.977
2142.11,101.980
2142.48,101.981
2142.84,101.983
2143.21,101.987
2143.58,101.989
2143.94,101.990
2144.31,101.993
2144.68,101.995
2145.04,101.996
2145.41,101.999
2145.77,102.001
2146.14,102.002
2146.51,102.005
2146.87,102.007
2147.24,102.009
2147.60,102.011
2147.97,102.013
2148.34,102.015
2148.70,102.017
2149.07,102.019
2149.44,102.022
2149.80,102.023
2150.17,102.025
2150.53,102.028
2150.90,102.029
2151.27,102.031
2151.63,102.034
2152.00,102.035
2152.37,102.037
2152.73,102.040
2153.10,102.041
2153.46,102.043
2153.83,102.046
2154.20,102.047
2154.56,102.049
2154.93,102.052
2155.30,102.053
2155.66,102.055
2156.03,102.058
2156.39,102.060
2156.76,102.062
2157.13,102.064
2157.49,102.066
2157.86,102.068
2158.23,102.070
2158.59,102.072
2158.96,102.074
2159.32,102.076
2159.69,102.078
2160.06,102.080
2160.42,102.082
2160.79,102.084
2161.15,102.086
2161.52,102.088
2161.89,102.090
2162.25,102.092
2162.62,102.094
2162.99,102.096
2163.35,102.098
2163.72,102.100
2164.08,102.102
2164.45,102.104
2164.82,102.106
2165.18,102.108
2165.55,102.110
2165.92,102.112
2166.28,102.114
2166.65,102.116
2167.01,102.118
2167.38,102.119
2167.75,102.121
2168.11,102.124
2168.48,102.126
2168.85,102.128
2169.21,102.130
2169.58,102.132
2169.94,102.133
2170.31,102.136
2170.68,102.138
2171.04,102.139
2171.41,102.142
2171.77,102.144
2172.14,102.145
2172.51,102.147
2172.87,102.149
2173.24,102.151
2173.61,102.153
2173.97,102.155
2174.34,102.157
2174.70,102.159
2175.07,102.161
2175.44,102.163
2175.80,102.165
2176.17,102.166
2176.54,102.168
2176.90,102.171
2177.27,102.172
2177.63,102.174
2178.00,102.176
2178.37,102.178
2178.73,102.180
2179.10,102.183
2179.47,102.184
2179.83,102.186
2180.20,102.188
2180.56,102.190
2180.93,102.192
2181.30,102.194
2181.66,102.196
2182.03,102.197
2182.39,102.200
2182.76,102.201
2183.13,102.203
2183.49,102.206
2183.86,102.208
2184.23,102.209
2184.59,102.211
2184.96,102.213
2185.32,102.215
2185.69,102.216
2186.06,102.219
2186.42,102.221
2186.79,102.222
2187.16,102.225
2187.52,102.227
2187.89,102.228
2188.25,102.230
2188.62,102.232
2188.99,102.234
2189.35,102.236
2189.72,102.238
2190.09,102.239
2190.45,102.241
2190.82,102.243
2191.18,102.245
2191.55,102.247
2191.92,102.249
2192.28,102.251
2192.65,102.253
2193.02,102.255
2193.38,102.257
2193.75,102.258
2194.11,102.260
2194.48,102.262
2194.85,102.264
2195.21,102.266
2195.58,102.268
2195.94,102.270
2196.31,102.272
2196.68,102.273
2197.04,102.275
2197.41,102.277
2197.78,102.279
2198.14,102.280
2198.51,102.283
2198.87,102.285
2199.24,102.286
2199.61,102.288
2199.97,102.291
2200.34,102.292
2200.71,102.294
2201.07,102.296
2201.44,102.297
2201.80,102.300
2202.17,102.302
2202.54,102.303
2202.90,102.305
2203.27,102.307
2203.64,102.309
2204.00,102.310
2204.37,102.312
2204.73,102.315
2205.10,102.316
2205.47,102.319
2205.83,102.320
2206.20,102.322
2206.56,102.324
2206.93,102.326
2207.30,102.328
2207.66,102.329
2208.03,102.331
2208.40,102.333
2208.76,102.335
2209.13,102.337
2209.49,102.338
2209.86,102.341
2210.23,102.342
2210.59,102.344
2210.96,102.346
2211.33,102.347
2211.69,102.350
2212.06,102.352
2212.42,102.353
2212.79,102.355
2213.16,102.357
2213.52,102.359
2213.89,102.361
2214.26,102.362
2214.62,102.364
2214.99,102.366
2215.35,102.368
2215.72,102.370
2216.09,102.371
2216.45,102.374
2216.82,102.375
2217.19,102.377
2217.55,102.379
2217.92,102.380
2218.28,102.382
2218.65,102.384
2219.02,102.386
2219.38,102.388
2219.75,102.390
2220.11,102.392
2220.48,102.393
2220.85,102.395
2221.21,102.397
2221.58,102.398
2221.95,102.400
2222.31,102.403
2222.68,102.404
2223.04,102.406
2223.41,102.408
2223.78,102.410
2224.14,102.411
2224.51,102.413
2224.88,102.415
2225.24,102.417
2225.61,102.418
2225.97,102.421
2226.34,102.422
2226.71,102.424
2227.07,102.426
2227.44,102.428
2227.81,102.429
2228.17,102.431
2228.54,102.433
2228.90,102.435
2229.27,102.436
2229.64,102.439
2230.00,102.440
2230.37,102.442
2230.73,102.444
2231.10,102.446
2231.47,102.447
2231.83,102.450
2232.20,102.451
2232.57,102.453
2232.93,102.454
2233.30,102.457
2233.66,102.458
2234.03,102.459
2234.40,102.462
2234.76,102.463
2235.13,102.465
2235.50,102.466
2235.86,102.469
2236.23,102.471
2236.59,102.472
2236.96,102.474
2237.33,102.476
2237.69,102.477
2238.06,102.480
2238.43,102.481
2238.79,102.483
2239.16,102.484
2239.52,102.486
2239.89,102.488
2240.26,102.489
2240.62,102.492
2240.99,102.493
2241.35,102.495
2241.72,102.496
2242.09,102.499
2242.45,102.500
2242.82,102.502
2243.19,102.504
2243.55,102.505
2243.92,102.507
2244.28,102.509
2244.65,102.511
2245.02,102.512
2245.38,102.514
2245.75,102.516
2246.12,102.518
2246.48,102.519
2246.85,102.521
2247.21,102.523
2247.58,102.525
2247.95,102.526
2248.31,102.528
2248.68,102.530
2249.05,102.531
2249.41,102.533
2249.78,102.535
2250.14,102.536
2250.51,102.538
2250.88,102.540
2251.24,102.542
2251.61,102.543
2251.98,102.545
2252.34,102.547
2252.71,102.548
2253.07,102.550
2253.44,102.552
2253.81,102.553
2254.17,102.555
2254.54,102.557
2254.90,102.559
2255.27,102.561
2255.64,102.562
2256.00,102.564
2256.37,102.566
2256.74,102.567
2257.10,102.569
2257.47,102.571
2257.83,102.572
2258.20,102.574
2258.57,102.576
2258.93,102.578
2259.30,102.579
2259.67,102.581
2260.03,102.583
2260.40,102.584
2260.76,102.586
2261.13,102.588
2261.50,102.590
2261.86,102.591
2262.23,102.593
2262.60,102.594
2262.96,102.596
2263.33,102.598
2263.69,102.600
2264.06,102.601
2264.43,102.602
2264.79,102.604
2265.16,102.606
2265.52,102.608
2265.89,102.609
2266.26,102.611
2266.62,102.612
2266.99,102.614
2267.36,102.616
2267.72,102.618
2268.09,102.619
2268.45,102.621
2268.82,102.623
2269.19,102.624
2269.55,102.626
2269.92,102.627
2270.29,102.629
2270.65,102.630
2271.02,102.632
2271.38,102.634
2271.75,102.636
2272.12,102.637
2272.48,102.639
2272.85,102.641
2273.22,102.642
2273.58,102.644
2273.95,102.645
2274.31,102.647
2274.68,102.648
2275.05,102.650
2275.41,102.652
2275.78,102.654
2276.14,102.655
2276.51,102.657
2276.88,102.659
2277.24,102.660
2277.61,102.662
2277.98,102.663
2278.34,102.665
2278.71,102.666
2279.07,102.668
2279.44,102.670
2279.81,102.671
2280.17,102.673
2280.54,102.674
2280.91,102.676
2281.27,102.678
2281.64,102.679
2282.00,102.681
2282.37,102.683
2282.74,102.684
2283.10,102.686
2283.47,102.688
2283.84,102.689
2284.20,102.691
2284.57,102.692
2284.93,102.694
2285.30,102.696
2285.67,102.697
2286.03,102.698
2286.40,102.701
2286.77,102.702
2287.13,102.703
2287.50,102.705
2287.86,102.707
2288.23,102.708
2288.60,102.709
2288.96,102.711
2289.33,102.713
2289.69,102.714
2290.06,102.716
2290.43,102.718
2290.79,102.719
2291.16,102.721
2291.53,102.722
2291.89,102.724
2292.26,102.725
2292.62,102.727
2292.99,102.728
2293.36,102.730
2293.72,102.732
2294.09,102.733
2294.46,102.734
2294.82,102.736
2295.19,102.737
2295.55,102.739
2295.92,102.740
2296.29,102.742
2296.65,102.743
2297.02,102.745
2297.39,102.747
2297.75,102.748
2298.12,102.750
2298.48,102.751
2298.85,102.753
2299.22,102.755
2299.58,102.756
2299.95,102.757
2300.31,102.760
2300.68,102.761
2301.05,102.762
2301.41,102.763
2301.78,102.766
2302.15,102.767
2302.51,102.768
2302.88,102.770
2303.24,102.771
2303.61,102.773
2303.98,102.774
2304.34,102.776
2304.71,102.777
2305.08,102.779
2305.44,102.781
2305.81,102.782
2306.17,102.783
2306.54,102.785
2306.91,102.787
2307.27,102.787
2307.64,102.789
2308.01,102.791
2308.37,102.792
2308.74,102.793
2309.10,102.796
2309.47,102.797
2309.84,102.798
2310.20,102.799
2310.57,102.802
2310.94,102.803
2311.30,102.804
2311.67,102.806
2312.03,102.807
2312.40,102.809
2312.77,102.810
2313.13,102.811
2313.50,102.813
2313.86,102.815
2314.23,102.816
2314.60,102.817
2314.96,102.819
2315.33,102.820
2315.70,102.822
2316.06,102.823
2316.43,102.825
2316.79,102.826
2317.16,102.828
2317.53,102.829
2317.89,102.831
2318.26,102.832
2318.63,102.834
2318.99,102.835
2319.36,102.837
2319.72,102.838
2320.09,102.839
2320.46,102.840
2320.82,102.842
2321.19,102.844
2321.56,102.845
2321.92,102.846
2322.29,102.848
2322.65,102.850
2323.02,102.851
2323.39,102.852
2323.75,102.853
2324.12,102.856
2324.48,102.856
2324.85,102.858
2325.22,102.859
2325.58,102.861
2325.95,102.863
2326.32,102.863
2326.68,102.865
2327.05,102.867
2327.41,102.868
2327.78,102.870
2328.15,102.871
2328.51,102.873
2328.88,102.874
2329.25,102.875
2329.61,102.877
2329.98,102.878
2330.34,102.880
2330.71,102.880
2331.08,102.882
2331.44,102.884
2331.81,102.885
2332.18,102.887
2332.54,102.888
2332.91,102.889
2333.27,102.891
2333.64,102.892
2334.01,102.894
2334.37,102.895
2334.74,102.897
2335.10,102.898
2335.47,102.899
2335.84,102.900
2336.20,102.902
2336.57,102.903
2336.94,102.904
2337.30,102.906
2337.67,102.907
2338.03,102.909
2338.40,102.910
2338.77,102.912
2339.13,102.913
2339.50,102.915
2339.87,102.916
2340.23,102.917
2340.60,102.918
2340.96,102.920
2341.33,102.921
2341.70,102.923
2342.06,102.924
2342.43,102.925
2342.80,102.927
2343.16,102.928
2343.53,102.930
2343.89,102.931
2344.26,102.932
2344.63,102.934
2344.99,102.935
2345.36,102.936
2345.73,102.938
2346.09,102.939
2346.46,102.941
2346.82,102.942
2347.19,102.944
2347.56,102.945
2347.92,102.946
2348.29,102.947
2348.65,102.948
2349.02,102.950
2349.39,102.951
2349.75,102.953
2350.12,102.954
2350.49,102.956
2350.85,102.957
2351.22,102.958
2351.58,102.959
2351.95,102.961
2352.32,102.962
2352.68,102.963
2353.05,102.965
2353.42,102.966
2353.78,102.968
2354.15,102.969
2354.51,102.970
2354.88,102.971
2355.25,102.973
2355.61,102.974
2355.98,102.976
2356.35,102.977
2356.71,102.978
2357.08,102.980
2357.44,102.981
2357.81,102.982
2358.18,102.984
2358.54,102.985
2358.91,102.986
2359.27,102.987
2359.64,102.989
2360.01,102.990
2360.37,102.992
2360.74,102.993
2361.11,102.994
2361.47,102.995
2361.84,102.997
2362.20,102.998
2362.57,102.999
2362.94,103.001
2363.30,103.002
2363.67,103.004
2364.04,103.005
2364.40,103.006
2364.77,103.007
2365.13,103.009
2365.50,103.010
2365.87,103.011
2366.23,103.012
2366.60,103.014
2366.97,103.016
2367.33,103.017
2367.70,103.018
2368.06,103.019
2368.43,103.020
2368.80,103.022
2369.16,103.023
2369.53,103.024
2369.89,103.025
2370.26,103.027
2370.63,103.028
2370.99,103.029
2371.36,103.031
2371.73,103.032
2372.09,103.034
2372.46,103.035
2372.82,103.036
2373.19,103.037
2373.56,103.038
2373.92,103.040
2374.29,103.041
2374.66,103.042
2375.02,103.043
2375.39,103.044
2375.75,103.047
2376.12,103.047
2376.49,103.048
2376.85,103.050
2377.22,103.051
2377.59,103.053
2377.95,103.054
2378.32,103.055
2378.68,103.056
2379.05,103.058
2379.42,103.059
2379.78,103.060
2380.15,103.061
2380.52,103.062
2380.88,103.064
2381.25,103.066
2381.61,103.066
2381.98,103.067
2382.35,103.069
2382.71,103.070
2383.08,103.072
2383.44,103.073
2383.81,103.074
2384.18,103.075
2384.54,103.076
2384.91,103.078
2385.28,103.079
2385.64,103.081
2386.01,103.082
2386.37,103.082
2386.74,103.084
2387.11,103.085
2387.47,103.087
2387.84,103.088
2388.21,103.089
2388.57,103.090
2388.94,103.091
2389.30,103.093
2389.67,103.094
2390.04,103.095
2390.40,103.096
2390.77,103.098
2391.14,103.099
2391.50,103.100
2391.87,103.102
2392.23,103.102
2392.60,103.103
2392.97,103.105
2393.33,103.106
2393.70,103.108
2394.06,103.108
2394.43,103.109
2394.80,103.112
2395.16,103.112
2395.53,103.114
2395.90,103.114
2396.26,103.116
2396.63,103.118
2396.99,103.118
2397.36,103.120
2397.73,103.121
2398.09,103.122
2398.46,103.123
2398.83,103.124
2399.19,103.126
2399.56,103.127
2399.92,103.128
2400.29,103.129
2400.66,103.131
2401.02,103.132
2401.39,103.133
2401.76,103.134
2402.12,103.135
2402.49,103.137
2402.85,103.138
2403.22,103.139
2403.59,103.140
2403.95,103.142
2404.32,103.143
2404.69,103.143
2405.05,103.145
2405.42,103.146
2405.78,103.148
2406.15,103.149
2406.52,103.149
2406.88,103.150
2407.25,103.152
2407.61,103.154
2407.98,103.155
2408.35,103.155
2408.71,103.156
2409.08,103.158
2409.45,103.160
2409.81,103.160
2410.18,103.161
2410.54,103.162
2410.91,103.163
2411.28,103.165
2411.64,103.166
2412.01,103.167
2412.38,103.168
2412.74,103.169
2413.11,103.171
2413.47,103.172
2413.84,103.173
2414.21,103.174
2414.57,103.175
2414.94,103.177
2415.31,103.178
2415.67,103.179
2416.04,103.180
2416.40,103.181
2416.77,103.183
2417.14,103.184
2417.50,103.184
2417.87,103.186
2418.23,103.187
2418.60,103.188
2418.97,103.190
2419.33,103.191
2419.70,103.191
2420.07,103.192
2420.43,103.194
2420.80,103.195
2421.16,103.196
2421.53,103.197
2421.90,103.198
2422.26,103.200
2422.63,103.201
2423.00,103.202
2423.36,103.203
2423.73,103.204
2424.09,103.205
2424.46,103.206
2424.83,103.208
2425.19,103.209
2425.56,103.210
2425.93,103.211
2426.29,103.212
2426.66,103.213
2427.02,103.214
2427.39,103.215
2427.76,103.216
2428.12,103.218
2428.49,103.219
2428.85,103.220
2429.22,103.221
2429.59,103.222
2429.95,103.224
2430.32,103.225
2430.69,103.225
2431.05,103.227
2431.42,103.227
2431.78,103.228
2432.15,103.230
2432.52,103.231
2432.88,103.232
2433.25,103.233
2433.62,103.234
2433.98,103.235
2434.35,103.237
2434.71,103.238
2435.08,103.239
2435.45,103.240
2435.81,103.241
2436.18,103.242
2436.55,103.243
2436.91,103.245
2437.28,103.245
2437.64,103.246
2438.01,103.248
2438.38,103.249
2438.74,103.249
2439.11,103.251
2439.48,103.252
2439.84,103.253
2440.21,103.254
2440.57,103.255
2440.94,103.256
2441.31,103.257
2441.67,103.258
2442.04,103.260
2442.40,103.261
2442.77,103.262
2443.14,103.262
2443.50,103.263
2443.87,103.264
2444.24,103.266
2444.60,103.267
2444.97,103.268
2445.33,103.269
2445.70,103.270
2446.07,103.271
2446.43,103.272
2446.80,103.273
2447.17,103.275
2447.53,103.275
2447.90,103.276
2448.26,103.278
2448.63,103.279
2449.00,103.279
2449.36,103.281
2449.73,103.281
2450.10,103.283
2450.46,103.284
2450.83,103.285
2451.19,103.286
2451.56,103.287
2451.93,103.288
2452.29,103.289
2452.66,103.290
2453.02,103.291
2453.39,103.293
2453.76,103.293
2454.12,103.294
2454.49,103.296
2454.86,103.296
2455.22,103.297
2455.59,103.299
2455.95,103.300
2456.32,103.301
2456.69,103.302
2457.05,103.303
2457.42,103.303
2457.79,103.304
2458.15,103.305
2458.52,103.307
2458.88,103.308
2459.25,103.309
2459.62,103.310
2459.98,103.311
2460.35,103.312
2460.72,103.313
2461.08,103.314
2461.45,103.316
2461.81,103.316
2462.18,103.317
2462.55,103.318
2462.91,103.319
2463.28,103.320
2463.64,103.321
2464.01,103.322
2464.38,103.323
2464.74,103.325
2465.11,103.326
2465.48,103.326
2465.84,103.328
2466.21,103.329
2466.57,103.329
2466.94,103.330
2467.31,103.332
2467.67,103.333
2468.04,103.334
2468.41,103.334
2468.77,103.335
2469.14,103.337
2469.50,103.338
2469.87,103.339
2470.24,103.340
2470.60,103.340
2470.97,103.341
2471.34,103.343
2471.70,103.344
2472.07,103.344
2472.43,103.346
2472.80,103.346
2473.17,103.347
2473.53,103.349
2473.90,103.350
2474.27,103.350
2474.63,103.352
2475.00,103.352
2475.36,103.353
2475.73,103.355
2476.10,103.356
2476.46,103.356
2476.83,103.357
2477.19,103.358
2477.56,103.359
2477.93,103.361
2478.29,103.362
2478.66,103.363
2479.03,103.363
2479.39,103.364
2479.76,103.365
2480.12,103.367
2480.49,103.368
2480.86,103.368
2481.22,103.370
2481.59,103.370
2481.96,103.371
2482.32,103.372
2482.69,103.373
2483.05,103.374
2483.42,103.376
2483.79,103.376
2484.15,103.377
2484.52,103.378
2484.89,103.379
2485.25,103.380
2485.62,103.381
2485.98,103.382
2486.35,103.383
2486.72,103.383
2487.08,103.385
2487.45,103.386
2487.81,103.387
2488.18,103.388
2488.55,103.389
2488.91,103.390
2489.28,103.391
2489.65,103.392
2490.01,103.392
2490.38,103.394
2490.74,103.395
2491.11,103.396
2491.48,103.397
2491.84,103.398
2492.21,103.398
2492.58,103.400
2492.94,103.400
2493.31,103.401
2493.67,103.402
2494.04,103.403
2494.41,103.405
2494.77,103.405
2495.14,103.406
2495.51,103.407
2495.87,103.408
2496.24,103.409
2496.60,103.410
2496.97,103.411
2497.34,103.412
2497.70,103.412
2498.07,103.414
2498.44,103.415
2498.80,103.416
2499.17,103.417
2499.53,103.418
2499.90,103.418
2500.27,103.419
2500.63,103.421
2501.00,103.422
2501.36,103.422
2501.73,103.423
2502.10,103.424
2502.46,103.425
2502.83,103.427
2503.20,103.427
2503.56,103.428
2503.93,103.429
2504.29,103.430
2504.66,103.431
2505.03,103.431
2505.39,103.433
2505.76,103.434
2506.13,103.434
2506.49,103.436
2506.86,103.436
2507.22,103.438
2507.59,103.439
2507.96,103.439
2508.32,103.441
2508.69,103.441
2509.06,103.442
2509.42,103.443
2509.79,103.444
2510.15,103.445
2510.52,103.446
2510.89,103.446
2511.25,103.448
2511.62,103.449
2511.98,103.450
2512.35,103.451
2512.72,103.451
2513.08,103.453
2513.45,103.453
2513.82,103.454
2514.18,103.455
2514.55,103.456
2514.91,103.457
2515.28,103.458
2515.65,103.459
2516.01,103.460
2516.38,103.461
2516.75,103.462
2517.11,103.463
2517.48,103.464
2517.84,103.464
2518.21,103.465
2518.58,103.466
2518.94,103.468
2519.31,103.468
2519.68,103.469
2520.04,103.470
2520.41,103.471
2520.77,103.472
2521.14,103.472
2521.51,103.474
2521.87,103.475
2522.24,103.476
2522.60,103.477
2522.97,103.477
2523.34,103.478
2523.70,103.480
2524.07,103.481
2524.44,103.481
2524.80,103.482
2525.17,103.483
2525.53,103.484
2525.90,103.485
2526.27,103.486
2526.63,103.487
2527.00,103.488
2527.37,103.488
2527.73,103.489
2528.10,103.490
2528.46,103.492
2528.83,103.493
2529.20,103.493
2529.56,103.495
2529.93,103.495
2530.30,103.496
2530.66,103.497
2531.03,103.498
2531.39,103.499
2531.76,103.499
2532.13,103.501
2532.49,103.501
2532.86,103.502
2533.23,103.503
2533.59,103.504
2533.96,103.505
2534.32,103.506
2534.69,103.507
2535.06,103.507
2535.42,103.508
2535.79,103.510
2536.15,103.511
2536.52,103.512
2536.89,103.513
2537.25,103.513
2537.62,103.514
2537.99,103.516
2538.35,103.517
2538.72,103.517
2539.08,103.518
2539.45,103.519
2539.82,103.520
2540.18,103.521
2540.55,103.522
2540.92,103.523
2541.28,103.523
2541.65,103.525
2542.01,103.525
2542.38,103.526
2542.75,103.527
2543.11,103.528
2543.48,103.529
2543.85,103.530
2544.21,103.530
2544.58,103.531
2544.94,103.532
2545.31,103.534
2545.68,103.535
2546.04,103.535
2546.41,103.536
2546.77,103.537
2547.14,103.538
2547.51,103.539
2547.87,103.540
2548.24,103.541
2548.61,103.541
2548.97,103.543
2549.34,103.543
2549.70,103.544
2550.07,103.545
2550.44,103.546
2550.80,103.547
2551.17,103.548
2551.54,103.549
2551.90,103.549
2552.27,103.550
2552.63,103.552
2553.00,103.553
2553.37,103.553
2553.73,103.554
2554.10,103.555
2554.47,103.556
2554.83,103.557
2555.20,103.558
2555.56,103.559
2555.93,103.559
2556.30,103.560
2556.66,103.561
2557.03,103.562
2557.40,103.564
2557.76,103.565
2558.13,103.565
2558.49,103.566
2558.86,103.567
2559.23,103.568
2559.59,103.569
2559.96,103.570
2560.32,103.570
2560.69,103.572
2561.06,103.572
2561.42,103.573
2561.79,103.575
2562.16,103.576
2562.52,103.576
2562.89,103.577
2563.25,103.578
2563.62,103.579
2563.99,103.580
2564.35,103.581
2564.72,103.582
2565.09,103.582
2565.45,103.584
2565.82,103.584
2566.18,103.585
2566.55,103.587
2566.92,103.588
2567.28,103.588
2567.65,103.589
2568.02,103.590
2568.38,103.591
2568.75,103.591
2569.11,103.593
2569.48,103.594
2569.85,103.594
2570.21,103.596
2570.58,103.596
2570.94,103.597
2571.31,103.598
2571.68,103.599
2572.04,103.600
2572.41,103.601
2572.78,103.602
2573.14,103.603
2573.51,103.603
2573.87,103.605
2574.24,103.606
2574.61,103.607
2574.97,103.607
2575.34,103.608
2575.71,103.609
2576.07,103.611
2576.44,103.611
2576.80,103.612
2577.17,103.613
2577.54,103.613
2577.90,103.614
2578.27,103.615
2578.64,103.617
2579.00,103.618
2579.37,103.619
2579.73,103.619
2580.10,103.620
2580.47,103.621
2580.83,103.622
2581.20,103.623
2581.56,103.624
2581.93,103.625
2582.30,103.625
2582.66,103.626
2583.03,103.627
2583.40,103.629
2583.76,103.630
2584.13,103.631
2584.49,103.631
2584.86,103.632
2585.23,103.633
2585.59,103.634
2585.96,103.635
2586.33,103.636
2586.69,103.637
2587.06,103.637
2587.42,103.638
2587.79,103.639
2588.16,103.641
2588.52,103.642
2588.89,103.643
2589.26,103.643
2589.62,103.644
2589.99,103.645
2590.35,103.647
2590.72,103.647
2591.09,103.648
2591.45,103.649
2591.82,103.650
2592.19,103.651
2592.55,103.651
2592.92,103.653
2593.28,103.654
2593.65,103.655
2594.02,103.655
2594.38,103.656
2594.75,103.657
2595.11,103.658
2595.48,103.659
2595.85,103.660
2596.21,103.661
2596.58,103.662
2596.95,103.663
2597.31,103.664
2597.68,103.665
2598.04,103.666
2598.41,103.666
2598.78,103.668
2599.14,103.668
2599.51,103.669
2599.88,103.671
2600.24,103.672
2600.61,103.672
2600.97,103.673
2601.34,103.674
2601.71,103.675
2602.07,103.676
2602.44,103.677
2602.81,103.678
2603.17,103.679
2603.54,103.680
2603.90,103.680
2604.27,103.681
2604.64,103.683
2605.00,103.683
2605.37,103.684
2605.73,103.686
2606.10,103.686
2606.47,103.687
2606.83,103.688
2607.20,103.690
2607.57,103.691
2607.93,103.691
2608.30,103.692
2608.66,103.693
2609.03,103.694
2609.40,103.695
2609.76,103.696
2610.13,103.697
2610.50,103.698
2610.86,103.699
2611.23,103.700
2611.59,103.701
2611.96,103.701
2612.33,103.703
2612.69,103.703
2613.06,103.704
2613.43,103.706
2613.79,103.706
2614.16,103.707
2614.52,103.709
2614.89,103.709
2615.26,103.710
2615.62,103.712
2615.99,103.712
2616.35,103.713
2616.72,103.714
2617.09,103.715
2617.45,103.716
2617.82,103.717
2618.19,103.718
2618.55,103.719
2618.92,103.720
2619.28,103.721
2619.65,103.722
2620.02,103.723
2620.38,103.724
2620.75,103.725
2621.12,103.725
2621.48,103.727
2621.85,103.727
2622.21,103.728
2622.58,103.730
2622.95,103.731
2623.31,103.731
2623.68,103.733
2624.05,103.733
2624.41,103.734
2624.78,103.735
2625.14,103.736
2625.51,103.737
2625.88,103.738
2626.24,103.739
2626.61,103.740
2626.98,103.741
2627.34,103.742
2627.71,103.743
2628.07,103.744
2628.44,103.745
2628.81,103.746
2629.17,103.747
2629.54,103.748
2629.90,103.749
2630.27,103.749
2630.64,103.751
2631.00,103.751
2631.37,103.753
2631.74,103.754
2632.10,103.755
2632.47,103.756
2632.83,103.756
2633.20,103.757
2633.57,103.758
2633.93,103.760
2634.30,103.761
2634.67,103.761
2635.03,103.763
2635.40,103.763
2635.76,103.764
2636.13,103.766
2636.50,103.767
2636.86,103.767
2637.23,103.768
2637.60,103.769
2637.96,103.770
2638.33,103.772
2638.69,103.773
2639.06,103.773
2639.43,103.774
2639.79,103.775
2640.16,103.776
2640.52,103.777
2640.89,103.778
2641.26,103.779
2641.62,103.780
2641.99,103.781
2642.36,103.782
2642.72,103.783
2643.09,103.784
2643.45,103.785
2643.82,103.786
2644.19,103.787
2644.55,103.788
2644.92,103.789
2645.29,103.790
2645.65,103.791
2646.02,103.791
2646.38,103.793
2646.75,103.794
2647.12,103.794
2647.48,103.796
2647.85,103.797
2648.22,103.798
2648.58,103.798
2648.95,103.799
2649.31,103.800
2649.68,103.802
2650.05,103.802
2650.41,103.803
2650.78,103.805
2651.15,103.805
2651.51,103.806
2651.88,103.808
2652.24,103.809
2652.61,103.809
2652.98,103.810
2653.34,103.811
2653.71,103.812
2654.07,103.814
2654.44,103.814
2654.81,103.816
2655.17,103.817
2655.54,103.817
2655.91,103.818
2656.27,103.819
2656.64,103.821
2657.00,103.822
2657.37,103.822
2657.74,103.823
2658.10,103.825
2658.47,103.826
2658.84,103.826
2659.20,103.827
2659.57,103.828
2659.93,103.829
2660.30,103.830
2660.67,103.831
2661.03,103.832
2661.40,103.833
2661.77,103.834
2662.13,103.835
2662.50,103.836
2662.86,103.837
2663.23,103.838
2663.60,103.839
2663.96,103.840
2664.33,103.841
2664.69,103.842
2665.06,103.843
2665.43,103.844
2665.79,103.844
2666.16,103.846
2666.53,103.847
2666.89,103.847
2667.26,103.849
2667.62,103.850
2667.99,103.850
2668.36,103.852
2668.72,103.852
2669.09,103.853
2669.46,103.855
2669.82,103.856
2670.19,103.856
2670.55,103.857
2670.92,103.858
2671.29,103.859
2671.65,103.860
2672.02,103.862
2672.39,103.862
2672.75,103.864
2673.12,103.864
2673.48,103.865
2673.85,103.867
2674.22,103.867
2674.58,103.868
2674.95,103.869
2675.31,103.870
2675.68,103.871
2676.05,103.872
2676.41,103.873
2676.78,103.874
2677.15,103.875
2677.51,103.876
2677.88,103.876
2678.24,103.878
2678.61,103.879
2678.98,103.880
2679.34,103.881
2679.71,103.882
2680.08,103.882
2680.44,103.883
2680.81,103.885
2681.17,103.886
2681.54,103.886
2681.91,103.888
2682.27,103.888
2682.64,103.889
2683.01,103.891
2683.37,103.891
2683.74,103.892
2684.10,103.894
2684.47,103.894
2684.84,103.895
2685.20,103.896
2685.57,103.897
2685.94,103.898
2686.30,103.899
2686.67,103.899
2687.03,103.900
2687.40,103.901
2687.77,103.903
2688.13,103.903
2688.50,103.904
2688.86,103.905
2689.23,103.906
2689.60,103.907
2689.96,103.908
2690.33,103.909
2690.70,103.910
2691.06,103.911
2691.43,103.912
2691.79,103.912
2692.16,103.914
2692.53,103.915
2692.89,103.916
2693.26,103.916
2693.63,103.917
2693.99,103.918
2694.36,103.919
2694.72,103.920
2695.09,103.921
2695.46,103.922
2695.82,103.923
2696.19,103.924
2696.56,103.924
2696.92,103.925
2697.29,103.927
2697.65,103.928
2698.02,103.928
2698.39,103.929
2698.75,103.930
2699.12,103.931
2699.48,103.932
2699.85,103.933
2700.22,103.934
2700.58,103.935
2700.95,103.935
2701.32,103.936
2701.68,103.938
2702.05,103.938
2702.41,103.939
2702.78,103.940
2703.15,103.941
2703.51,103.941
2703.88,103.942
2704.25,103.944
2704.61,103.945
2704.98,103.946
2705.34,103.946
2705.71,103.947
2706.08,103.948
2706.44,103.949
2706.81,103.950
2707.18,103.951
2707.54,103.952
2707.91,103.952
2708.27,103.953
2708.64,103.954
2709.01,103.955
2709.37,103.956
2709.74,103.957
2710.10,103.957
2710.47,103.958
2710.84,103.959
2711.20,103.960
2711.57,103.961
2711.94,103.962
2712.30,103.963
2712.67,103.963
2713.03,103.964
2713.40,103.965
2713.77,103.966
2714.13,103.966
2714.50,103.968
2714.87,103.969
2715.23,103.969
2715.60,103.970
2715.96,103.971
2716.33,103.972
2716.70,103.972
2717.06,103.974
2717.43,103.974
2717.80,103.975
2718.16,103.976
2718.53,103.977
2718.89,103.977
2719.26,103.978
2719.63,103.979
2719.99,103.980
2720.36,103.981
2720.73,103.981
2721.09,103.982
2721.46,103.983
2721.82,103.983
2722.19,103.984
2722.56,103.986
2722.92,103.987
2723.29,103.987
2723.65,103.988
2724.02,103.989
2724.39,103.989
2724.75,103.990
2725.12,103.990
2725.49,103.992
2725.85,103.992
2726.22,103.993
2726.58,103.993
2726.95,103.995
2727.32,103.995
2727.68,103.996
2728.05,103.997
2728.42,103.998
2728.78,103.999
2729.15,103.999
2729.51,104.000
2729.88,104.001
2730.25,104.001
2730.61,104.002
2730.98,104.003
2731.35,104.004
2731.71,104.004
2732.08,104.005
2732.44,104.006
2732.81,104.006
2733.18,104.007
2733.54,104.008
2733.91,104.008
2734.27,104.009
2734.64,104.010
2735.01,104.011
2735.37,104.011
2735.74,104.012
2736.11,104.012
2736.47,104.013
2736.84,104.014
2737.20,104.015
2737.57,104.016
2737.94,104.016
2738.30,104.017
2738.67,104.017
2739.04,104.019
2739.40,104.019
2739.77,104.019
2740.13,104.020
2740.50,104.021
2740.87,104.022
2741.23,104.023
2741.60,104.023
2741.97,104.024
2742.33,104.025
2742.70,104.025
2743.06,104.025
2743.43,104.026
2743.80,104.026
2744.16,104.028
2744.53,104.028
2744.90,104.029
2745.26,104.029
2745.63,104.030
2745.99,104.031
2746.36,104.031
2746.73,104.032
2747.09,104.032
2747.46,104.033
2747.82,104.034
2748.19,104.035
2748.56,104.035
2748.92,104.035
2749.29,104.036
2749.66,104.037
2750.02,104.037
2750.39,104.038
2750.75,104.038
2751.12,104.039
2751.49,104.040
2751.85,104.041
2752.22,104.041
2752.59,104.041
2752.95,104.042
2753.32,104.042
2753.68,104.043
2754.05,104.044
2754.42,104.044
2754.78,104.044
2755.15,104.046
2755.52,104.046
2755.88,104.047
2756.25,104.047
2756.61,104.047
2756.98,104.048
2757.35,104.049
2757.71,104.049
2758.08,104.050
2758.44,104.050
2758.81,104.051
2759.18,104.052
2759.54,104.052
2759.91,104.053
2760.28,104.053
2760.64,104.053
2761.01,104.054
2761.37,104.055
2761.74,104.055
2762.11,104.055
2762.47,104.056
2762.84,104.057
2763.21,104.057
2763.57,104.058
2763.94,104.058
2764.30,104.058
2764.67,104.059
2765.04,104.059
2765.40,104.060
2765.77,104.060
2766.14,104.061
2766.50,104.061
2766.87,104.061
2767.23,104.062
2767.60,104.063
2767.97,104.063
2768.33,104.064
2768.70,104.064
2769.06,104.064
2769.43,104.065
2769.80,104.066
2770.16,104.066
2770.53,104.066
2770.90,104.067
2771.26,104.067
2771.63,104.068
2771.99,104.069
2772.36,104.069
2772.73,104.069
2773.09,104.069
2773.46,104.070
2773.83,104.070
2774.19,104.070
2774.56,104.071
2774.92,104.072
2775.29,104.072
2775.66,104.072
2776.02,104.072
2776.39,104.073
2776.76,104.073
2777.12,104.074
2777.49,104.075
2777.85,104.075
2778.22,104.075
2778.59,104.076
2778.95,104.076
2779.32,104.076
2779.69,104.076
2780.05,104.077
2780.42,104.078
2780.78,104.078
2781.15,104.078
2781.52,104.078
2781.88,104.078
2782.25,104.079
2782.61,104.079
2782.98,104.080
2783.35,104.080
2783.71,104.081
2784.08,104.081
2784.45,104.082
2784.81,104.082
2785.18,104.082
2785.54,104.082
2785.91,104.082
2786.28,104.082
2786.64,104.084
2787.01,104.084
2787.38,104.084
2787.74,104.084
2788.11,104.084
2788.47,104.084
2788.84,104.085
2789.21,104.085
2789.57,104.085
2789.94,104.086
2790.31,104.086
2790.67,104.086
2791.04,104.087
2791.40,104.087
2791.77,104.088
2792.14,104.088
2792.50,104.088
2792.87,104.088
2793.23,104.088
2793.60,104.089
2793.97,104.089
2794.33,104.089
2794.70,104.090
2795.07,104.090
2795.43,104.090
2795.80,104.090
2796.16,104.090
2796.53,104.090
2796.90,104.091
2797.26,104.091
2797.63,104.091
2798.00,104.091
2798.36,104.092
2798.73,104.092
2799.09,104.093
2799.46,104.093
2799.83,104.093
2800.19,104.093
2800.56,104.093
2800.93,104.094
2801.29,104.094
2801.66,104.094
2802.02,104.094
2802.39,104.094
2802.76,104.094
2803.12,104.094
2803.49,104.095
2803.85,104.096
2804.22,104.096
2804.59,104.096
2804.95,104.096
2805.32,104.096
2805.69,104.096
2806.05,104.096
2806.42,104.096
2806.78,104.097
2807.15,104.097
2807.52,104.097
2807.88,104.097
2808.25,104.097
2808.62,104.097
2808.98,104.097
2809.35,104.098
2809.71,104.098
2810.08,104.098
2810.45,104.099
2810.81,104.099
2811.18,104.099
2811.55,104.099
2811.91,104.099
2812.28,104.099
2812.64,104.100
2813.01,104.100
2813.38,104.100
2813.74,104.100
2814.11,104.100
2814.48,104.100
2814.84,104.100
2815.21,104.100
2815.57,104.100
2815.94,104.100
2816.31,104.100
2816.67,104.100
2817.04,104.100
2817.40,104.100
2817.77,104.101
2818.14,104.102
2818.50,104.102
2818.87,104.102
2819.24,104.102
2819.60,104.102
2819.97,104.102
2820.33,104.102
2820.70,104.102
2821.07,104.102
2821.43,104.102
2821.80,104.102
2822.17,104.102
2822.53,104.102
2822.90,104.102
2823.26,104.102
2823.63,104.102
2824.00,104.102
2824.36,104.102
2824.73,104.103
2825.10,104.103
2825.46,104.103
2825.83,104.103
2826.19,104.103
2826.56,104.103
2826.93,104.103
2827.29,104.103
2827.66,104.103
2828.02,104.103
2828.39,104.103
2828.76,104.103
2829.12,104.103
2829.49,104.103
2829.86,104.103
2830.22,104.103
2830.59,104.103
2830.95,104.104
2831.32,104.104
2831.69,104.104
2832.05,104.104
2832.42,104.104
2832.79,104.104
2833.15,104.103
2833.52,104.103
2833.88,104.103
2834.25,104.104
2834.62,104.104
2834.98,104.104
2835.35,104.104
2835.72,104.104
2836.08,104.104
2836.45,104.104
2836.81,104.104
2837.18,104.105
2837.55,104.105
2837.91,104.104
2838.28,104.104
2838.65,104.104
2839.01,104.104
2839.38,104.104
2839.74,104.104
2840.11,104.104
2840.48,104.105
2840.84,104.105
2841.21,104.104
2841.57,104.104
2841.94,104.104
2842.31,104.104
2842.67,104.104
2843.04,104.104
2843.41,104.105
2843.77,104.104
2844.14,104.104
2844.50,104.104
2844.87,104.104
2845.24,104.104
2845.60,104.104
2845.97,104.103
2846.34,104.104
2846.70,104.104
2847.07,104.104
2847.43,104.104
2847.80,104.104
2848.17,104.103
2848.53,104.103
2848.90,104.103
2849.27,104.104
2849.63,104.104
2850.00,104.103
2850.36,104.103
2850.73,104.103
2851.10,104.103
2851.46,104.103
2851.83,104.103
2852.19,104.103
2852.56,104.103
2852.93,104.103
2853.29,104.103
2853.66,104.103
2854.03,104.103
2854.39,104.103
2854.76,104.102
2855.12,104.103
2855.49,104.103
2855.86,104.103
2856.22,104.102
2856.59,104.102
2856.96,104.102
2857.32,104.102
2857.69,104.102
2858.05,104.102
2858.42,104.102
2858.79,104.102
2859.15,104.102
2859.52,104.102
2859.89,104.102
2860.25,104.102
2860.62,104.102
2860.98,104.102
2861.35,104.101
2861.72,104.101
2862.08,104.101
2862.45,104.101
2862.81,104.101
2863.18,104.102
2863.55,104.102
2863.91,104.101
2864.28,104.101
2864.65,104.101
2865.01,104.100
2865.38,104.100
2865.74,104.101
2866.11,104.101
2866.48,104.101
2866.84,104.101
2867.21,104.100
2867.58,104.100
2867.94,104.100
2868.31,104.100
2868.67,104.100
2869.04,104.100
2869.41,104.100
2869.77,104.100
2870.14,104.100
2870.51,104.099
2870.87,104.100
2871.24,104.100
2871.60,104.099
2871.97,104.099
2872.34,104.099
2872.70,104.099
2873.07,104.099
2873.44,104.099
2873.80,104.099
2874.17,104.099
2874.53,104.098
2874.90,104.098
2875.27,104.098
2875.63,104.098
2876.00,104.098
2876.36,104.097
2876.73,104.097
2877.10,104.097
2877.46,104.097
2877.83,104.097
2878.20,104.097
2878.56,104.097
2878.93,104.097
2879.29,104.096
2879.66,104.096
2880.03,104.096
2880.39,104.097
2880.76,104.097
2881.13,104.096
2881.49,104.096
2881.86,104.096
2882.22,104.096
2882.59,104.096
2882.96,104.096
2883.32,104.096
2883.69,104.095
2884.06,104.095
2884.42,104.094
2884.79,104.094
2885.15,104.095
2885.52,104.095
2885.89,104.095
2886.25,104.094
2886.62,104.094
2886.98,104.094
2887.35,104.094
2887.72,104.094
2888.08,104.094
2888.45,104.094
2888.82,104.093
2889.18,104.093
2889.55,104.093
2889.91,104.093
2890.28,104.093
2890.65,104.093
2891.01,104.093
2891.38,104.092
2891.75,104.093
2892.11,104.092
2892.48,104.092
2892.84,104.091
2893.21,104.091
2893.58,104.091
2893.94,104.091
2894.31,104.091
2894.68,104.091
2895.04,104.091
2895.41,104.091
2895.77,104.091
2896.14,104.090
2896.51,104.090
2896.87,104.090
2897.24,104.090
2897.60,104.090
2897.97,104.090
2898.34,104.090
2898.70,104.090
2899.07,104.089
2899.44,104.089
2899.80,104.089
2900.17,104.089
2900.53,104.089
2900.90,104.089
2901.27,104.088
2901.63,104.088
2902.00,104.088
2902.37,104.088
2902.73,104.088
2903.10,104.088
2903.46,104.087
2903.83,104.087
2904.20,104.087
2904.56,104.087
2904.93,104.087
2905.30,104.087
2905.66,104.086
2906.03,104.086
2906.39,104.086
2906.76,104.086
2907.13,104.085
2907.49,104.085
2907.86,104.085
2908.23,104.085
2908.59,104.085
2908.96,104.085
2909.32,104.084
2909.69,104.084
2910.06,104.084
2910.42,104.084
2910.79,104.084
2911.15,104.084
2911.52,104.084
2911.89,104.084
2912.25,104.083
2912.62,104.084
2912.99,104.083
2913.35,104.083
2913.72,104.083
2914.08,104.083
2914.45,104.082
2914.82,104.082
2915.18,104.082
2915.55,104.082
2915.92,104.082
2916.28,104.082
2916.65,104.082
2917.01,104.082
2917.38,104.081
2917.75,104.081
2918.11,104.081
2918.48,104.081
2918.85,104.081
2919.21,104.081
2919.58,104.080
2919.94,104.080
2920.31,104.079
2920.68,104.080
2921.04,104.079
2921.41,104.079
2921.77,104.079
2922.14,104.079
2922.51,104.078
2922.87,104.079
2923.24,104.078
2923.61,104.078
2923.97,104.078
2924.34,104.078
2924.70,104.078
2925.07,104.078
2925.44,104.078
2925.80,104.077
2926.17,104.077
2926.54,104.077
2926.90,104.077
2927.27,104.076
2927.63,104.076
2928.00,104.076
2928.37,104.076
2928.73,104.076
2929.10,104.076
2929.47,104.076
2929.83,104.076
2930.20,104.075
2930.56,104.076
2930.93,104.075
2931.30,104.075
2931.66,104.075
2932.03,104.074
2932.40,104.074
2932.76,104.074
2933.13,104.074
2933.49,104.073
2933.86,104.073
2934.23,104.073
2934.59,104.073
2934.96,104.073
2935.32,104.073
2935.69,104.072
2936.06,104.072
2936.42,104.072
2936.79,104.073
2937.16,104.072
2937.52,104.072
2937.89,104.072
2938.25,104.072
2938.62,104.072
2938.99,104.072
2939.35,104.071
2939.72,104.071
2940.09,104.070
2940.45,104.070
2940.82,104.071
2941.18,104.070
2941.55,104.070
2941.92,104.070
2942.28,104.070
2942.65,104.069
2943.02,104.070
2943.38,104.069
2943.75,104.069
2944.11,104.069
2944.48,104.069
2944.85,104.069
2945.21,104.069
2945.58,104.068
2945.94,104.068
2946.31,104.067
2946.68,104.067
2947.04,104.067
2947.41,104.067
2947.78,104.067
2948.14,104.067
2948.51,104.066
2948.87,104.067
2949.24,104.067
2949.61,104.067
2949.97,104.066
2950.34,104.066
2950.71,104.066
2951.07,104.066
2951.44,104.066
2951.80,104.065
2952.17,104.065
2952.54,104.064
2952.90,104.064
2953.27,104.065
2953.64,104.065
2954.00,104.064
2954.37,104.064
2954.73,104.064
2955.10,104.064
2955.47,104.064
2955.83,104.064
2956.20,104.063
2956.56,104.063
2956.93,104.062
2957.30,104.063
2957.66,104.062
2958.03,104.062
2958.40,104.062
2958.76,104.062
2959.13,104.061
2959.49,104.062
2959.86,104.061
2960.23,104.061
2960.59,104.061
2960.96,104.061
2961.33,104.060
2961.69,104.061
2962.06,104.061
2962.42,104.061
2962.79,104.060
2963.16,104.060
2963.52,104.059
2963.89,104.060
2964.26,104.059
2964.62,104.059
2964.99,104.059
2965.35,104.059
2965.72,104.058
2966.09,104.059
2966.45,104.059
2966.82,104.059
2967.19,104.058
2967.55,104.058
2967.92,104.058
2968.28,104.058
2968.65,104.058
2969.02,104.058
2969.38,104.057
2969.75,104.057
2970.11,104.056
2970.48,104.057
2970.85,104.056
2971.21,104.056
2971.58,104.056
2971.95,104.056
2972.31,104.055
2972.68,104.056
2973.04,104.055
2973.41,104.055
2973.78,104.055
2974.14,104.055
2974.51,104.055
2974.88,104.055
2975.24,104.055
2975.61,104.055
2975.97,104.055
2976.34,104.054
2976.71,104.054
2977.07,104.054
2977.44,104.054
2977.81,104.053
2978.17,104.053
2978.54,104.053
2978.90,104.053
2979.27,104.053
2979.64,104.053
2980.00,104.053
2980.37,104.053
2980.73,104.052
2981.10,104.052
2981.47,104.052
2981.83,104.052
2982.20,104.052
2982.57,104.052
2982.93,104.052
2983.30,104.051
2983.66,104.051
2984.03,104.050
2984.40,104.050
2984.76,104.050
2985.13,104.050
2985.50,104.050
2985.86,104.050
2986.23,104.049
2986.59,104.049
2986.96,104.049
2987.33,104.049
2987.69,104.049
2988.06,104.049
2988.43,104.049
2988.79,104.049
2989.16,104.049
2989.52,104.048
2989.89,104.049
2990.26,104.048
2990.62,104.048
2990.99,104.048
2991.36,104.048
2991.72,104.048
2992.09,104.047
2992.45,104.047
2992.82,104.047
2993.19,104.047
2993.55,104.047
2993.92,104.047
2994.28,104.046
2994.65,104.046
2995.02,104.047
2995.38,104.046
2995.75,104.046
2996.12,104.046
2996.48,104.046
2996.85,104.045
2997.21,104.045
2997.58,104.044
2997.95,104.045
2998.31,104.045
2998.68,104.044
2999.05,104.044
2999.41,104.044
2999.78,104.044
3000.14,104.043
3000.51,104.044
3000.88,104.044
3001.24,104.043
3001.61,104.043
3001.98,104.043
3002.34,104.043
3002.71,104.042
3003.07,104.042
3003.44,104.043
3003.81,104.043
3004.17,104.043
3004.54,104.042
3004.90,104.042
3005.27,104.042
3005.64,104.041
3006.00,104.041
3006.37,104.041
3006.74,104.041
3007.10,104.041
3007.47,104.041
3007.83,104.041
3008.20,104.040
3008.57,104.040
3008.93,104.040
3009.30,104.040
3009.67,104.040
3010.03,104.040
3010.40,104.040
3010.76,104.040
3011.13,104.040
3011.50,104.040
3011.86,104.039
3012.23,104.039
3012.60,104.038
3012.96,104.038
3013.33,104.039
3013.69,104.038
3014.06,104.038
3014.43,104.038
3014.79,104.038
3015.16,104.038
3015.52,104.037
3015.89,104.037
3016.26,104.037
3016.62,104.037
3016.99,104.037
3017.36,104.037
3017.72,104.037
3018.09,104.037
3018.45,104.036
3018.82,104.036
3019.19,104.036
3019.55,104.036
3019.92,104.036
3020.29,104.035
3020.65,104.035
3021.02,104.036
3021.38,104.035
3021.75,104.035
3022.12,104.035
3022.48,104.035
3022.85,104.035
3023.22,104.035
3023.58,104.035
3023.95,104.035
3024.31,104.035
3024.68,104.034
3025.05,104.034
3025.41,104.034
3025.78,104.034
3026.15,104.034
3026.51,104.034
3026.88,104.034
3027.24,104.034
3027.61,104.033
3027.98,104.033
3028.34,104.033
3028.71,104.032
3029.07,104.032
3029.44,104.032
3029.81,104.032
3030.17,104.032
3030.54,104.032
3030.91,104.031
3031.27,104.032
3031.64,104.032
3032.00,104.032
3032.37,104.031
3032.74,104.031
3033.10,104.031
3033.47,104.031
3033.84,104.031
3034.20,104.031
3034.57,104.030
3034.93,104.030
3035.30,104.030
3035.67,104.030
3036.03,104.030
3036.40,104.030
3036.77,104.030
3037.13,104.029
3037.50,104.029
3037.86,104.029
3038.23,104.029
3038.60,104.029
3038.96,104.029
3039.33,104.029
3039.69,104.029
3040.06,104.029
3040.43,104.029
3040.79,104.029
3041.16,104.029
3041.53,104.029
3041.89,104.029
3042.26,104.028
3042.62,104.028
3042.99,104.028
3043.36,104.028
3043.72,104.028
3044.09,104.028
3044.46,104.028
3044.82,104.027
3045.19,104.027
3045.55,104.027
3045.92,104.027
3046.29,104.026
3046.65,104.026
3047.02,104.026
3047.39,104.026
3047.75,104.026
3048.12,104.026
3048.48,104.026
3048.85,104.026
3049.22,104.025
3049.58,104.025
3049.95,104.025
3050.31,104.025
3050.68,104.025
3051.05,104.025
3051.41,104.025
3051.78,104.025
3052.15,104.024
3052.51,104.024
3052.88,104.024
3053.24,104.024
3053.61,104.024
3053.98,104.024
3054.34,104.024
3054.71,104.024
3055.08,104.023
3055.44,104.023
3055.81,104.023
3056.17,104.023
3056.54,104.023
3056.91,104.023
3057.27,104.022
3057.64,104.022
3058.01,104.022
3058.37,104.022
3058.74,104.022
3059.10,104.022
3059.47,104.022
3059.84,104.022
3060.20,104.022
3060.57,104.022
3060.94,104.022
3061.30,104.022
3061.67,104.022
3062.03,104.022
3062.40,104.021
3062.77,104.021
3063.13,104.020
3063.50,104.020
3063.86,104.020
3064.23,104.020
3064.60,104.020
3064.96,104.020
3065.33,104.020
3065.70,104.020
3066.06,104.020
3066.43,104.020
3066.79,104.019
3067.16,104.019
3067.53,104.019
3067.89,104.019
3068.26,104.019
3068.63,104.019
3068.99,104.019
3069.36,104.019
3069.72,104.018
3070.09,104.018
3070.46,104.018
3070.82,104.018
3071.19,104.018
3071.56,104.018
3071.92,104.017
3072.29,104.017
3072.65,104.017
3073.02,104.017
3073.39,104.017
3073.75,104.017
3074.12,104.017
3074.48,104.017
3074.85,104.017
3075.22,104.017
3075.58,104.017
3075.95,104.016
3076.32,104.016
3076.68,104.016
3077.05,104.016
3077.41,104.016
3077.78,104.016
3078.15,104.015
3078.51,104.015
3078.88,104.015
3079.25,104.015
3079.61,104.015
3079.98,104.015
3080.34,104.014
3080.71,104.014
3081.08,104.014
3081.44,104.014
3081.81,104.014
3082.18,104.013
3082.54,104.013
3082.91,104.013
3083.27,104.013
3083.64,104.013
3084.01,104.013
3084.37,104.013
3084.74,104.013
3085.11,104.013
3085.47,104.013
3085.84,104.012
3086.20,104.012
3086.57,104.011
3086.94,104.011
3087.30,104.011
3087.67,104.011
3088.03,104.011
3088.40,104.011
3088.77,104.011
3089.13,104.011
3089.50,104.010
3089.87,104.010
3090.23,104.010
3090.60,104.010
3090.96,104.010
3091.33,104.010
3091.70,104.010
3092.06,104.009
3092.43,104.009
3092.80,104.009
3093.16,104.008
3093.53,104.008
3093.89,104.008
3094.26,104.008
3094.63,104.007
3094.99,104.007
3095.36,104.007
3095.73,104.007
3096.09,104.007
3096.46,104.006
3096.82,104.006
3097.19,104.006
3097.56,104.006
3097.92,104.006
3098.29,104.005
3098.65,104.005
3099.02,104.005
3099.39,104.005
3099.75,104.005
3100.12,104.005
3100.49,104.004
3100.85,104.004
3101.22,104.004
3101.58,104.004
3101.95,104.004
3102.32,104.004
3102.68,104.002
3103.05,104.002
3103.42,104.002
3103.78,104.002
3104.15,104.002
3104.51,104.002
3104.88,104.001
3105.25,104.001
3105.61,104.000
3105.98,104.000
3106.35,104.000
3106.71,104.000
3107.08,104.000
3107.44,104.000
3107.81,103.999
3108.18,103.999
3108.54,103.999
3108.91,103.999
3109.27,103.999
3109.64,103.998
3110.01,103.998
3110.37,103.998
3110.74,103.998
3111.11,103.996
3111.47,103.996
3111.84,103.996
3112.20,103.996
3112.57,103.996
3112.94,103.995
3113.30,103.995
3113.67,103.994
3114.04,103.994
3114.40,103.994
3114.77,103.994
3115.13,103.994
3115.50,103.993
3115.87,103.993
3116.23,103.993
3116.60,103.993
3116.97,103.992
3117.33,103.992
3117.70,103.992
3118.06,103.991
3118.43,103.990
3118.80,103.990
3119.16,103.990
3119.53,103.990
3119.90,103.989
3120.26,103.989
3120.63,103.988
3120.99,103.988
3121.36,103.988
3121.73,103.988
3122.09,103.987
3122.46,103.987
3122.82,103.987
3123.19,103.986
3123.56,103.986
3123.92,103.985
3124.29,103.985
3124.66,103.984
3125.02,103.984
3125.39,103.984
3125.75,103.983
3126.12,103.983
3126.49,103.982
3126.85,103.982
3127.22,103.982
3127.59,103.982
3127.95,103.981
3128.32,103.981
3128.68,103.981
3129.05,103.980
3129.42,103.980
3129.78,103.979
3130.15,103.979
3130.52,103.978
3130.88,103.977
3131.25,103.977
3131.61,103.977
3131.98,103.976
3132.35,103.976
3132.71,103.976
3133.08,103.975
3133.44,103.975
3133.81,103.974
3134.18,103.974
3134.54,103.973
3134.91,103.972
3135.28,103.972
3135.64,103.972
3136.01,103.971
3136.37,103.971
3136.74,103.971
3137.11,103.969
3137.47,103.969
3137.84,103.969
3138.21,103.968
3138.57,103.968
3138.94,103.968
3139.30,103.967
3139.67,103.966
3140.04,103.966
3140.40,103.965
3140.77,103.965
3141.14,103.964
3141.50,103.964
3141.87,103.963
3142.23,103.963
3142.60,103.962
3142.97,103.962
3143.33,103.961
3143.70,103.960
3144.06,103.959
3144.43,103.959
3144.80,103.959
3145.16,103.958
3145.53,103.958
3145.90,103.957
3146.26,103.957
3146.63,103.956
3146.99,103.955
3147.36,103.954
3147.73,103.954
3148.09,103.954
3148.46,103.953
3148.83,103.952
3149.19,103.952
3149.56,103.952
3149.92,103.951
3150.29,103.950
3150.66,103.949
3151.02,103.948
3151.39,103.948
3151.76,103.947
3152.12,103.947
3152.49,103.946
3152.85,103.945
3153.22,103.945
3153.59,103.944
3153.95,103.944
3154.32,103.943
3154.69,103.942
3155.05,103.941
3155.42,103.941
3155.78,103.940
3156.15,103.940
3156.52,103.939
3156.88,103.938
3157.25,103.938
3157.61,103.936
3157.98,103.936
3158.35,103.936
3158.71,103.935
3159.08,103.934
3159.45,103.934
3159.81,103.933
3160.18,103.932
3160.54,103.931
3160.91,103.930
3161.28,103.929
3161.64,103.929
3162.01,103.928
3162.38,103.927
3162.74,103.927
3163.11,103.926
3163.47,103.925
3163.84,103.924
3164.21,103.923
3164.57,103.923
3164.94,103.922
3165.31,103.922
3165.67,103.921
3166.04,103.920
3166.40,103.919
3166.77,103.918
3167.14,103.918
3167.50,103.916
3167.87,103.916
3168.23,103.915
3168.60,103.915
3168.97,103.913
3169.33,103.913
3169.70,103.912
3170.07,103.911
3170.43,103.910
3170.80,103.910
3171.16,103.909
3171.53,103.908
3171.90,103.907
3172.26,103.906
3172.63,103.906
3173.00,103.905
3173.36,103.904
3173.73,103.903
3174.09,103.902
3174.46,103.901
3174.83,103.900
3175.19,103.900
3175.56,103.899
3175.93,103.898
3176.29,103.897
3176.66,103.896
3177.02,103.895
3177.39,103.894
3177.76,103.893
3178.12,103.893
3178.49,103.892
3178.86,103.891
3179.22,103.889
3179.59,103.889
3179.95,103.888
3180.32,103.887
3180.69,103.886
3181.05,103.886
3181.42,103.884
3181.78,103.883
3182.15,103.882
3182.52,103.881
3182.88,103.881
3183.25,103.880
3183.62,103.879
3183.98,103.878
3184.35,103.877
3184.71,103.876
3185.08,103.875
3185.45,103.874
3185.81,103.873
3186.18,103.873
3186.55,103.871
3186.91,103.870
3187.28,103.869
3187.64,103.868
3188.01,103.868
3188.38,103.866
3188.74,103.865
3189.11,103.864
3189.48,103.863
3189.84,103.863
3190.21,103.862
3190.57,103.861
3190.94,103.859
3191.31,103.858
3191.67,103.858
3192.04,103.856
3192.40,103.855
3192.77,103.855
3193.14,103.853
3193.50,103.852
3193.87,103.851
3194.24,103.851
3194.60,103.849
3194.97,103.848
3195.33,103.847
3195.70,103.846
3196.07,103.845
3196.43,103.844
3196.80,103.843
3197.17,103.842
3197.53,103.841
3197.90,103.839
3198.26,103.839
3198.63,103.838
3199.00,103.837
3199.36,103.835
3199.73,103.834
3200.10,103.834
3200.46,103.832
3200.83,103.831
3201.19,103.830
3201.56,103.829
3201.93,103.828
3202.29,103.827
3202.66,103.826
3203.02,103.825
3203.39,103.823
3203.76,103.822
3204.12,103.822
3204.49,103.821
3204.86,103.819
3205.22,103.818
3205.59,103.817
3205.95,103.816
3206.32,103.814
3206.69,103.814
3207.05,103.812
3207.42,103.811
3207.79,103.810
3208.15,103.809
3208.52,103.808
3208.88,103.806
3209.25,103.805
3209.62,103.805
3209.98,103.803
3210.35,103.802
3210.72,103.801
3211.08,103.800
3211.45,103.798
3211.81,103.798
3212.18,103.797
3212.55,103.796
3212.91,103.794
3213.28,103.793
3213.65,103.791
3214.01,103.791
3214.38,103.790
3214.74,103.788
3215.11,103.787
3215.48,103.786
3215.84,103.785
3216.21,103.784
3216.57,103.782
3216.94,103.781
3217.31,103.780
3217.67,103.779
3218.04,103.778
3218.41,103.776
3218.77,103.775
3219.14,103.774
3219.50,103.773
3219.87,103.772
3220.24,103.770
3220.60,103.769
3220.97,103.768
3221.34,103.767
3221.70,103.766
3222.07,103.764
3222.43,103.763
3222.80,103.762
3223.17,103.761
3223.53,103.760
3223.90,103.758
3224.27,103.757
3224.63,103.757
3225.00,103.755
3225.36,103.754
3225.73,103.752
3226.10,103.751
3226.46,103.750
3226.83,103.749
3227.19,103.748
3227.56,103.746
3227.93,103.745
3228.29,103.744
3228.66,103.743
3229.03,103.742
3229.39,103.740
3229.76,103.739
3230.12,103.737
3230.49,103.736
3230.86,103.735
3231.22,103.733
3231.59,103.733
3231.96,103.732
3232.32,103.730
3232.69,103.729
3233.05,103.728
3233.42,103.727
3233.79,103.725
3234.15,103.724
3234.52,103.722
3234.89,103.721
3235.25,103.721
3235.62,103.719
3235.98,103.718
3236.35,103.716
3236.72,103.715
3237.08,103.714
3237.45,103.713
3237.81,103.711
3238.18,103.710
3238.55,103.709
3238.91,103.707
3239.28,103.706
3239.65,103.705
3240.01,103.704
3240.38,103.703
3240.74,103.701
3241.11,103.700
3241.48,103.698
3241.84,103.697
3242.21,103.696
3242.58,103.695
3242.94,103.694
3243.31,103.692
3243.67,103.691
3244.04,103.690
3244.41,103.689
3244.77,103.688
3245.14,103.686
3245.51,103.684
3245.87,103.683
3246.24,103.682
3246.60,103.680
3246.97,103.679
3247.34,103.678
3247.70,103.677
3248.07,103.675
3248.44,103.674
3248.80,103.673
3249.17,103.671
3249.53,103.670
3249.90,103.669
3250.27,103.668
3250.63,103.666
3251.00,103.666
3251.36,103.664
3251.73,103.663
3252.10,103.662
3252.46,103.660
3252.83,103.659
3253.20,103.657
3253.56,103.656
3253.93,103.655
3254.29,103.654
3254.66,103.653
3255.03,103.651
3255.39,103.650
3255.76,103.648
3256.13,103.647
3256.49,103.646
3256.86,103.645
3257.22,103.643
3257.59,103.642
3257.96,103.641
3258.32,103.639
3258.69,103.638
3259.06,103.637
3259.42,103.636
3259.79,103.635
3260.15,103.633
3260.52,103.632
3260.89,103.630
3261.25,103.630
3261.62,103.628
3261.98,103.626
3262.35,103.626
3262.72,103.624
3263.08,103.623
3263.45,103.621
3263.82,103.620
3264.18,103.619
3264.55,103.618
3264.91,103.617
3265.28,103.615
3265.65,103.614
3266.01,103.612
3266.38,103.611
3266.75,103.610
3267.11,103.608
3267.48,103.607
3267.84,103.606
3268.21,103.605
3268.58,103.604
3268.94,103.603
3269.31,103.601
3269.68,103.600
3270.04,103.599
3270.41,103.597
3270.77,103.596
3271.14,103.595
3271.51,103.594
3271.87,103.592
3272.24,103.591
3272.61,103.590
3272.97,103.588
3273.34,103.587
3273.70,103.586
3274.07,103.584
3274.44,103.584
3274.80,103.582
3275.17,103.581
3275.53,103.579
3275.90,103.578
3276.27,103.577
3276.63,103.576
3277.00,103.575
3277.37,103.573
3277.73,103.572
3278.10,103.571
3278.46,103.570
3278.83,103.568
3279.20,103.567
3279.56,103.566
3279.93,103.564
3280.30,103.562
3280.66,103.561
3281.03,103.560
3281.39,103.559
3281.76,103.558
3282.13,103.556
3282.49,103.555
3282.86,103.554
3283.23,103.553
3283.59,103.552
3283.96,103.550
3284.32,103.549
3284.69,103.547
3285.06,103.547
3285.42,103.545
3285.79,103.544
3286.15,103.543
3286.52,103.541
3286.89,103.540
3287.25,103.539
3287.62,103.537
3287.99,103.536
3288.35,103.535
3288.72,103.534
3289.08,103.532
3289.45,103.531
3289.82,103.530
3290.18,103.529
3290.55,103.528
3290.92,103.526
3291.28,103.525
3291.65,103.523
3292.01,103.523
3292.38,103.521
3292.75,103.520
3293.11,103.519
3293.48,103.518
3293.85,103.517
3294.21,103.515
3294.58,103.513
3294.94,103.512
3295.31,103.511
3295.68,103.510
3296.04,103.508
3296.41,103.507
3296.77,103.506
3297.14,103.505
3297.51,103.504
3297.87,103.502
3298.24,103.501
3298.61,103.500
3298.97,103.499
3299.34,103.498
3299.70,103.496
3300.07,103.495
3300.44,103.494
3300.80,103.493
3301.17,103.491
3301.54,103.490
3301.90,103.488
3302.27,103.488
3302.63,103.487
3303.00,103.485
3303.37,103.484
3303.73,103.483
3304.10,103.481
3304.47,103.480
3304.83,103.478
3305.20,103.477
3305.56,103.477
3305.93,103.475
3306.30,103.474
3306.66,103.472
3307.03,103.471
3307.40,103.470
3307.76,103.469
3308.13,103.468
3308.49,103.466
3308.86,103.465
3309.23,103.464
3309.59,103.463
3309.96,103.462
3310.32,103.460
3310.69,103.459
3311.06,103.457
3311.42,103.457
3311.79,103.456
3312.16,103.454
3312.52,103.453
3312.89,103.451
3313.25,103.450
3313.62,103.449
3313.99,103.448
3314.35,103.447
3314.72,103.445
3315.09,103.444
3315.45,103.443
3315.82,103.442
3316.18,103.440
3316.55,103.439
3316.92,103.438
3317.28,103.436
3317.65,103.435
3318.02,103.434
3318.38,103.433
3318.75,103.431
3319.11,103.430
3319.48,103.429
3319.85,103.427
3320.21,103.427
3320.58,103.425
3320.94,103.424
3321.31,103.422
3321.68,103.421
3322.04,103.420
3322.41,103.418
3322.78,103.418
3323.14,103.416
3323.51,103.415
3323.87,103.413
3324.24,103.412
3324.61,103.412
3324.97,103.410
3325.34,103.409
3325.71,103.407
3326.07,103.406
3326.44,103.405
3326.80,103.404
3327.17,103.402
3327.54,103.401
3327.90,103.400
3328.27,103.398
3328.64,103.398
3329.00,103.396
3329.37,103.394
3329.73,103.394
3330.10,103.392
3330.47,103.391
3330.83,103.390
3331.20,103.388
3331.56,103.387
3331.93,103.386
3332.30,103.385
3332.66,103.383
3333.03,103.381
3333.40,103.381
3333.76,103.380
3334.13,103.378
3334.49,103.377
3334.86,103.376
3335.23,103.374
3335.59,103.373
3335.96,103.371
3336.33,103.370
3336.69,103.369
3337.06,103.368
3337.42,103.366
3337.79,103.365
3338.16,103.364
3338.52,103.362
3338.89,103.361
3339.26,103.360
3339.62,103.358
3339.99,103.357
3340.35,103.356
3340.72,103.355
3341.09,103.353
3341.45,103.352
3341.82,103.351
3342.19,103.349
3342.55,103.348
3342.92,103.347
3343.28,103.346
3343.65,103.344
3344.02,103.343
3344.38,103.341
3344.75,103.340
3345.11,103.339
3345.48,103.337
3345.85,103.336
3346.21,103.334
3346.58,103.333
3346.95,103.332
3347.31,103.331
3347.68,103.329
3348.04,103.328
3348.41,103.326
3348.78,103.325
3349.14,103.323
3349.51,103.322
3349.88,103.321
3350.24,103.320
3350.61,103.319
3350.97,103.316
3351.34,103.315
3351.71,103.314
3352.07,103.312
3352.44,103.311
3352.81,103.310
3353.17,103.308
3353.54,103.307
3353.90,103.305
3354.27,103.304
3354.64,103.303
3355.00,103.302
3355.37,103.300
3355.73,103.298
3356.10,103.297
3356.47,103.296
3356.83,103.294
3357.20,103.293
3357.57,103.292
3357.93,103.290
3358.30,103.288
3358.66,103.287
3359.03,103.286
3359.40,103.285
3359.76,103.283
3360.13,103.281
3360.50,103.280
3360.86,103.279
3361.23,103.278
3361.59,103.276
3361.96,103.275
3362.33,103.272
3362.69,103.272
3363.06,103.270
3363.43,103.268
3363.79,103.267
3364.16,103.266
3364.52,103.264
3364.89,103.262
3365.26,103.262
3365.62,103.260
3365.99,103.258
3366.36,103.257
3366.72,103.255
3367.09,103.254
3367.45,103.252
3367.82,103.251
3368.19,103.249
3368.55,103.248
3368.92,103.246
3369.28,103.245
3369.65,103.243
3370.02,103.242
3370.38,103.240
3370.75,103.239
3371.12,103.238
3371.48,103.236
3371.85,103.234
3372.21,103.233
3372.58,103.232
3372.95,103.230
3373.31,103.228
3373.68,103.227
3374.05,103.225
3374.41,103.224
3374.78,103.222
3375.14,103.221
3375.51,103.219
3375.88,103.218
3376.24,103.216
3376.61,103.215
3376.98,103.213
3377.34,103.212
3377.71,103.210
3378.07,103.209
3378.44,103.207
3378.81,103.205
3379.17,103.203
3379.54,103.202
3379.90,103.201
3380.27,103.199
3380.64,103.198
3381.00,103.196
3381.37,103.195
3381.74,103.192
3382.10,103.191
3382.47,103.190
3382.83,103.188
3383.20,103.186
3383.57,103.184
3383.93,103.183
3384.30,103.182
3384.67,103.180
3385.03,103.178
3385.40,103.177
3385.76,103.175
3386.13,103.173
3386.50,103.172
3386.86,103.171
3387.23,103.169
3387.60,103.167
3387.96,103.166
3388.33,103.164
3388.69,103.162
3389.06,103.160
3389.43,103.159
3389.79,103.157
3390.16,103.156
3390.52,103.154
3390.89,103.153
3391.26,103.151
3391.62,103.149
3391.99,103.148
3392.36,103.147
3392.72,103.144
3393.09,103.143
3393.45,103.141
3393.82,103.139
3394.19,103.138
3394.55,103.137
3394.92,103.135
3395.29,103.133
3395.65,103.132
3396.02,103.130
3396.38,103.128
3396.75,103.126
3397.12,103.125
3397.48,103.123
3397.85,103.121
3398.22,103.120
3398.58,103.118
3398.95,103.116
3399.31,103.114
3399.68,103.113
3400.05,103.111
3400.41,103.109
3400.78,103.108
3401.15,103.106
3401.51,103.105
3401.88,103.103
3402.24,103.101
3402.61,103.100
3402.98,103.098
3403.34,103.096
3403.71,103.095
3404.07,103.093
3404.44,103.091
3404.81,103.090
3405.17,103.088
3405.54,103.086
3405.91,103.085
3406.27,103.083
3406.64,103.081
3407.00,103.079
3407.37,103.078
3407.74,103.076
3408.10,103.075
3408.47,103.073
3408.84,103.070
3409.20,103.069
3409.57,103.067
3409.93,103.066
3410.30,103.064
3410.67,103.062
3411.03,103.060
3411.40,103.059
3411.77,103.057
3412.13,103.055
3412.50,103.054
3412.86,103.052
3413.23,103.050
3413.60,103.049
3413.96,103.047
3414.33,103.046
3414.69,103.043
3415.06,103.042
3415.43,103.040
3415.79,103.038
3416.16,103.036
3416.53,103.035
3416.89,103.033
3417.26,103.031
3417.62,103.030
3417.99,103.028
3418.36,103.026
3418.72,103.025
3419.09,103.023
3419.46,103.022
3419.82,103.019
3420.19,103.018
3420.55,103.017
3420.92,103.014
3421.29,103.013
3421.65,103.011
3422.02,103.009
3422.39,103.007
3422.75,103.006
3423.12,103.004
3423.48,103.002
3423.85,103.001
3424.22,102.999
3424.58,102.998
3424.95,102.995
3425.31,102.994
3425.68,102.992
3426.05,102.990
3426.41,102.989
3426.78,102.987
3427.15,102.986
3427.51,102.984
3427.88,102.982
3428.24,102.981
3428.61,102.978
3428.98,102.977
3429.34,102.976
3429.71,102.973
3430.08,102.971
3430.44,102.970
3430.81,102.968
3431.17,102.966
3431.54,102.965
3431.91,102.963
3432.27,102.962
3432.64,102.959
3433.01,102.958
3433.37,102.957
3433.74,102.954
3434.10,102.953
3434.47,102.951
3434.84,102.950
3435.20,102.948
3435.57,102.946
3435.94,102.945
3436.30,102.943
3436.67,102.941
3437.03,102.940
3437.40,102.938
3437.77,102.936
3438.13,102.934
3438.50,102.933
3438.86,102.931
3439.23,102.929
3439.60,102.928
3439.96,102.926
3440.33,102.924
3440.70,102.922
3441.06,102.921
3441.43,102.919
3441.79,102.918
3442.16,102.916
3442.53,102.915
3442.89,102.912
3443.26,102.911
3443.63,102.910
3443.99,102.907
3444.36,102.906
3444.72,102.904
3445.09,102.903
3445.46,102.901
3445.82,102.900
3446.19,102.898
3446.56,102.897
3446.92,102.895
3447.29,102.893
3447.65,102.892
3448.02,102.890
3448.39,102.888
3448.75,102.886
3449.12,102.885
3449.48,102.883
3449.85,102.881
3450.22,102.880
3450.58,102.879
3450.95,102.877
3451.32,102.876
3451.68,102.874
3452.05,102.872
3452.41,102.870
3452.78,102.868
3453.15,102.867
3453.51,102.865
3453.88,102.863
3454.25,102.863
3454.61,102.861
3454.98,102.859
3455.34,102.858
3455.71,102.856
3456.08,102.855
3456.44,102.852
3456.81,102.851
3457.18,102.850
3457.54,102.849
3457.91,102.846
3458.27,102.845
3458.64,102.844
3459.01,102.841
3459.37,102.840
3459.74,102.839
3460.11,102.838
3460.47,102.835
3460.84,102.834
3461.20,102.833
3461.57,102.832
3461.94,102.829
3462.30,102.828
3462.67,102.826
3463.03,102.825
3463.40,102.823
3463.77,102.822
3464.13,102.821
3464.50,102.819
3464.87,102.817
3465.23,102.816
3465.60,102.815
3465.96,102.813
3466.33,102.811
3466.70,102.809
3467.06,102.808
3467.43,102.807
3467.80,102.805
3468.16,102.803
3468.53,102.803
3468.89,102.801
3469.26,102.799
3469.63,102.797
3469.99,102.797
3470.36,102.795
3470.73,102.793
3471.09,102.793
3471.46,102.791
3471.82,102.789
3472.19,102.787
3472.56,102.787
3472.92,102.785
3473.29,102.784
3473.65,102.782
3474.02,102.780
3474.39,102.779
3474.75,102.778
3475.12,102.776
3475.49,102.775
3475.85,102.773
3476.22,102.772
3476.58,102.770
3476.95,102.769
3477.32,102.768
3477.68,102.767
3478.05,102.765
3478.42,102.763
3478.78,102.762
3479.15,102.761
3479.51,102.760
3479.88,102.758
3480.25,102.757
3480.61,102.755
3480.98,102.754
3481.35,102.752
3481.71,102.751
3482.08,102.750
3482.44,102.749
3482.81,102.747
3483.18,102.746
3483.54,102.745
3483.91,102.743
3484.27,102.742
3484.64,102.740
3485.01,102.739
3485.37,102.737
3485.74,102.737
3486.11,102.735
3486.47,102.734
3486.84,102.732
3487.20,102.732
3487.57,102.730
3487.94,102.729
3488.30,102.727
3488.67,102.725
3489.04,102.725
3489.40,102.723
3489.77,102.722
3490.13,102.721
3490.50,102.719
3490.87,102.718
3491.23,102.717
3491.60,102.715
3491.97,102.715
3492.33,102.713
3492.70,102.712
3493.06,102.710
3493.43,102.710
3493.80,102.708
3494.16,102.707
3494.53,102.706
3494.90,102.704
3495.26,102.703
3495.63,102.702
3495.99,102.701
3496.36,102.700
3496.73,102.698
3497.09,102.697
3497.46,102.696
3497.82,102.695
3498.19,102.694
3498.56,102.692
3498.92,102.691
3499.29,102.690
3499.66,102.689
3500.02,102.688
3500.39,102.686
3500.75,102.685
3501.12,102.684
3501.49,102.683
3501.85,102.681
3502.22,102.680
3502.59,102.679
3502.95,102.678
3503.32,102.677
3503.68,102.675
3504.05,102.674
3504.42,102.673
3504.78,102.672
3505.15,102.672
3505.52,102.670
3505.88,102.669
3506.25,102.668
3506.61,102.666
3506.98,102.666
3507.35,102.665
3507.71,102.663
3508.08,102.662
3508.44,102.661
3508.81,102.660
3509.18,102.659
3509.54,102.658
3509.91,102.657
3510.28,102.655
3510.64,102.654
3511.01,102.654
3511.37,102.652
3511.74,102.651
3512.11,102.650
3512.47,102.649
3512.84,102.648
3513.21,102.647
3513.57,102.646
3513.94,102.644
3514.30,102.644
3514.67,102.642
3515.04,102.642
3515.40,102.641
3515.77,102.639
3516.14,102.638
3516.50,102.638
3516.87,102.636
3517.23,102.635
3517.60,102.635
3517.97,102.633
3518.33,102.632
3518.70,102.631
3519.07,102.630
3519.43,102.630
3519.80,102.629
3520.16,102.627
3520.53,102.626
3520.90,102.625
3521.26,102.624
3521.63,102.624
3521.99,102.623
3522.36,102.621
3522.73,102.620
3523.09,102.619
3523.46,102.619
3523.83,102.618
3524.19,102.617
3524.56,102.615
3524.92,102.614
3525.29,102.614
3525.66,102.612
3526.02,102.612
3526.39,102.611
3526.76,102.609
3527.12,102.609
3527.49,102.608
3527.85,102.607
3528.22,102.606
3528.59,102.605
3528.95,102.604
3529.32,102.603
3529.69,102.602
3530.05,102.602
3530.42,102.601
3530.78,102.600
3531.15,102.599
3531.52,102.597
3531.88,102.597
3532.25,102.596
3532.61,102.594
3532.98,102.594
3533.35,102.593
3533.71,102.592
3534.08,102.591
3534.45,102.590
3534.81,102.590
3535.18,102.589
3535.54,102.588
3535.91,102.587
3536.28,102.586
3536.64,102.585
3537.01,102.584
3537.38,102.584
3537.74,102.583
3538.11,102.582
3538.47,102.581
3538.84,102.579
3539.21,102.579
3539.57,102.578
3539.94,102.577
3540.31,102.576
3540.67,102.575
3541.04,102.575
3541.40,102.573
3541.77,102.572
3542.14,102.572
3542.50,102.572
3542.87,102.571
3543.23,102.570
3543.60,102.569
3543.97,102.568
3544.33,102.567
3544.70,102.566
3545.07,102.566
3545.43,102.565
3545.80,102.564
3546.16,102.563
3546.53,102.562
3546.90,102.561
3547.26,102.561
3547.63,102.559
3548.00,102.559
3548.36,102.558
3548.73,102.557
3549.09,102.556
3549.46,102.555
3549.83,102.555
3550.19,102.554
3550.56,102.553
3550.93,102.553
3551.29,102.552
3551.66,102.551
3552.02,102.550
3552.39,102.549
3552.76,102.548
3553.12,102.547
3553.49,102.547
3553.86,102.547
3554.22,102.546
3554.59,102.545
3554.95,102.544
3555.32,102.543
3555.69,102.543
3556.05,102.541
3556.42,102.541
3556.78,102.540
3557.15,102.540
3557.52,102.539
3557.88,102.538
3558.25,102.537
3558.62,102.536
3558.98,102.535
3559.35,102.535
3559.71,102.535
3560.08,102.534
3560.45,102.533
3560.81,102.532
3561.18,102.531
3561.55,102.531
3561.91,102.530
3562.28,102.529
3562.64,102.529
3563.01,102.528
3563.38,102.528
3563.74,102.526
3564.11,102.525
3564.48,102.525
3564.84,102.524
3565.21,102.524
3565.57,102.523
3565.94,102.522
3566.31,102.522
3566.67,102.520
3567.04,102.520
3567.40,102.519
3567.77,102.519
3568.14,102.518
3568.50,102.517
3568.87,102.516
3569.24,102.516
3569.60,102.515
3569.97,102.514
3570.33,102.514
3570.70,102.513
3571.07,102.512
3571.43,102.511
3571.80,102.511
3572.17,102.511
3572.53,102.510
3572.90,102.509
3573.26,102.508
3573.63,102.507
3574.00,102.507
3574.36,102.506
3574.73,102.506
3575.10,102.505
3575.46,102.504
3575.83,102.504
3576.19,102.503
3576.56,102.502
3576.93,102.501
3577.29,102.501
3577.66,102.501
3578.02,102.499
3578.39,102.499
3578.76,102.499
3579.12,102.498
3579.49,102.497
3579.86,102.496
3580.22,102.496
3580.59,102.495
3580.95,102.495
3581.32,102.494
3581.69,102.493
3582.05,102.493
3582.42,102.492
3582.79,102.491
3583.15,102.491
3583.52,102.490
3583.88,102.490
3584.25,102.489
3584.62,102.488
3584.98,102.487
3585.35,102.487
3585.72,102.487
3586.08,102.486
3586.45,102.485
3586.81,102.484
3587.18,102.484
3587.55,102.484
3587.91,102.483
3588.28,102.481
3588.65,102.481
3589.01,102.481
3589.38,102.480
3589.74,102.480
3590.11,102.479
3590.48,102.478
3590.84,102.478
3591.21,102.477
3591.57,102.477
3591.94,102.476
3592.31,102.475
3592.67,102.475
3593.04,102.474
3593.41,102.474
3593.77,102.473
3594.14,102.472
3594.50,102.472
3594.87,102.471
3595.24,102.470
3595.60,102.470
3595.97,102.469
3596.34,102.469
3596.70,102.468
3597.07,102.467
3597.43,102.467
3597.80,102.466
3598.17,102.466
3598.53,102.465
3598.90,102.465
3599.27,102.464
3599.63,102.463
3600.00,102.463
3600.36,102.462
3600.73,102.462
3601.10,102.461
3601.46,102.460
3601.83,102.460
3602.19,102.459
3602.56,102.459
3602.93,102.457
3603.29,102.457
3603.66,102.457
3604.03,102.456
3604.39,102.456
3604.76,102.454
3605.12,102.454
3605.49,102.454
3605.86,102.454
3606.22,102.453
3606.59,102.452
3606.96,102.451
3607.32,102.451
3607.69,102.451
3608.05,102.450
3608.42,102.449
3608.79,102.448
3609.15,102.448
3609.52,102.448
3609.89,102.447
3610.25,102.446
3610.62,102.446
3610.98,102.445
3611.35,102.445
3611.72,102.444
3612.08,102.443
3612.45,102.443
3612.82,102.442
3613.18,102.441
3613.55,102.441
3613.91,102.441
3614.28,102.440
3614.65,102.440
3615.01,102.439
3615.38,102.439
3615.74,102.438
3616.11,102.437
3616.48,102.436
3616.84,102.436
3617.21,102.435
3617.58,102.435
3617.94,102.434
3618.31,102.434
3618.67,102.433
3619.04,102.433
3619.41,102.432
3619.77,102.431
3620.14,102.431
3620.51,102.430
3620.87,102.429
3621.24,102.429
3621.60,102.428
3621.97,102.428
3622.34,102.428
3622.70,102.427
3623.07,102.426
3623.44,102.426
3623.80,102.425
3624.17,102.425
3624.53,102.424
3624.90,102.424
3625.27,102.423
3625.63,102.422
3626.00,102.421
3626.36,102.421
3626.73,102.421
3627.10,102.420
3627.46,102.419
3627.83,102.419
3628.20,102.418
3628.56,102.418
3628.93,102.417
3629.29,102.417
3629.66,102.416
3630.03,102.416
3630.39,102.416
3630.76,102.415
3631.13,102.414
3631.49,102.413
3631.86,102.413
3632.22,102.412
3632.59,102.412
3632.96,102.411
3633.32,102.410
3633.69,102.410
3634.06,102.410
3634.42,102.409
3634.79,102.409
3635.15,102.407
3635.52,102.407
3635.89,102.406
3636.25,102.406
3636.62,102.406
3636.98,102.405
3637.35,102.404
3637.72,102.403
3638.08,102.403
3638.45,102.403
3638.82,102.402
3639.18,102.401
3639.55,102.401
3639.91,102.400
3640.28,102.400
3640.65,102.399
3641.01,102.398
3641.38,102.398
3641.75,102.398
3642.11,102.397
3642.48,102.397
3642.84,102.396
3643.21,102.395
3643.58,102.395
3643.94,102.394
3644.31,102.393
3644.68,102.393
3645.04,102.392
3645.41,102.392
3645.77,102.391
3646.14,102.391
3646.51,102.390
3646.87,102.389
3647.24,102.389
3647.61,102.388
3647.97,102.388
3648.34,102.388
3648.70,102.387
3649.07,102.386
3649.44,102.386
3649.80,102.385
3650.17,102.385
3650.53,102.383
3650.90,102.383
3651.27,102.383
3651.63,102.382
3652.00,102.382
3652.37,102.381
3652.73,102.380
3653.10,102.380
3653.46,102.380
3653.83,102.379
3654.20,102.378
3654.56,102.378
3654.93,102.377
3655.30,102.376
3655.66,102.376
3656.03,102.376
3656.39,102.374
3656.76,102.374
3657.13,102.374
3657.49,102.373
3657.86,102.373
3658.23,102.371
3658.59,102.371
3658.96,102.370
3659.32,102.370
3659.69,102.369
3660.06,102.369
3660.42,102.368
3660.79,102.368
3661.15,102.368
3661.52,102.367
3661.89,102.366
3662.25,102.365
3662.62,102.365
3662.99,102.364
3663.35,102.364
3663.72,102.363
3664.08,102.362
3664.45,102.362
3664.82,102.361
3665.18,102.361
3665.55,102.360
3665.92,102.359
3666.28,102.359
3666.65,102.358
3667.01,102.358
3667.38,102.357
3667.75,102.357
3668.11,102.356
3668.48,102.356
3668.85,102.355
3669.21,102.354
3669.58,102.353
3669.94,102.353
3670.31,102.353
3670.68,102.352
3671.04,102.351
3671.41,102.350
3671.77,102.350
3672.14,102.350
3672.51,102.349
3672.87,102.349
3673.24,102.347
3673.61,102.347
3673.97,102.346
3674.34,102.346
3674.70,102.345
3675.07,102.345
3675.44,102.344
3675.80,102.343
3676.17,102.343
3676.54,102.342
3676.90,102.341
3677.27,102.341
3677.63,102.341
3678.00,102.340
3678.37,102.339
3678.73,102.339
3679.10,102.338
3679.47,102.338
3679.83,102.337
3680.20,102.336
3680.56,102.335
3680.93,102.334
3681.30,102.334
3681.66,102.334
3682.03,102.333
3682.40,102.332
3682.76,102.332
3683.13,102.331
3683.49,102.331
3683.86,102.330
3684.23,102.329
3684.59,102.329
3684.96,102.328
3685.32,102.328
3685.69,102.327
3686.06,102.326
3686.42,102.326
3686.79,102.325
3687.16,102.325
3687.52,102.323
3687.89,102.323
3688.25,102.322
3688.62,102.322
3688.99,102.321
3689.35,102.320
3689.72,102.320
3690.09,102.319
3690.45,102.319
3690.82,102.318
3691.18,102.317
3691.55,102.316
3691.92,102.316
3692.28,102.316
3692.65,102.315
3693.02,102.315
3693.38,102.314
3693.75,102.313
3694.11,102.312
3694.48,102.312
3694.85,102.311
3695.21,102.311
3695.58,102.310
3695.94,102.309
3696.31,102.309
3696.68,102.308
3697.04,102.308
3697.41,102.306
3697.78,102.306
3698.14,102.305
3698.51,102.305
3698.87,102.304
3699.24,102.303
3699.61,102.303
3699.97,102.302
3700.34,102.302
3700.71,102.301
3701.07,102.300
3701.44,102.299
3701.80,102.299
3702.17,102.298
3702.54,102.297
3702.90,102.297
3703.27,102.297
3703.64,102.296
3704.00,102.295
3704.37,102.294
3704.73,102.294
3705.10,102.293
3705.47,102.293
3705.83,102.292
3706.20,102.291
3706.57,102.290
3706.93,102.290
3707.30,102.289
3707.66,102.288
3708.03,102.288
3708.40,102.287
3708.76,102.287
3709.13,102.286
3709.49,102.285
3709.86,102.285
3710.23,102.284
3710.59,102.284
3710.96,102.283
3711.33,102.282
3711.69,102.281
3712.06,102.281
3712.42,102.280
3712.79,102.280
3713.16,102.279
3713.52,102.279
3713.89,102.278
3714.26,102.277
3714.62,102.276
3714.99,102.275
3715.35,102.275
3715.72,102.274
3716.09,102.274
3716.45,102.273
3716.82,102.273
3717.19,102.272
3717.55,102.271
3717.92,102.270
3718.28,102.269
3718.65,102.269
3719.02,102.268
3719.38,102.268
3719.75,102.267
3720.11,102.267
3720.48,102.266
3720.85,102.265
3721.21,102.264
3721.58,102.263
3721.95,102.263
3722.31,102.263
3722.68,102.262
3723.04,102.261
3723.41,102.261
3723.78,102.260
3724.14,102.259
3724.51,102.258
3724.88,102.258
3725.24,102.257
3725.61,102.257
3725.97,102.256
3726.34,102.255
3726.71,102.255
3727.07,102.254
3727.44,102.253
3727.81,102.252
3728.17,102.251
3728.54,102.251
3728.90,102.250
3729.27,102.250
3729.64,102.249
3730.00,102.249
3730.37,102.248
3730.73,102.247
3731.10,102.246
3731.47,102.245
3731.83,102.245
3732.20,102.245
3732.57,102.244
3732.93,102.243
3733.30,102.243
3733.66,102.242
3734.03,102.241
3734.40,102.240
3734.76,102.239
3735.13,102.239
3735.50,102.239
3735.86,102.238
3736.23,102.237
3736.59,102.237
3736.96,102.236
3737.33,102.235
3737.69,102.234
3738.06,102.233
3738.43,102.233
3738.79,102.232
3739.16,102.231
3739.52,102.231
3739.89,102.231
3740.26,102.230
3740.62,102.229
3740.99,102.228
3741.36,102.227
3741.72,102.227
3742.09,102.226
3742.45,102.226
3742.82,102.225
3743.19,102.224
3743.55,102.224
3743.92,102.223
3744.28,102.222
3744.65,102.221
3745.02,102.221
3745.38,102.220
3745.75,102.219
3746.12,102.219
3746.48,102.218
3746.85,102.218
3747.21,102.216
3747.58,102.216
3747.95,102.215
3748.31,102.215
3748.68,102.214
3749.05,102.213
3749.41,102.213
3749.78,102.212
3750.14,102.212
3750.51,102.210
3750.88,102.210
3751.24,102.209
3751.61,102.208
3751.98,102.208
3752.34,102.208
3752.71,102.207
3753.07,102.206
3753.44,102.206
3753.81,102.204
3754.17,102.204
3754.54,102.203
3754.90,102.203
3755.27,102.202
3755.64,102.201
3756.00,102.201
3756.37,102.200
3756.74,102.200
3757.10,102.198
3757.47,102.198
3757.83,102.197
3758.20,102.197
3758.57,102.196
3758.93,102.195
3759.30,102.195
3759.67,102.194
3760.03,102.193
3760.40,102.192
3760.76,102.191
3761.13,102.191
3761.50,102.190
3761.86,102.190
3762.23,102.189
3762.60,102.189
3762.96,102.188
3763.33,102.187
3763.69,102.186
3764.06,102.185
3764.43,102.185
3764.79,102.184
3765.16,102.184
3765.52,102.183
3765.89,102.182
3766.26,102.182
3766.62,102.181
3766.99,102.180
3767.36,102.180
3767.72,102.179
3768.09,102.178
3768.45,102.178
3768.82,102.177
3769.19,102.176
3769.55,102.175
3769.92,102.175
3770.29,102.174
3770.65,102.174
3771.02,102.172
3771.38,102.172
3771.75,102.172
3772.12,102.171
3772.48,102.171
3772.85,102.169
3773.22,102.169
3773.58,102.168
3773.95,102.167
3774.31,102.167
3774.68,102.166
3775.05,102.166
3775.41,102.165
3775.78,102.164
3776.15,102.163
3776.51,102.163
3776.88,102.162
3777.24,102.162
3777.61,102.161
3777.98,102.160
3778.34,102.160
3778.71,102.159
3779.07,102.158
3779.44,102.157
3779.81,102.156
3780.17,102.156
3780.54,102.156
3780.91,102.154
3781.27,102.154
3781.64,102.154
3782.00,102.153
3782.37,102.153
3782.74,102.151
3783.10,102.151
3783.47,102.150
3783.84,102.150
3784.20,102.149
3784.57,102.148
3784.93,102.148
3785.30,102.147
3785.67,102.146
3786.03,102.145
3786.40,102.145
3786.77,102.144
3787.13,102.143
3787.50,102.143
3787.86,102.142
3788.23,102.142
3788.60,102.141
3788.96,102.140
3789.33,102.139
3789.69,102.139
3790.06,102.138
3790.43,102.137
3790.79,102.137
3791.16,102.137
3791.53,102.136
3791.89,102.135
3792.26,102.135
3792.62,102.134
3792.99,102.133
3793.36,102.132
3793.72,102.132
3794.09,102.131
3794.46,102.131
3794.82,102.130
3795.19,102.129
3795.55,102.129
3795.92,102.128
3796.29,102.127
3796.65,102.126
3797.02,102.126
3797.39,102.126
3797.75,102.124
3798.12,102.124
3798.48,102.123
3798.85,102.123
3799.22,102.122
3799.58,102.121
3799.95,102.120
3800.32,102.120
3800.68,102.120
3801.05,102.119
3801.41,102.118
3801.78,102.118
3802.15,102.117
3802.51,102.116
3802.88,102.115
3803.24,102.115
3803.61,102.114
3803.98,102.114
3804.34,102.113
3804.71,102.112
3805.08,102.112
3805.44,102.112
3805.81,102.111
3806.17,102.110
3806.54,102.109
3806.91,102.108
3807.27,102.108
3807.64,102.107
3808.01,102.106
3808.37,102.106
3808.74,102.105
3809.10,102.105
3809.47,102.105
3809.84,102.103
3810.20,102.103
3810.57,102.102
3810.94,102.101
3811.30,102.101
3811.67,102.100
3812.03,102.100
3812.40,102.099
3812.77,102.098
3813.13,102.097
3813.50,102.097
3813.86,102.096
3814.23,102.096
3814.60,102.096
3814.96,102.095
3815.33,102.094
3815.70,102.094
3816.06,102.093
3816.43,102.092
3816.79,102.091
3817.16,102.090
3817.53,102.090
3817.89,102.090
3818.26,102.089
3818.63,102.089
3818.99,102.088
3819.36,102.087
3819.72,102.087
3820.09,102.086
3820.46,102.085
3820.82,102.084
3821.19,102.084
3821.56,102.083
3821.92,102.083
3822.29,102.083
3822.65,102.082
3823.02,102.081
3823.39,102.081
3823.75,102.080
3824.12,102.079
3824.48,102.078
3824.85,102.078
3825.22,102.077
3825.58,102.077
3825.95,102.077
3826.32,102.076
3826.68,102.075
3827.05,102.075
3827.41,102.073
3827.78,102.073
3828.15,102.072
3828.51,102.072
3828.88,102.071
3829.25,102.071
3829.61,102.071
3829.98,102.070
3830.34,102.069
3830.71,102.069
3831.08,102.067
3831.44,102.067
3831.81,102.066
3832.18,102.066
3832.54,102.065
3832.91,102.065
3833.27,102.065
3833.64,102.064
3834.01,102.063
3834.37,102.062
3834.74,102.061
3835.11,102.061
3835.47,102.060
3835.84,102.060
3836.20,102.059
3836.57,102.059
3836.94,102.059
3837.30,102.058
3837.67,102.057
3838.03,102.056
3838.40,102.056
3838.77,102.055
3839.13,102.054
3839.50,102.054
3839.87,102.053
3840.23,102.053
3840.60,102.053
3840.96,102.052
3841.33,102.051
3841.70,102.050
3842.06,102.050
3842.43,102.049
3842.80,102.048
3843.16,102.048
3843.53,102.048
3843.89,102.047
3844.26,102.047
3844.63,102.046
3844.99,102.046
3845.36,102.045
3845.73,102.044
3846.09,102.043
3846.46,102.043
3846.82,102.042
3847.19,102.042
3847.56,102.041
3847.92,102.041
3848.29,102.040
3848.65,102.040
3849.02,102.039
3849.39,102.038
3849.75,102.038
3850.12,102.037
3850.49,102.037
3850.85,102.036
3851.22,102.036
3851.58,102.035
3851.95,102.034
3852.32,102.034
3852.68,102.034
3853.05,102.032
3853.42,102.032
3853.78,102.032
3854.15,102.031
3854.51,102.031
3854.88,102.030
3855.25,102.029
3855.61,102.029
3855.98,102.029
3856.35,102.028
3856.71,102.028
3857.08,102.027
3857.44,102.026
3857.81,102.026
3858.18,102.025
3858.54,102.025
3858.91,102.024
3859.27,102.023
3859.64,102.023
3860.01,102.023
3860.37,102.022
3860.74,102.022
3861.11,102.021
3861.47,102.020
3861.84,102.019
3862.20,102.019
3862.57,102.018
3862.94,102.018
3863.30,102.018
3863.67,102.017
3864.04,102.017
3864.40,102.016
3864.77,102.016
3865.13,102.014
3865.50,102.014
3865.87,102.014
3866.23,102.013
3866.60,102.013
3866.97,102.012
3867.33,102.011
3867.70,102.011
3868.06,102.011
3868.43,102.010
3868.80,102.010
3869.16,102.009
3869.53,102.008
3869.90,102.008
3870.26,102.007
3870.63,102.007
3870.99,102.006
3871.36,102.005
3871.73,102.005
3872.09,102.005
3872.46,102.005
3872.82,102.004
3873.19,102.003
3873.56,102.002
3873.92,102.002
3874.29,102.001
3874.66,102.001
3875.02,102.001
3875.39,102.000
3875.75,102.000
3876.12,101.999
3876.49,101.999
3876.85,101.998
3877.22,101.998
3877.59,101.998
3877.95,101.996
3878.32,101.996
3878.68,101.995
3879.05,101.995
3879.42,101.995
3879.78,101.994
3880.15,101.993
3880.52,101.993
3880.88,101.993
3881.25,101.992
3881.61,101.992
3881.98,101.991
3882.35,101.990
3882.71,101.989
3883.08,101.989
3883.44,101.989
3883.81,101.989
3884.18,101.988
3884.54,101.988
3884.91,101.987
3885.28,101.987
3885.64,101.986
3886.01,101.986
3886.37,101.985
3886.74,101.984
3887.11,101.984
3887.47,101.983
3887.84,101.983
3888.21,101.983
3888.57,101.981
3888.94,101.981
3889.30,101.981
3889.67,101.981
3890.04,101.980
3890.40,101.980
3890.77,101.979
3891.14,101.978
3891.50,101.978
3891.87,101.977
3892.23,101.977
3892.60,101.977
3892.97,101.976
3893.33,101.976
3893.70,101.975
3894.07,101.975
3894.43,101.975
3894.80,101.974
3895.16,101.974
3895.53,101.972
3895.90,101.972
3896.26,101.971
3896.63,101.971
3896.99,101.971
3897.36,101.971
3897.73,101.970
3898.09,101.969
3898.46,101.969
3898.83,101.969
3899.19,101.968
3899.56,101.968
3899.92,101.967
3900.29,101.966
3900.66,101.966
3901.02,101.965
3901.39,101.965
3901.76,101.964
3902.12,101.964
3902.49,101.964
3902.85,101.963
3903.22,101.963
3903.59,101.963
3903.95,101.962
3904.32,101.961
3904.69,101.961
3905.05,101.960
3905.42,101.960
3905.78,101.959
3906.15,101.959
3906.52,101.959
3906.88,101.958
3907.25,101.958
3907.61,101.958
3907.98,101.957
3908.35,101.957
3908.71,101.956
3909.08,101.956
3909.45,101.955
3909.81,101.954
3910.18,101.954
3910.54,101.953
3910.91,101.953
3911.28,101.953
3911.64,101.952
3912.01,101.951
3912.38,101.951
3912.74,101.951
3913.11,101.951
3913.47,101.950
3913.84,101.950
3914.21,101.949
3914.57,101.948
3914.94,101.948
3915.31,101.948
3915.67,101.947
3916.04,101.947
3916.40,101.947
3916.77,101.946
3917.14,101.946
3917.50,101.945
3917.87,101.945
3918.23,101.944
3918.60,101.944
3918.97,101.943
3919.33,101.942
3919.70,101.942
3920.07,101.942
3920.43,101.941
3920.80,101.941
3921.16,101.941
3921.53,101.940
3921.90,101.939
3922.26,101.939
3922.63,101.939
3923.00,101.939
3923.36,101.938
3923.73,101.938
3924.09,101.937
3924.46,101.936
3924.83,101.936
3925.19,101.936
3925.56,101.935
3925.93,101.935
3926.29,101.934
3926.66,101.934
3927.02,101.933
3927.39,101.933
3927.76,101.933
3928.12,101.933
3928.49,101.932
3928.86,101.931
3929.22,101.931
3929.59,101.931
3929.95,101.930
3930.32,101.930
3930.69,101.929
3931.05,101.928
3931.42,101.928
3931.78,101.928
3932.15,101.928
3932.52,101.927
3932.88,101.927
3933.25,101.926
3933.62,101.925
3933.98,101.925
3934.35,101.925
3934.71,101.924
3935.08,101.924
3935.45,101.924
3935.81,101.923
3936.18,101.922
3936.55,101.922
3936.91,101.922
3937.28,101.922
3937.64,101.921
3938.01,101.921
3938.38,101.920
3938.74,101.919
3939.11,101.919
3939.48,101.919
3939.84,101.918
3940.21,101.918
3940.57,101.918
3940.94,101.917
3941.31,101.916
3941.67,101.916
3942.04,101.916
3942.40,101.916
3942.77,101.915
3943.14,101.915
3943.50,101.914
3943.87,101.914
3944.24,101.913
3944.60,101.913
3944.97,101.912
3945.33,101.912
3945.70,101.912
3946.07,101.911
3946.43,101.911
3946.80,101.910
3947.17,101.910
3947.53,101.910
3947.90,101.909
3948.26,101.909
3948.63,101.909
3949.00,101.908
3949.36,101.907
3949.73,101.907
3950.10,101.906
3950.46,101.906
3950.83,101.906
3951.19,101.906
3951.56,101.905
3951.93,101.904
3952.29,101.904
3952.66,101.904
3953.03,101.903
3953.39,101.903
3953.76,101.903
3954.12,101.902
3954.49,101.901
3954.86,101.901
3955.22,101.900
3955.59,101.900
3955.95,101.900
3956.32,101.900
3956.69,101.899
3957.05,101.898
3957.42,101.898
3957.79,101.898
3958.15,101.898
3958.52,101.897
3958.88,101.897
3959.25,101.896
3959.62,101.895
3959.98,101.895
3960.35,101.895
3960.72,101.894
3961.08,101.894
3961.45,101.894
3961.81,101.893
3962.18,101.893
3962.55,101.892
3962.91,101.892
3963.28,101.892
3963.65,101.891
3964.01,101.891
3964.38,101.890
3964.74,101.890
3965.11,101.889
3965.48,101.888
3965.84,101.888
3966.21,101.887
3966.57,101.887
3966.94,101.887
3967.31,101.886
3967.67,101.886
3968.04,101.886
3968.41,101.885
3968.77,101.885
3969.14,101.885
3969.50,101.884
3969.87,101.883
3970.24,101.883
3970.60,101.882
3970.97,101.882
3971.34,101.882
3971.70,101.882
3972.07,101.881
3972.43,101.880
3972.80,101.880
3973.17,101.880
3973.53,101.880
3973.90,101.879
3974.27,101.879
3974.63,101.877
3975.00,101.877
3975.36,101.876
3975.73,101.876
3976.10,101.876
3976.46,101.875
3976.83,101.875
3977.19,101.874
3977.56,101.874
3977.93,101.874
3978.29,101.874
3978.66,101.873
3979.03,101.873
3979.39,101.872
3979.76,101.871
3980.12,101.871
3980.49,101.870
3980.86,101.870
3981.22,101.870
3981.59,101.869
3981.96,101.869
3982.32,101.868
3982.69,101.868
3983.05,101.868
3983.42,101.867
3983.79,101.867
3984.15,101.866
3984.52,101.865
3984.89,101.865
3985.25,101.864
3985.62,101.864
3985.98,101.864
3986.35,101.863
3986.72,101.862
3987.08,101.862
3987.45,101.862
3987.82,101.862
3988.18,101.861
3988.55,101.860
3988.91,101.859
3989.28,101.859
3989.65,101.859
3990.01,101.858
3990.38,101.858
3990.74,101.857
3991.11,101.857
3991.48,101.856
3991.84,101.856
3992.21,101.856
3992.58,101.855
3992.94,101.855
3993.31,101.854
3993.67,101.853
3994.04,101.853
3994.41,101.852
3994.77,101.852
3995.14,101.852
3995.51,101.851
3995.87,101.850
3996.24,101.850
3996.60,101.850
3996.97,101.849
3997.34,101.849
3997.70,101.848
3998.07,101.847
3998.44,101.847
3998.80,101.846
3999.17,101.846
3999.53,101.846
3999.90,101.844
4000.27,101.844
4000.63,101.844
4001.00,101.844
4001.36,101.843
4001.73,101.842
4002.10,101.841
4002.46,101.841
4002.83,101.840
4003.20,101.840
4003.56,101.840
4003.93,101.839
4004.29,101.839
4004.66,101.838
4005.03,101.837
4005.39,101.837
4005.76,101.837
4006.13,101.836
4006.49,101.835
4006.86,101.834
4007.22,101.834
4007.59,101.833
4007.96,101.833
4008.32,101.833
4008.69,101.832
4009.06,101.831
4009.42,101.831
4009.79,101.830
4010.15,101.829
4010.52,101.829
4010.89,101.828
4011.25,101.828
4011.62,101.827
4011.98,101.827
4012.35,101.826
4012.72,101.825
4013.08,101.825
4013.45,101.825
4013.82,101.823
4014.18,101.823
4014.55,101.823
4014.91,101.822
4015.28,101.821
4015.65,101.821
4016.01,101.820
4016.38,101.820
4016.75,101.819
4017.11,101.818
4017.48,101.817
4017.84,101.816
4018.21,101.816
4018.58,101.816
4018.94,101.815
4019.31,101.814
4019.68,101.814
4020.04,101.813
4020.41,101.812
4020.77,101.812
4021.14,101.811
4021.51,101.810
4021.87,101.810
4022.24,101.809
4022.61,101.809
4022.97,101.808
4023.34,101.808
4023.70,101.807
4024.07,101.806
4024.44,101.805
4024.80,101.805
4025.17,101.804
4025.53,101.803
4025.90,101.803
4026.27,101.802
4026.63,101.802
4027.00,101.800
4027.37,101.800
4027.73,101.799
4028.10,101.799
4028.46,101.797
4028.83,101.797
4029.20,101.797
4029.56,101.796
4029.93,101.795
4030.30,101.794
4030.66,101.793
4031.03,101.793
4031.39,101.792
4031.76,101.791
4032.13,101.791
4032.49,101.790
4032.86,101.790
4033.23,101.788
4033.59,101.787
4033.96,101.787
4034.32,101.786
4034.69,101.785
4035.06,101.785
4035.42,101.784
4035.79,101.784
4036.15,101.782
4036.52,101.781
4036.89,101.781
4037.25,101.780
4037.62,101.779
4037.99,101.779
4038.35,101.778
4038.72,101.777
4039.08,101.776
4039.45,101.775
4039.82,101.775
4040.18,101.774
4040.55,101.773
4040.92,101.772
4041.28,101.771
4041.65,101.770
4042.01,101.769
4042.38,101.769
4042.75,101.768
4043.11,101.768
4043.48,101.767
4043.85,101.766
4044.21,101.764
4044.58,101.764
4044.94,101.763
4045.31,101.762
4045.68,101.761
4046.04,101.760
4046.41,101.760
4046.78,101.759
4047.14,101.758
4047.51,101.757
4047.87,101.756
4048.24,101.755
4048.61,101.754
4048.97,101.754
4049.34,101.752
4049.70,101.751
4050.07,101.751
4050.44,101.749
4050.80,101.749
4051.17,101.748
4051.54,101.747
4051.90,101.746
4052.27,101.745
4052.63,101.744
4053.00,101.743
4053.37,101.743
4053.73,101.742
4054.10,101.740
4054.47,101.739
4054.83,101.739
4055.20,101.737
4055.56,101.737
4055.93,101.736
4056.30,101.734
4056.66,101.733
4057.03,101.732
4057.40,101.732
4057.76,101.731
4058.13,101.730
4058.49,101.728
4058.86,101.727
4059.23,101.726
4059.59,101.726
4059.96,101.725
4060.32,101.724
4060.69,101.722
4061.06,101.721
4061.42,101.720
4061.79,101.719
4062.16,101.718
4062.52,101.717
4062.89,101.716
4063.25,101.715
4063.62,101.713
4063.99,101.713
4064.35,101.712
4064.72,101.710
4065.09,101.709
4065.45,101.708
4065.82,101.707
4066.18,101.706
4066.55,101.704
4066.92,101.703
4067.28,101.703
4067.65,101.701
4068.02,101.700
4068.38,101.699
4068.75,101.698
4069.11,101.696
4069.48,101.696
4069.85,101.695
4070.21,101.693
4070.58,101.692
4070.94,101.691
4071.31,101.689
4071.68,101.689
4072.04,101.687
4072.41,101.686
4072.78,101.685
4073.14,101.684
4073.51,101.683
4073.87,101.681
4074.24,101.680
4074.61,101.679
4074.97,101.678
4075.34,101.676
4075.71,101.675
4076.07,101.674
4076.44,101.672
4076.80,101.671
4077.17,101.670
4077.54,101.668
4077.90,101.668
4078.27,101.666
4078.64,101.665
4079.00,101.663
4079.37,101.662
4079.73,101.661
4080.10,101.660
4080.47,101.659
4080.83,101.657
4081.20,101.656
4081.57,101.654
4081.93,101.653
4082.30,101.651
4082.66,101.650
4083.03,101.649
4083.40,101.647
4083.76,101.645
4084.13,101.644
4084.49,101.643
4084.86,101.642
4085.23,101.640
4085.59,101.639
4085.96,101.637
4086.33,101.636
4086.69,101.635
4087.06,101.633
4087.42,101.632
4087.79,101.630
4088.16,101.629
4088.52,101.627
4088.89,101.625
4089.26,101.624
4089.62,101.623
4089.99,101.621
4090.35,101.620
4090.72,101.618
4091.09,101.617
4091.45,101.615
4091.82,101.613
4092.19,101.612
4092.55,101.611
4092.92,101.609
4093.28,101.608
4093.65,101.606
4094.02,101.605
4094.38,101.602
4094.75,101.601
4095.11,101.600
4095.48,101.598
4095.85,101.596
4096.21,101.595
4096.58,101.594
4096.95,101.591
4097.31,101.590
4097.68,101.588
4098.04,101.587
4098.41,101.585
4098.78,101.584
4099.14,101.582
4099.51,101.579
4099.88,101.578
4100.24,101.577
4100.61,101.575
4100.97,101.573
4101.34,101.572
4101.71,101.570
4102.07,101.568
4102.44,101.566
4102.81,101.565
4103.17,101.563
4103.54,101.561
4103.90,101.559
4104.27,101.558
4104.64,101.555
4105.00,101.554
4105.37,101.552
4105.73,101.550
4106.10,101.548
4106.47,101.547
4106.83,101.545
4107.20,101.543
4107.57,101.541
4107.93,101.540
4108.30,101.537
4108.66,101.535
4109.03,101.534
4109.40,101.532
4109.76,101.530
4110.13,101.529
4110.50,101.526
4110.86,101.525
4111.23,101.523
4111.59,101.520
4111.96,101.518
4112.33,101.516
4112.69,101.515
4113.06,101.512
4113.43,101.511
4113.79,101.509
4114.16,101.507
4114.52,101.505
4114.89,101.503
4115.26,101.501
4115.62,101.499
4115.99,101.496
4116.36,101.495
4116.72,101.493
4117.09,101.490
4117.45,101.489
4117.82,101.487
4118.19,101.484
4118.55,101.483
4118.92,101.481
4119.28,101.478
4119.65,101.476
4120.02,101.475
4120.38,101.472
4120.75,101.470
4121.12,101.468
4121.48,101.466
4121.85,101.464
4122.21,101.462
4122.58,101.459
4122.95,101.457
4123.31,101.455
4123.68,101.453
4124.05,101.451
4124.41,101.448
4124.78,101.446
4125.14,101.444
4125.51,101.442
4125.88,101.440
4126.24,101.438
4126.61,101.435
4126.98,101.433
4127.34,101.430
4127.71,101.428
4128.07,101.426
4128.44,101.423
4128.81,101.422
4129.17,101.419
4129.54,101.416
4129.90,101.415
4130.27,101.412
4130.64,101.410
4131.00,101.407
4131.37,101.405
4131.74,101.403
4132.10,101.400
4132.47,101.398
4132.83,101.395
4133.20,101.393
4133.57,101.391
4133.93,101.388
4134.30,101.386
4134.67,101.383
4135.03,101.381
4135.40,101.379
4135.76,101.376
4136.13,101.374
4136.50,101.371
4136.86,101.368
4137.23,101.367
4137.60,101.363
4137.96,101.362
4138.33,101.358
4138.69,101.357
4139.06,101.353
4139.43,101.351
4139.79,101.349
4140.16,101.346
4140.53,101.344
4140.89,101.341
4141.26,101.338
4141.62,101.335
4141.99,101.333
4142.36,101.330
4142.72,101.328
4143.09,101.325
4143.45,101.322
4143.82,101.320
4144.19,101.317
4144.55,101.315
4144.92,101.311
4145.29,101.309
4145.65,101.306
4146.02,101.304
4146.38,101.301
4146.75,101.298
4147.12,101.296
4147.48,101.293
4147.85,101.290
4148.22,101.287
4148.58,101.285
4148.95,101.282
4149.31,101.279
4149.68,101.276
4150.05,101.273
4150.41,101.270
4150.78,101.268
4151.15,101.265
4151.51,101.262
4151.88,101.260
4152.24,101.257
4152.61,101.254
4152.98,101.251
4153.34,101.248
4153.71,101.245
4154.07,101.242
4154.44,101.239
4154.81,101.236
4155.17,101.233
4155.54,101.230
4155.91,101.227
4156.27,101.224
4156.64,101.221
4157.00,101.219
4157.37,101.215
4157.74,101.212
4158.10,101.210
4158.47,101.206
4158.84,101.203
4159.20,101.200
4159.57,101.197
4159.93,101.194
4160.30,101.191
4160.67,101.188
4161.03,101.184
4161.40,101.182
4161.77,101.178
4162.13,101.175
4162.50,101.172
4162.86,101.169
4163.23,101.166
4163.60,101.163
4163.96,101.159
4164.33,101.156
4164.69,101.153
4165.06,101.150
4165.43,101.147
4165.79,101.143
4166.16,101.141
4166.53,101.137
4166.89,101.134
4167.26,101.130
4167.62,101.127
4167.99,101.124
4168.36,101.121
4168.72,101.118
4169.09,101.114
4169.46,101.111
4169.82,101.107
4170.19,101.104
4170.55,101.101
4170.92,101.097
4171.29,101.094
4171.65,101.090
4172.02,101.087
4172.39,101.084
4172.75,101.081
4173.12,101.078
4173.48,101.074
4173.85,101.071
4174.22,101.067
4174.58,101.064
4174.95,101.060
4175.32,101.056
4175.68,101.053
4176.05,101.049
4176.41,101.046
4176.78,101.043
4177.15,101.039
4177.51,101.035
4177.88,101.032
4178.24,101.028
4178.61,101.025
4178.98,101.020
4179.34,101.017
4179.71,101.013
4180.08,101.010
4180.44,101.007
4180.81,101.003
4181.17,100.999
4181.54,100.995
4181.91,100.992
4182.27,100.988
4182.64,100.984
4183.01,100.981
4183.37,100.977
4183.74,100.974
4184.10,100.969
4184.47,100.966
4184.84,100.963
4185.20,100.959
4185.57,100.954
4185.94,100.951
4186.30,100.947
4186.67,100.944
4187.03,100.940
4187.40,100.936
4187.77,100.931
4188.13,100.928
4188.50,100.924
4188.86,100.921
4189.23,100.916
4189.60,100.912
4189.96,100.909
4190.33,100.904
4190.70,100.900
4191.06,100.897
4191.43,100.893
4191.79,100.889
4192.16,100.885
4192.53,100.881
4192.89,100.877
4193.26,100.873
4193.63,100.869
4193.99,100.865
4194.36,100.861
4194.72,100.857
4195.09,100.853
4195.46,100.849
4195.82,100.844
4196.19,100.840
4196.56,100.836
4196.92,100.832
4197.29,100.828
4197.65,100.823
4198.02,100.820
4198.39,100.816
4198.75,100.811
4199.12,100.807
4199.48,100.803
4199.85,100.799
4200.22,100.794
4200.58,100.791
4200.95,100.786
4201.32,100.782
4201.68,100.778
4202.05,100.773
4202.41,100.769
4202.78,100.764
4203.15,100.760
4203.51,100.756
4203.88,100.751
4204.25,100.748
4204.61,100.743
4204.98,100.739
4205.34,100.734
4205.71,100.730
4206.08,100.725
4206.44,100.720
4206.81,100.716
4207.18,100.712
4207.54,100.708
4207.91,100.703
4208.27,100.698
4208.64,100.694
4209.01,100.689
4209.37,100.685
4209.74,100.680
4210.11,100.675
4210.47,100.672
4210.84,100.667
4211.20,100.662
4211.57,100.658
4211.94,100.653
4212.30,100.649
4212.67,100.644
4213.03,100.639
4213.40,100.635
4213.77,100.630
4214.13,100.626
4214.50,100.620
4214.87,100.615
4215.23,100.611
4215.60,100.607
4215.96,100.602
4216.33,100.597
4216.70,100.592
4217.06,100.587
4217.43,100.582
4217.80,100.578
4218.16,100.573
4218.53,100.568
4218.89,100.563
4219.26,100.558
4219.63,100.553
4219.99,100.548
4220.36,100.543
4220.73,100.539
4221.09,100.534
4221.46,100.529
4221.82,100.524
4222.19,100.519
4222.56,100.514
4222.92,100.509
4223.29,100.504
4223.65,100.499
4224.02,100.494
4224.39,100.489
4224.75,100.483
4225.12,100.478
4225.49,100.474
4225.85,100.469
4226.22,100.463
4226.58,100.459
4226.95,100.453
4227.32,100.448
4227.68,100.443
4228.05,100.438
4228.42,100.433
4228.78,100.428
4229.15,100.422
4229.51,100.417
4229.88,100.412
4230.25,100.406
4230.61,100.401
4230.98,100.396
4231.35,100.391
4231.71,100.386
4232.08,100.380
4232.44,100.374
4232.81,100.370
4233.18,100.364
4233.54,100.359
4233.91,100.353
4234.28,100.347
4234.64,100.343
4235.01,100.337
4235.37,100.332
4235.74,100.326
4236.11,100.321
4236.47,100.315
4236.84,100.309
4237.20,100.304
4237.57,100.298
4237.94,100.293
4238.30,100.287
4238.67,100.281
4239.04,100.276
4239.40,100.271
4239.77,100.265
4240.13,100.260
4240.50,100.254
4240.87,100.248
4241.23,100.242
4241.60,100.237
4241.97,100.231
4242.33,100.225
4242.70,100.220
4243.06,100.214
4243.43,100.208
4243.80,100.203
4244.16,100.196
4244.53,100.191
4244.90,100.184
4245.26,100.179
4245.63,100.173
4245.99,100.167
4246.36,100.161
4246.73,100.156
4247.09,100.150
4247.46,100.144
4247.82,100.138
4248.19,100.132
4248.56,100.126
4248.92,100.120
4249.29,100.114
4249.66,100.108
4250.02,100.102
4250.39,100.096
4250.75,100.090
4251.12,100.083
4251.49,100.078
4251.85,100.072
4252.22,100.066
4252.59,100.059
4252.95,100.053
4253.32,100.047
4253.68,100.041
4254.05,100.034
4254.42,100.029
4254.78,100.022
4255.15,100.016
4255.52,100.010
4255.88,100.004
4256.25,99.997
4256.61,99.991
4256.98,99.984
4257.35,99.978
4257.71,99.972
4258.08,99.965
4258.44,99.959
4258.81,99.953
4259.18,99.946
4259.54,99.940
4259.91,99.934
4260.28,99.927
4260.64,99.921
4261.01,99.914
4261.37,99.907
4261.74,99.901
4262.11,99.894
4262.47,99.887
4262.84,99.881
4263.21,99.874
4263.57,99.868
4263.94,99.862
4264.30,99.855
4264.67,99.848
4265.04,99.841
4265.40,99.835
4265.77,99.828
4266.14,99.822
4266.50,99.815
4266.87,99.808
4267.23,99.802
4267.60,99.794
4267.97,99.787
4268.33,99.781
4268.70,99.774
4269.07,99.767
4269.43,99.761
4269.80,99.754
4270.16,99.746
4270.53,99.740
4270.90,99.732
4271.26,99.726
4271.63,99.719
4271.99,99.712
4272.36,99.704
4272.73,99.698
4273.09,99.691
4273.46,99.684
4273.83,99.677
4274.19,99.670
4274.56,99.662
4274.92,99.656
4275.29,99.648
4275.66,99.642
4276.02,99.634
4276.39,99.626
4276.76,99.620
4277.12,99.612
4277.49,99.606
4277.85,99.598
4278.22,99.591
4278.59,99.584
4278.95,99.577
4279.32,99.569
4279.69,99.561
4280.05,99.555
4280.42,99.547
4280.78,99.540
4281.15,99.532
4281.52,99.524
4281.88,99.518
4282.25,99.510
4282.61,99.502
4282.98,99.495
4283.35,99.487
4283.71,99.480
4284.08,99.472
4284.45,99.465
4284.81,99.458
4285.18,99.450
4285.54,99.442
4285.91,99.435
4286.28,99.428
4286.64,99.419
4287.01,99.412
4287.38,99.405
4287.74,99.397
4288.11,99.388
4288.47,99.381
4288.84,99.373
4289.21,99.365
4289.57,99.358
4289.94,99.350
4290.31,99.343
4290.67,99.334
4291.04,99.327
4291.40,99.319
4291.77,99.311
4292.14,99.303
4292.50,99.296
4292.87,99.287
4293.23,99.279
4293.60,99.272
4293.97,99.263
4294.33,99.255
4294.70,99.248
4295.07,99.239
4295.43,99.231
4295.80,99.224
4296.16,99.215
4296.53,99.207
4296.90,99.198
4297.26,99.191
4297.63,99.183
4298.00,99.174
4298.36,99.166
4298.73,99.158
4299.09,99.150
4299.46,99.142
4299.83,99.133
4300.19,99.125
4300.56,99.117
4300.93,99.108
4301.29,99.100
4301.66,99.091
4302.02,99.083
4302.39,99.075
4302.76,99.067
4303.12,99.059
4303.49,99.050
4303.86,99.041
4304.22,99.034
4304.59,99.025
4304.95,99.016
4305.32,99.007
4305.69,99.000
4306.05,98.991
4306.42,98.982
4306.78,98.974
4307.15,98.965
4307.52,98.956
4307.88,98.948
4308.25,98.939
4308.62,98.930
4308.98,98.922
4309.35,98.913
4309.71,98.904
4310.08,98.896
4310.45,98.887
4310.81,98.879
4311.18,98.870
4311.55,98.861
4311.91,98.852
4312.28,98.843
4312.64,98.834
4313.01,98.826
4313.38,98.816
4313.74,98.808
4314.11,98.799
4314.48,98.790
4314.84,98.781
4315.21,98.772
4315.57,98.763
4315.94,98.754
4316.31,98.745
4316.67,98.736
4317.04,98.727
4317.40,98.719
4317.77,98.709
4318.14,98.700
4318.50,98.691
4318.87,98.681
4319.24,98.673
4319.60,98.663
4319.97,98.654
4320.33,98.645
4320.70,98.636
4321.07,98.626
4321.43,98.618
4321.80,98.608
4322.17,98.599
4322.53,98.589
4322.90,98.581
4323.26,98.571
4323.63,98.562
4324.00,98.553
4324.36,98.543
4324.73,98.534
4325.10,98.525
4325.46,98.515
4325.83,98.506
4326.19,98.496
4326.56,98.487
4326.93,98.477
4327.29,98.468
4327.66,98.459
4328.03,98.449
4328.39,98.439
4328.76,98.430
4329.12,98.421
4329.49,98.411
4329.86,98.401
4330.22,98.392
4330.59,98.382
4330.95,98.372
4331.32,98.363
4331.69,98.353
4332.05,98.344
4332.42,98.334
4332.79,98.324
4333.15,98.314
4333.52,98.304
4333.88,98.295
4334.25,98.285
4334.62,98.275
4334.98,98.266
4335.35,98.256
4335.72,98.245
4336.08,98.236
4336.45,98.226
4336.81,98.216
4337.18,98.207
4337.55,98.196
4337.91,98.186
4338.28,98.177
4338.65,98.166
4339.01,98.157
4339.38,98.147
4339.74,98.137
4340.11,98.127
4340.48,98.117
4340.84,98.107
4341.21,98.097
4341.57,98.087
4341.94,98.077
4342.31,98.067
4342.67,98.056
4343.04,98.047
4343.41,98.036
4343.77,98.026
4344.14,98.017
4344.50,98.006
4344.87,97.996
4345.24,97.986
4345.60,97.976
4345.97,97.965
4346.34,97.955
4346.70,97.946
4347.07,97.935
4347.43,97.924
4347.80,97.915
4348.17,97.904
4348.53,97.894
4348.90,97.883
4349.27,97.873
4349.63,97.863
4350.00,97.852
4350.36,97.843
4350.73,97.832
4351.10,97.822
4351.46,97.811
4351.83,97.800
4352.19,97.791
4352.56,97.781
4352.93,97.770
4353.29,97.760
4353.66,97.749
4354.03,97.739
4354.39,97.728
4354.76,97.718
4355.12,97.707
4355.49,97.696
4355.86,97.685
4356.22,97.675
4356.59,97.665
4356.96,97.655
4357.32,97.644
4357.69,97.633
4358.05,97.623
4358.42,97.612
4358.79,97.601
4359.15,97.591
4359.52,97.580
4359.89,97.570
4360.25,97.559
4360.62,97.548
4360.98,97.537
4361.35,97.527
4361.72,97.517
4362.08,97.506
4362.45,97.495
4362.82,97.484
4363.18,97.474
4363.55,97.463
4363.91,97.453
4364.28,97.442
4364.65,97.431
4365.01,97.421
4365.38,97.410
4365.74,97.398
4366.11,97.388
4366.48,97.377
4366.84,97.367
4367.21,97.356
4367.58,97.345
4367.94,97.334
4368.31,97.323
4368.67,97.312
4369.04,97.302
4369.41,97.291
4369.77,97.280
4370.14,97.269
4370.51,97.258
4370.87,97.248
4371.24,97.237
4371.60,97.226
4371.97,97.215
4372.34,97.204
4372.70,97.193
4373.07,97.182
4373.44,97.171
4373.80,97.160
4374.17,97.150
4374.53,97.139
4374.90,97.128
4375.27,97.117
4375.63,97.106
4376.00,97.095
4376.36,97.084
4376.73,97.073
4377.10,97.062
4377.46,97.052
4377.83,97.040
4378.20,97.029
4378.56,97.018
4378.93,97.007
4379.29,96.996
4379.66,96.986
4380.03,96.975
4380.39,96.963
4380.76,96.953
4381.13,96.941
4381.49,96.930
4381.86,96.919
4382.22,96.909
4382.59,96.898
4382.96,96.886
4383.32,96.876
4383.69,96.864
4384.06,96.853
4384.42,96.843
4384.79,96.832
4385.15,96.821
4385.52,96.809
4385.89,96.798
4386.25,96.787
4386.62,96.776
4386.98,96.766
4387.35,96.754
4387.72,96.743
4388.08,96.732
4388.45,96.721
4388.82,96.710
4389.18,96.700
4389.55,96.688
4389.91,96.678
4390.28,96.666
4390.65,96.655
4391.01,96.644
4391.38,96.633
4391.75,96.623
4392.11,96.611
4392.48,96.600
4392.84,96.590
4393.21,96.578
4393.58,96.567
4393.94,96.556
4394.31,96.545
4394.68,96.534
4395.04,96.523
4395.41,96.513
4395.77,96.501
4396.14,96.490
4396.51,96.479
4396.87,96.469
4397.24,96.457
4397.61,96.446
4397.97,96.435
4398.34,96.424
4398.70,96.413
4399.07,96.402
4399.44,96.392
4399.80,96.380
4400.17,96.370
4400.53,96.358
4400.90,96.347
4401.27,96.337
4401.63,96.326
4402.00,96.315
4402.37,96.304
4402.73,96.293
4403.10,96.282
4403.46,96.271
4403.83,96.261
4404.20,96.250
4404.56,96.239
4404.93,96.227
4405.30,96.217
4405.66,96.206
4406.03,96.195
4406.39,96.184
4406.76,96.173
4407.13,96.162
4407.49,96.151
4407.86,96.141
4408.23,96.130
4408.59,96.119
4408.96,96.108
4409.32,96.097
4409.69,96.087
4410.06,96.076
4410.42,96.065
4410.79,96.054
4411.15,96.043
4411.52,96.032
4411.89,96.022
4412.25,96.011
4412.62,96.001
4412.99,95.990
4413.35,95.979
4413.72,95.969
4414.08,95.957
4414.45,95.947
4414.82,95.936
4415.18,95.925
4415.55,95.916
4415.92,95.904
4416.28,95.894
4416.65,95.883
4417.01,95.873
4417.38,95.862
4417.75,95.851
4418.11,95.841
4418.48,95.831
4418.85,95.820
4419.21,95.809
4419.58,95.799
4419.94,95.788
4420.31,95.778
4420.68,95.767
4421.04,95.757
4421.41,95.746
4421.78,95.736
4422.14,95.726
4422.51,95.715
4422.87,95.705
4423.24,95.695
4423.61,95.685
4423.97,95.674
4424.34,95.663
4424.70,95.653
4425.07,95.642
4425.44,95.632
4425.80,95.622
4426.17,95.612
4426.54,95.602
4426.90,95.591
4427.27,95.582
4427.63,95.571
4428.00,95.561
4428.37,95.551
4428.73,95.541
4429.10,95.531
4429.47,95.520
4429.83,95.510
4430.20,95.501
4430.56,95.490
4430.93,95.481
4431.30,95.470
4431.66,95.460
4432.03,95.451
4432.40,95.440
4432.76,95.430
4433.13,95.421
4433.49,95.410
4433.86,95.400
4434.23,95.390
4434.59,95.381
4434.96,95.370
4435.32,95.361
4435.69,95.351
4436.06,95.341
4436.42,95.332
4436.79,95.322
4437.16,95.312
4437.52,95.302
4437.89,95.292
4438.25,95.283
4438.62,95.273
4438.99,95.263
4439.35,95.254
4439.72,95.245
4440.09,95.234
4440.45,95.225
4440.82,95.216
4441.18,95.206
4441.55,95.197
4441.92,95.187
4442.28,95.178
4442.65,95.168
4443.02,95.159
4443.38,95.149
4443.75,95.141
4444.11,95.131
4444.48,95.121
4444.85,95.112
4445.21,95.103
4445.58,95.094
4445.94,95.085
4446.31,95.075
4446.68,95.066
4447.04,95.057
4447.41,95.047
4447.78,95.039
4448.14,95.029
4448.51,95.020
4448.87,95.011
4449.24,95.002
4449.61,94.994
4449.97,94.984
4450.34,94.975
4450.71,94.966
4451.07,94.958
4451.44,94.948
4451.80,94.940
4452.17,94.931
4452.54,94.922
4452.90,94.913
4453.27,94.904
4453.64,94.896
4454.00,94.887
4454.37,94.879
4454.73,94.870
4455.10,94.861
4455.47,94.852
4455.83,94.844
4456.20,94.835
4456.57,94.827
4456.93,94.819
4457.30,94.809
4457.66,94.802
4458.03,94.793
4458.40,94.785
4458.76,94.776
4459.13,94.767
4459.49,94.760
4459.86,94.751
4460.23,94.743
4460.59,94.735
4460.96,94.727
4461.33,94.719
4461.69,94.710
4462.06,94.702
4462.42,94.694
4462.79,94.686
4463.16,94.678
4463.52,94.669
4463.89,94.662
4464.26,94.654
4464.62,94.646
4464.99,94.638
4465.35,94.630
4465.72,94.622
4466.09,94.614
4466.45,94.607
4466.82,94.599
4467.19,94.590
4467.55,94.583
4467.92,94.576
4468.28,94.568
4468.65,94.561
4469.02,94.552
4469.38,94.545
4469.75,94.537
4470.11,94.530
4470.48,94.523
4470.85,94.515
4471.21,94.507
4471.58,94.501
4471.95,94.493
4472.31,94.486
4472.68,94.478
4473.04,94.471
4473.41,94.464
4473.78,94.457
4474.14,94.449
4474.51,94.441
4474.88,94.434
4475.24,94.428
4475.61,94.421
4475.97,94.413
4476.34,94.406
4476.71,94.400
4477.07,94.392
4477.44,94.386
4477.81,94.379
4478.17,94.372
4478.54,94.365
4478.90,94.358
4479.27,94.351
4479.64,94.345
4480.00,94.338
4480.37,94.331
4480.74,94.324
4481.10,94.317
4481.47,94.311
4481.83,94.304
4482.20,94.298
4482.57,94.291
4482.93,94.285
4483.30,94.278
4483.66,94.272
4484.03,94.266
4484.40,94.259
4484.76,94.252
4485.13,94.247
4485.50,94.240
4485.86,94.234
4486.23,94.227
4486.59,94.222
4486.96,94.215
4487.33,94.210
4487.69,94.203
4488.06,94.197
4488.43,94.191
4488.79,94.185
4489.16,94.179
4489.52,94.173
4489.89,94.167
4490.26,94.162
4490.62,94.156
4490.99,94.150
4491.36,94.144
4491.72,94.138
4492.09,94.132
4492.45,94.126
4492.82,94.121
4493.19,94.115
4493.55,94.110
4493.92,94.105
4494.28,94.099
4494.65,94.093
4495.02,94.088
4495.38,94.083
4495.75,94.077
4496.12,94.072
4496.48,94.066
4496.85,94.061
4497.21,94.055
4497.58,94.050
4497.95,94.045
4498.31,94.040
4498.68,94.034
4499.05,94.030
4499.41,94.025
4499.78,94.019
4500.14,94.014
4500.51,94.009
4500.88,94.004
4501.24,93.999
4501.61,93.994
4501.98,93.989
4502.34,93.984
4502.71,93.980
4503.07,93.975
4503.44,93.970
4503.81,93.965
4504.17,93.960
4504.54,93.956
4504.90,93.951
4505.27,93.947
4505.64,93.942
4506.00,93.938
4506.37,93.933
4506.74,93.928
4507.10,93.924
4507.47,93.920
4507.83,93.915
4508.20,93.911
4508.57,93.906
4508.93,93.902
4509.30,93.898
4509.67,93.893
4510.03,93.889
4510.40,93.886
4510.76,93.881
4511.13,93.877
4511.50,93.873
4511.86,93.869
4512.23,93.865
4512.60,93.861
4512.96,93.856
4513.33,93.852
4513.69,93.849
4514.06,93.844
4514.43,93.841
4514.79,93.838
4515.16,93.834
4515.53,93.830
4515.89,93.826
4516.26,93.822
4516.62,93.819
4516.99,93.814
4517.36,93.811
4517.72,93.808
4518.09,93.804
4518.45,93.800
4518.82,93.797
4519.19,93.794
4519.55,93.790
4519.92,93.787
4520.29,93.784
4520.65,93.779
4521.02,93.776
4521.38,93.774
4521.75,93.770
4522.12,93.767
4522.48,93.764
4522.85,93.761
4523.22,93.757
4523.58,93.755
4523.95,93.751
4524.31,93.748
4524.68,93.745
4525.05,93.742
4525.41,93.739
4525.78,93.736
4526.15,93.733
4526.51,93.730
4526.88,93.727
4527.24,93.725
4527.61,93.722
4527.98,93.719
4528.34,93.716
4528.71,93.713
4529.07,93.710
4529.44,93.709
4529.81,93.706
4530.17,93.703
4530.54,93.701
4530.91,93.698
4531.27,93.695
4531.64,93.693
4532.00,93.690
4532.37,93.688
4532.74,93.686
4533.10,93.683
4533.47,93.681
4533.84,93.679
4534.20,93.676
4534.57,93.674
4534.93,93.672
4535.30,93.669
4535.67,93.667
4536.03,93.665
4536.40,93.663
4536.77,93.661
4537.13,93.659
4537.50,93.657
4537.86,93.655
4538.23,93.653
4538.60,93.650
4538.96,93.649
4539.33,93.647
4539.69,93.645
4540.06,93.643
4540.43,93.641
4540.79,93.640
4541.16,93.638
4541.53,93.636
4541.89,93.635
4542.26,93.632
4542.62,93.631
4542.99,93.630
4543.36,93.628
4543.72,93.626
4544.09,93.624
4544.46,93.623
4544.82,93.621
4545.19,93.620
4545.55,93.618
4545.92,93.618
4546.29,93.616
4546.65,93.614
4547.02,93.613
4547.39,93.612
4547.75,93.611
4548.12,93.609
4548.48,93.608
4548.85,93.606
4549.22,93.606
4549.58,93.605
4549.95,93.603
4550.32,93.602
4550.68,93.601
4551.05,93.600
4551.41,93.599
4551.78,93.597
4552.15,93.596
4552.51,93.596
4552.88,93.595
4553.24,93.594
4553.61,93.593
4553.98,93.592
4554.34,93.591
4554.71,93.590
4555.08,93.590
4555.44,93.588
4555.81,93.588
4556.17,93.588
4556.54,93.587
4556.91,93.586
4557.27,93.585
4557.64,93.585
4558.01,93.584
4558.37,93.583
4558.74,93.583
4559.10,93.582
4559.47,93.582
4559.84,93.581
4560.20,93.581
4560.57,93.581
4560.94,93.580
4561.30,93.579
4561.67,93.579
4562.03,93.579
4562.40,93.579
4562.77,93.578
4563.13,93.578
4563.50,93.578
4563.86,93.578
4564.23,93.577
4564.60,93.577
4564.96,93.577
4565.33,93.577
4565.70,93.577
4566.06,93.576
4566.43,93.576
4566.79,93.576
4567.16,93.576
4567.53,93.576
4567.89,93.576
4568.26,93.576
4568.63,93.576
4568.99,93.576
4569.36,93.576
4569.72,93.576
4570.09,93.577
4570.46,93.577
4570.82,93.577
4571.19,93.577
4571.56,93.577
4571.92,93.578
4572.29,93.578
4572.65,93.578
4573.02,93.578
4573.39,93.578
4573.75,93.578
4574.12,93.579
4574.49,93.579
4574.85,93.579
4575.22,93.580
4575.58,93.580
4575.95,93.581
4576.32,93.582
4576.68,93.582
4577.05,93.582
4577.41,93.583
4577.78,93.583
4578.15,93.584
4578.51,93.585
4578.88,93.585
4579.25,93.586
4579.61,93.586
4579.98,93.587
4580.34,93.588
4580.71,93.588
4581.08,93.589
4581.44,93.590
4581.81,93.590
4582.18,93.591
4582.54,93.592
4582.91,93.593
4583.27,93.594
4583.64,93.594
4584.01,93.595
4584.37,93.596
4584.74,93.597
4585.11,93.597
4585.47,93.599
4585.84,93.600
4586.20,93.601
4586.57,93.602
4586.94,93.602
4587.30,93.603
4587.67,93.604
4588.03,93.606
4588.40,93.607
4588.77,93.607
4589.13,93.608
4589.50,93.610
4589.87,93.611
4590.23,93.612
4590.60,93.613
4590.96,93.614
4591.33,93.615
4591.70,93.617
4592.06,93.618
4592.43,93.619
4592.80,93.620
4593.16,93.621
4593.53,93.623
4593.89,93.624
4594.26,93.626
4594.63,93.626
4594.99,93.628
4595.36,93.629
4595.73,93.631
4596.09,93.632
4596.46,93.633
4596.82,93.635
4597.19,93.636
4597.56,93.637
4597.92,93.639
4598.29,93.641
4598.65,93.642
4599.02,93.643
4599.39,93.645
4599.75,93.647
4600.12,93.648
4600.49,93.649
4600.85,93.651
4601.22,93.653
4601.58,93.654
4601.95,93.656
4602.32,93.657
4602.68,93.659
4603.05,93.660
4603.42,93.662
4603.78,93.664
4604.15,93.665
4604.51,93.667
4604.88,93.669
4605.25,93.671
4605.61,93.672
4605.98,93.674
4606.35,93.675
4606.71,93.678
4607.08,93.679
4607.44,93.681
4607.81,93.683
4608.18,93.684
4608.54,93.686
4608.91,93.688
4609.28,93.691
4609.64,93.692
4610.01,93.694
4610.37,93.696
4610.74,93.697
4611.11,93.700
4611.47,93.701
4611.84,93.703
4612.20,93.706
4612.57,93.707
4612.94,93.709
4613.30,93.711
4613.67,93.713
4614.04,93.715
4614.40,93.717
4614.77,93.719
4615.13,93.721
4615.50,93.723
4615.87,93.725
4616.23,93.727
4616.60,93.729
4616.97,93.731
4617.33,93.733
4617.70,93.736
4618.06,93.738
4618.43,93.739
4618.80,93.742
4619.16,93.743
4619.53,93.746
4619.90,93.748
4620.26,93.750
4620.63,93.752
4620.99,93.755
4621.36,93.757
4621.73,93.758
4622.09,93.761
4622.46,93.763
4622.82,93.766
4623.19,93.767
4623.56,93.770
4623.92,93.773
4624.29,93.774
4624.66,93.776
4625.02,93.779
4625.39,93.781
4625.75,93.783
4626.12,93.785
4626.49,93.787
4626.85,93.790
4627.22,93.792
4627.59,93.795
4627.95,93.797
4628.32,93.799
4628.68,93.802
4629.05,93.804
4629.42,93.806
4629.78,93.809
4630.15,93.811
4630.52,93.814
4630.88,93.816
4631.25,93.818
4631.61,93.821
4631.98,93.823
4632.35,93.825
4632.71,93.828
4633.08,93.830
4633.44,93.833
4633.81,93.835
4634.18,93.838
4634.54,93.840
4634.91,93.843
4635.28,93.844
4635.64,93.847
4636.01,93.850
4636.37,93.853
4636.74,93.855
4637.11,93.858
4637.47,93.859
4637.84,93.862
4638.21,93.864
4638.57,93.867
4638.94,93.869
4639.30,93.872
4639.67,93.875
4640.04,93.877
4640.40,93.880
4640.77,93.882
4641.14,93.885
4641.50,93.887
4641.87,93.890
4642.23,93.892
4642.60,93.895
4642.97,93.898
4643.33,93.900
4643.70,93.903
4644.07,93.905
4644.43,93.908
4644.80,93.910
4645.16,93.913
4645.53,93.916
4645.90,93.918
4646.26,93.921
4646.63,93.924
4646.99,93.926
4647.36,93.928
4647.73,93.931
4648.09,93.934
4648.46,93.936
4648.83,93.939
4649.19,93.942
4649.56,93.945
4649.92,93.947
4650.29,93.950
4650.66,93.953
4651.02,93.955
4651.39,93.958
4651.76,93.960
4652.12,93.963
4652.49,93.965
4652.85,93.969
4653.22,93.971
4653.59,93.974
4653.95,93.977
4654.32,93.979
4654.69,93.981
4655.05,93.984
4655.42,93.987
4655.78,93.989
4656.15,93.993
4656.52,93.995
4656.88,93.998
4657.25,94.000
4657.61,94.003
4657.98,94.006
4658.35,94.008
4658.71,94.011
4659.08,94.014
4659.45,94.017
4659.81,94.019
4660.18,94.023
4660.54,94.025
4660.91,94.028
4661.28,94.030
4661.64,94.033
4662.01,94.036
4662.38,94.038
4662.74,94.041
4663.11,94.044
4663.47,94.047
4663.84,94.049
4664.21,94.053
4664.57,94.055
4664.94,94.058
4665.31,94.061
4665.67,94.064
4666.04,94.066
4666.40,94.069
4666.77,94.071
4667.14,94.074
4667.50,94.077
4667.87,94.079
4668.24,94.082
4668.60,94.085
4668.97,94.088
4669.33,94.091
4669.70,94.094
4670.07,94.096
4670.43,94.099
4670.80,94.102
4671.16,94.105
4671.53,94.107
4671.90,94.111
4672.26,94.113
4672.63,94.116
4673.00,94.119
4673.36,94.121
4673.73,94.124
4674.09,94.127
4674.46,94.130
4674.83,94.132
4675.19,94.135
4675.56,94.138
4675.93,94.141
4676.29,94.144
4676.66,94.146
4677.02,94.149
4677.39,94.151
4677.76,94.155
4678.12,94.157
4678.49,94.160
4678.86,94.163
4679.22,94.166
4679.59,94.168
4679.95,94.171
4680.32,94.174
4680.69,94.177
4681.05,94.180
4681.42,94.183
4681.78,94.185
4682.15,94.188
4682.52,94.191
4682.88,94.194
4683.25,94.196
4683.62,94.199
4683.98,94.202
4684.35,94.204
4684.71,94.207
4685.08,94.210
4685.45,94.213
4685.81,94.215
4686.18,94.219
4686.55,94.221
4686.91,94.224
4687.28,94.227
4687.64,94.229
4688.01,94.232
4688.38,94.235
4688.74,94.237
4689.11,94.240
4689.48,94.243
4689.84,94.246
4690.21,94.249
4690.57,94.251
4690.94,94.254
4691.31,94.257
4691.67,94.260
4692.04,94.263
4692.40,94.265
4692.77,94.268
4693.14,94.271
4693.50,94.274
4693.87,94.276
4694.24,94.279
4694.60,94.281
4694.97,94.285
4695.33,94.287
4695.70,94.290
4696.07,94.292
4696.43,94.296
4696.80,94.298
4697.17,94.301
4697.53,94.303
4697.90,94.306
4698.26,94.309
4698.63,94.312
4699.00,94.315
4699.36,94.317
4699.73,94.320
4700.10,94.322
4700.46,94.326
4700.83,94.328
4701.19,94.331
4701.56,94.334
4701.93,94.337
4702.29,94.339
4702.66,94.342
4703.03,94.345
4703.39,94.347
4703.76,94.350
4704.12,94.353
4704.49,94.356
4704.86,94.358
4705.22,94.361
4705.59,94.364
4705.95,94.367
4706.32,94.369
4706.69,94.371
4707.05,94.374
4707.42,94.377
4707.79,94.380
4708.15,94.382
4708.52,94.385
4708.88,94.388
4709.25,94.391
4709.62,94.393
4709.98,94.396
4710.35,94.398
4710.72,94.401
4711.08,94.404
4711.45,94.406
4711.81,94.409
4712.18,94.412
4712.55,94.415
4712.91,94.417
4713.28,94.420
4713.65,94.423
4714.01,94.425
4714.38,94.428
4714.74,94.430
4715.11,94.433
4715.48,94.436
4715.84,94.439
4716.21,94.441
4716.57,94.444
4716.94,94.447
4717.31,94.449
4717.67,94.452
4718.04,94.454
4718.41,94.457
4718.77,94.459
4719.14,94.462
4719.50,94.465
4719.87,94.467
4720.24,94.470
4720.60,94.472
4720.97,94.476
4721.34,94.478
4721.70,94.481
4722.07,94.483
4722.43,94.486
4722.80,94.489
4723.17,94.490
4723.53,94.493
4723.90,94.496
4724.27,94.499
4724.63,94.501
4725.00,94.504
4725.36,94.507
4725.73,94.509
4726.10,94.512
4726.46,94.514
4726.83,94.517
4727.19,94.519
4727.56,94.522
4727.93,94.525
4728.29,94.527
4728.66,94.529
4729.03,94.532
4729.39,94.535
4729.76,94.537
4730.12,94.540
4730.49,94.543
4730.86,94.545
4731.22,94.547
4731.59,94.549
4731.96,94.553
4732.32,94.555
4732.69,94.557
4733.05,94.560
4733.42,94.562
4733.79,94.565
4734.15,94.567
4734.52,94.570
4734.89,94.572
4735.25,94.575
4735.62,94.578
4735.98,94.580
4736.35,94.583
4736.72,94.585
4737.08,94.588
4737.45,94.590
4737.82,94.593
4738.18,94.595
4738.55,94.597
4738.91,94.600
4739.28,94.602
4739.65,94.605
4740.01,94.607
4740.38,94.609
4740.74,94.613
4741.11,94.615
4741.48,94.617
4741.84,94.620
4742.21,94.622
4742.58,94.624
4742.94,94.627
4743.31,94.630
4743.67,94.632
4744.04,94.634
4744.41,94.637
4744.77,94.639
4745.14,94.642
4745.51,94.644
4745.87,94.647
4746.24,94.649
4746.60,94.651
4746.97,94.654
4747.34,94.656
4747.70,94.659
4748.07,94.661
4748.44,94.663
4748.80,94.666
4749.17,94.668
4749.53,94.671
4749.90,94.672
4750.27,94.675
4750.63,94.678
4751.00,94.679
4751.36,94.682
4751.73,94.685
4752.10,94.687
4752.46,94.690
4752.83,94.692
4753.20,94.694
4753.56,94.697
4753.93,94.699
4754.29,94.701
4754.66,94.703
4755.03,94.706
4755.39,94.708
4755.76,94.710
4756.13,94.713
4756.49,94.715
4756.86,94.718
4757.22,94.720
4757.59,94.722
4757.96,94.725
4758.32,94.727
4758.69,94.729
4759.06,94.732
4759.42,94.733
4759.79,94.736
4760.15,94.739
4760.52,94.740
4760.89,94.743
4761.25,94.745
4761.62,94.748
4761.99,94.750
4762.35,94.752
4762.72,94.755
4763.08,94.756
4763.45,94.759
4763.82,94.761
4764.18,94.763
4764.55,94.766
4764.91,94.767
4765.28,94.770
4765.65,94.772
4766.01,94.774
4766.38,94.777
4766.75,94.779
4767.11,94.781
4767.48,94.784
4767.84,94.786
4768.21,94.787
4768.58,94.790
4768.94,94.792
4769.31,94.794
4769.68,94.797
4770.04,94.799
4770.41,94.802
4770.77,94.803
4771.14,94.805
4771.51,94.808
4771.87,94.810
4772.24,94.812
4772.61,94.815
4772.97,94.816
4773.34,94.819
4773.70,94.820
4774.07,94.823
4774.44,94.825
4774.80,94.828
4775.17,94.830
4775.53,94.832
4775.90,94.834
4776.27,94.836
4776.63,94.838
4777.00,94.841
4777.37,94.842
4777.73,94.845
4778.10,94.846
4778.46,94.849
4778.83,94.851
4779.20,94.853
4779.56,94.855
4779.93,94.858
4780.30,94.859
4780.66,94.862
4781.03,94.864
4781.39,94.866
4781.76,94.868
4782.13,94.870
4782.49,94.872
4782.86,94.874
4783.23,94.876
4783.59,94.878
4783.96,94.880
4784.32,94.882
4784.69,94.885
4785.06,94.887
4785.42,94.888
4785.79,94.891
4786.15,94.892
4786.52,94.895
4786.89,94.897
4787.25,94.898
4787.62,94.901
4787.99,94.903
4788.35,94.905
4788.72,94.907
4789.08,94.909
4789.45,94.911
4789.82,94.913
4790.18,94.916
4790.55,94.917
4790.92,94.919
4791.28,94.922
4791.65,94.923
4792.01,94.925
4792.38,94.927
4792.75,94.929
4793.11,94.931
4793.48,94.934
4793.85,94.935
4794.21,94.938
4794.58,94.940
4794.94,94.941
4795.31,94.944
4795.68,94.945
4796.04,94.947
4796.41,94.950
4796.78,94.951
4797.14,94.953
4797.51,94.954
4797.87,94.957
4798.24,94.959
4798.61,94.960
4798.97,94.963
4799.34,94.965
4799.70,94.966
4800.07,94.969
4800.44,94.971
4800.80,94.972
4801.17,94.974
4801.54,94.977
4801.90,94.978
4802.27,94.980
4802.63,94.982
4803.00,94.984
4803.37,94.986
4803.73,94.988
4804.10,94.990
4804.47,94.992
4804.83,94.993
4805.20,94.995
4805.56,94.997
4805.93,94.999
4806.30,95.001
4806.66,95.002
4807.03,95.005
4807.40,95.007
4807.76,95.008
4808.13,95.010
4808.49,95.012
4808.86,95.014
4809.23,95.016
4809.59,95.017
4809.96,95.019
4810.32,95.021
4810.69,95.023
4811.06,95.025
4811.42,95.027
4811.79,95.029
4812.16,95.030
4812.52,95.032
4812.89,95.035
4813.25,95.036
4813.62,95.037
4813.99,95.040
4814.35,95.041
4814.72,95.043
4815.09,95.045
4815.45,95.047
4815.82,95.048
4816.18,95.050
4816.55,95.052
4816.92,95.053
4817.28,95.055
4817.65,95.057
4818.02,95.059
4818.38,95.061
4818.75,95.062
4819.11,95.065
4819.48,95.066
4819.85,95.068
4820.21,95.070
4820.58,95.071
4820.94,95.073
4821.31,95.075
4821.68,95.077
4822.04,95.078
4822.41,95.080
4822.78,95.082
4823.14,95.084
4823.51,95.085
4823.87,95.087
4824.24,95.089
4824.61,95.090
4824.97,95.092
4825.34,95.094
4825.71,95.096
4826.07,95.097
4826.44,95.099
4826.80,95.101
4827.17,95.102
4827.54,95.104
4827.90,95.106
4828.27,95.108
4828.64,95.109
4829.00,95.111
4829.37,95.112
4829.73,95.114
4830.10,95.116
4830.47,95.118
4830.83,95.119
4831.20,95.121
4831.57,95.123
4831.93,95.124
4832.30,95.126
4832.66,95.127
4833.03,95.129
4833.40,95.131
4833.76,95.132
4834.13,95.134
4834.49,95.136
4834.86,95.138
4835.23,95.138
4835.59,95.140
4835.96,95.142
4836.33,95.144
4836.69,95.145
4837.06,95.147
4837.42,95.148
4837.79,95.150
4838.16,95.151
4838.52,95.153
4838.89,95.154
4839.26,95.156
4839.62,95.158
4839.99,95.160
4840.35,95.161
4840.72,95.162
4841.09,95.164
4841.45,95.166
4841.82,95.167
4842.19,95.168
4842.55,95.171
4842.92,95.172
4843.28,95.173
4843.65,95.175
4844.02,95.177
4844.38,95.178
4844.75,95.179
4845.11,95.181
4845.48,95.183
4845.85,95.184
4846.21,95.186
4846.58,95.187
4846.95,95.189
4847.31,95.190
4847.68,95.191
4848.04,95.194
4848.41,95.195
4848.78,95.197
4849.14,95.198
4849.51,95.199
4849.88,95.201
4850.24,95.203
4850.61,95.204
4850.97,95.205
4851.34,95.207
4851.71,95.208
4852.07,95.209
4852.44,95.212
4852.81,95.213
4853.17,95.214
4853.54,95.215
4853.90,95.217
4854.27,95.219
4854.64,95.219
4855.00,95.221
4855.37,95.223
4855.74,95.225
4856.10,95.225
4856.47,95.227
4856.83,95.228
4857.20,95.230
4857.57,95.231
4857.93,95.233
4858.30,95.234
4858.66,95.236
4859.03,95.237
4859.40,95.239
4859.76,95.240
4860.13,95.242
4860.50,95.243
4860.86,95.244
4861.23,95.245
4861.59,95.246
4861.96,95.248
4862.33,95.249
4862.69,95.251
4863.06,95.252
4863.43,95.254
4863.79,95.256
4864.16,95.256
4864.52,95.258
4864.89,95.260
4865.26,95.261
4865.62,95.262
4865.99,95.263
4866.36,95.264
4866.72,95.266
4867.09,95.268
4867.45,95.268
4867.82,95.270
4868.19,95.272
4868.55,95.273
4868.92,95.274
4869.28,95.275
4869.65,95.276
4870.02,95.278
4870.38,95.279
4870.75,95.280
4871.12,95.282
4871.48,95.283
4871.85,95.285
4872.21,95.285
4872.58,95.287
4872.95,95.288
4873.31,95.290
4873.68,95.291
4874.05,95.292
4874.41,95.293
4874.78,95.295
4875.14,95.296
4875.51,95.297
4875.88,95.299
4876.24,95.300
4876.61,95.302
4876.98,95.303
4877.34,95.304
4877.71,95.305
4878.07,95.306
4878.44,95.308
4878.81,95.309
4879.17,95.310
4879.54,95.311
4879.90,95.313
4880.27,95.314
4880.64,95.316
4881.00,95.316
4881.37,95.318
4881.74,95.319
4882.10,95.321
4882.47,95.322
4882.83,95.323
4883.20,95.323
4883.57,95.325
4883.93,95.326
4884.30,95.328
4884.67,95.328
4885.03,95.330
4885.40,95.331
4885.76,95.333
4886.13,95.333
4886.50,95.335
4886.86,95.336
4887.23,95.338
4887.60,95.338
4887.96,95.340
4888.33,95.340
4888.69,95.342
4889.06,95.343
4889.43,95.344
4889.79,95.345
4890.16,95.346
4890.53,95.348
4890.89,95.349
4891.26,95.350
4891.62,95.351
4891.99,95.352
4892.36,95.353
4892.72,95.355
4893.09,95.356
4893.45,95.357
4893.82,95.358
4894.19,95.359
4894.55,95.361
4894.92,95.362
4895.29,95.362
4895.65,95.364
4896.02,95.365
4896.38,95.366
4896.75,95.367
4897.12,95.368
4897.48,95.369
4897.85,95.370
4898.22,95.372
4898.58,95.373
4898.95,95.374
4899.31,95.375
4899.68,95.376
4900.05,95.377
4900.41,95.379
4900.78,95.380
4901.15,95.380
4901.51,95.381
4901.88,95.382
4902.24,95.384
4902.61,95.385
4902.98,95.386
4903.34,95.387
4903.71,95.388
4904.07,95.389
4904.44,95.391
4904.81,95.391
4905.17,95.392
4905.54,95.393
4905.91,95.394
4906.27,95.395
4906.64,95.396
4907.00,95.398
4907.37,95.398
4907.74,95.400
4908.10,95.401
4908.47,95.401
4908.84,95.403
4909.20,95.404
4909.57,95.405
4909.93,95.406
4910.30,95.406
4910.67,95.408
4911.03,95.409
4911.40,95.410
4911.77,95.411
4912.13,95.412
4912.50,95.413
4912.86,95.414
4913.23,95.415
4913.60,95.416
4913.96,95.417
4914.33,95.418
4914.69,95.419
4915.06,95.420
4915.43,95.421
4915.79,95.422
4916.16,95.423
4916.53,95.424
4916.89,95.425
4917.26,95.426
4917.62,95.427
4917.99,95.428
4918.36,95.429
4918.72,95.430
4919.09,95.430
4919.46,95.432
4919.82,95.433
4920.19,95.434
4920.55,95.434
4920.92,95.436
4921.29,95.437
4921.65,95.438
4922.02,95.439
4922.39,95.440
4922.75,95.441
4923.12,95.441
4923.48,95.442
4923.85,95.444
4924.22,95.444
4924.58,95.445
4924.95,95.447
4925.32,95.448
4925.68,95.448
4926.05,95.449
4926.41,95.450
4926.78,95.451
4927.15,95.452
4927.51,95.453
4927.88,95.453
4928.24,95.454
4928.61,95.456
4928.98,95.457
4929.34,95.457
4929.71,95.459
4930.08,95.460
4930.44,95.460
4930.81,95.461
4931.17,95.462
4931.54,95.463
4931.91,95.464
4932.27,95.465
4932.64,95.465
4933.01,95.466
4933.37,95.468
4933.74,95.468
4934.10,95.469
4934.47,95.470
4934.84,95.471
4935.20,95.472
4935.57,95.473
4935.94,95.474
4936.30,95.475
4936.67,95.476
4937.03,95.476
4937.40,95.477
4937.77,95.478
4938.13,95.478
4938.50,95.480
4938.86,95.481
4939.23,95.481
4939.60,95.483
4939.96,95.483
4940.33,95.484
4940.70,95.485
4941.06,95.486
4941.43,95.487
4941.79,95.488
4942.16,95.488
4942.53,95.489
4942.89,95.490
4943.26,95.490
4943.63,95.492
4943.99,95.493
4944.36,95.493
4944.72,95.495
4945.09,95.495
4945.46,95.496
4945.82,95.497
4946.19,95.498
4946.56,95.499
4946.92,95.499
4947.29,95.500
4947.65,95.501
4948.02,95.501
4948.39,95.502
4948.75,95.504
4949.12,95.504
4949.49,95.505
4949.85,95.505
4950.22,95.507
4950.58,95.507
4950.95,95.508
4951.32,95.509
4951.68,95.510
4952.05,95.511
4952.41,95.511
4952.78,95.512
4953.15,95.513
4953.51,95.514
4953.88,95.514
4954.25,95.516
4954.61,95.516
4954.98,95.517
4955.34,95.518
4955.71,95.519
4956.08,95.519
4956.44,95.520
4956.81,95.521
4957.18,95.522
4957.54,95.523
4957.91,95.523
4958.27,95.524
4958.64,95.525
4959.01,95.525
4959.37,95.526
4959.74,95.528
4960.11,95.528
4960.47,95.529
4960.84,95.529
4961.20,95.531
4961.57,95.531
4961.94,95.532
4962.30,95.532
4962.67,95.533
4963.03,95.534
4963.40,95.535
4963.77,95.535
4964.13,95.536
4964.50,95.537
4964.87,95.538
4965.23,95.538
4965.60,95.540
4965.96,95.541
4966.33,95.541
4966.70,95.542
4967.06,95.543
4967.43,95.543
4967.80,95.544
4968.16,95.544
4968.53,95.546
4968.89,95.546
4969.26,95.547
4969.63,95.547
4969.99,95.548
4970.36,95.549
4970.73,95.550
4971.09,95.551
4971.46,95.552
4971.82,95.553
4972.19,95.553
4972.56,95.553
4972.92,95.554
4973.29,95.555
4973.65,95.555
4974.02,95.556
4974.39,95.558
4974.75,95.558
4975.12,95.559
4975.49,95.559
4975.85,95.560
4976.22,95.561
4976.58,95.561
4976.95,95.562
4977.32,95.563
4977.68,95.564
4978.05,95.565
4978.42,95.566
4978.78,95.566
4979.15,95.567
4979.51,95.567
4979.88,95.568
4980.25,95.569
4980.61,95.570
4980.98,95.570
4981.35,95.571
4981.71,95.572
4982.08,95.572
4982.44,95.573
4982.81,95.573
4983.18,95.575
4983.54,95.575
4983.91,95.576
4984.28,95.577
4984.64,95.578
4985.01,95.578
4985.37,95.578
4985.74,95.579
4986.11,95.580
4986.47,95.581
4986.84,95.582
4987.20,95.582
4987.57,95.583
4987.94,95.584
4988.30,95.585
4988.67,95.585
4989.04,95.586
4989.40,95.587
4989.77,95.588
4990.13,95.588
4990.50,95.589
4990.87,95.589
4991.23,95.590
4991.60,95.590
4991.97,95.591
4992.33,95.593
4992.70,95.593
4993.06,95.594
4993.43,95.594
4993.80,95.595
4994.16,95.596
4994.53,95.597
4994.90,95.597
4995.26,95.597
4995.63,95.598
4995.99,95.599
4996.36,95.600
4996.73,95.601
4997.09,95.601
4997.46,95.602
4997.82,95.602
4998.19,95.603
4998.56,95.604
4998.92,95.605
4999.29,95.605
4999.66,95.606
5000.02,95.607
5000.39,95.608
5000.75,95.608
5001.12,95.609
5001.49,95.609
5001.85,95.610
5002.22,95.611
5002.59,95.612
5002.95,95.612
5003.32,95.612
5003.68,95.613
5004.05,95.614
5004.42,95.615
5004.78,95.615
5005.15,95.617
5005.52,95.617
5005.88,95.618
5006.25,95.618
5006.61,95.619
5006.98,95.620
5007.35,95.620
5007.71,95.621
5008.08,95.621
5008.45,95.623
5008.81,95.623
5009.18,95.624
5009.54,95.624
5009.91,95.625
5010.28,95.626
5010.64,95.626
5011.01,95.626
5011.37,95.627
5011.74,95.629
5012.11,95.629
5012.47,95.630
5012.84,95.630
5013.21,95.631
5013.57,95.631
5013.94,95.632
5014.30,95.633
5014.67,95.633
5015.04,95.635
5015.40,95.635
5015.77,95.636
5016.14,95.636
5016.50,95.637
5016.87,95.638
5017.23,95.638
5017.60,95.639
5017.97,95.640
5018.33,95.641
5018.70,95.641
5019.07,95.642
5019.43,95.642
5019.80,95.644
5020.16,95.644
5020.53,95.644
5020.90,95.645
5021.26,95.646
5021.63,95.647
5021.99,95.647
5022.36,95.648
5022.73,95.649
5023.09,95.649
5023.46,95.650
5023.83,95.650
5024.19,95.651
5024.56,95.652
5024.92,95.653
5025.29,95.653
5025.66,95.654
5026.02,95.654
5026.39,95.655
5026.76,95.656
5027.12,95.656
5027.49,95.657
5027.85,95.658
5028.22,95.659
5028.59,95.659
5028.95,95.660
5029.32,95.660
5029.69,95.662
5030.05,95.662
5030.42,95.663
5030.78,95.663
5031.15,95.664
5031.52,95.665
5031.88,95.666
5032.25,95.666
5032.61,95.667
5032.98,95.667
5033.35,95.668
5033.71,95.669
5034.08,95.669
5034.45,95.671
5034.81,95.671
5035.18,95.672
5035.54,95.672
5035.91,95.673
5036.28,95.673
5036.64,95.674
5037.01,95.675
5037.38,95.676
5037.74,95.677
5038.11,95.677
5038.47,95.678
5038.84,95.679
5039.21,95.680
5039.57,95.680
5039.94,95.680
5040.31,95.681
5040.67,95.683
5041.04,95.683
5041.40,95.683
5041.77,95.684
5042.14,95.685
5042.50,95.685
5042.87,95.686
5043.24,95.687
5043.60,95.688
5043.97,95.689
5044.33,95.689
5044.70,95.690
5045.07,95.691
5045.43,95.691
5045.80,95.692
5046.16,95.692
5046.53,95.693
5046.90,95.694
5047.26,95.695
5047.63,95.696
5048.00,95.697
5048.36,95.697
5048.73,95.697
5049.09,95.698
5049.46,95.699
5049.83,95.700
5050.19,95.700
5050.56,95.701
5050.93,95.701
5051.29,95.703
5051.66,95.704
5052.02,95.704
5052.39,95.704
5052.76,95.706
5053.12,95.706
5053.49,95.707
5053.86,95.707
5054.22,95.708
5054.59,95.709
5054.95,95.709
5055.32,95.710
5055.69,95.711
5056.05,95.712
5056.42,95.713
5056.78,95.713
5057.15,95.714
5057.52,95.715
5057.88,95.715
5058.25,95.716
5058.62,95.717
5058.98,95.718
5059.35,95.719
5059.71,95.719
5060.08,95.719
5060.45,95.721
5060.81,95.721
5061.18,95.722
5061.55,95.722
5061.91,95.723
5062.28,95.724
5062.64,95.725
5063.01,95.725
5063.38,95.727
5063.74,95.727
5064.11,95.727
5064.48,95.728
5064.84,95.730
5065.21,95.730
5065.57,95.731
5065.94,95.731
5066.31,95.732
5066.67,95.733
5067.04,95.733
5067.40,95.734
5067.77,95.735
5068.14,95.736
5068.50,95.737
5068.87,95.738
5069.24,95.738
5069.60,95.739
5069.97,95.739
5070.33,95.740
5070.70,95.741
5071.07,95.742
5071.43,95.743
5071.80,95.743
5072.17,95.744
5072.53,95.745
5072.90,95.745
5073.26,95.746
5073.63,95.747
5074.00,95.748
5074.36,95.749
5074.73,95.749
5075.10,95.750
5075.46,95.751
5075.83,95.752
5076.19,95.752
5076.56,95.753
5076.93,95.754
5077.29,95.755
5077.66,95.755
5078.03,95.757
5078.39,95.757
5078.76,95.758
5079.12,95.758
5079.49,95.759
5079.86,95.760
5080.22,95.761
5080.59,95.762
5080.95,95.762
5081.32,95.763
5081.69,95.764
5082.05,95.764
5082.42,95.766
5082.79,95.767
5083.15,95.767
5083.52,95.768
5083.88,95.769
5084.25,95.769
5084.62,95.770
5084.98,95.771
5085.35,95.772
5085.72,95.773
5086.08,95.773
5086.45,95.775
5086.81,95.775
5087.18,95.775
5087.55,95.776
5087.91,95.778
5088.28,95.778
5088.65,95.779
5089.01,95.780
5089.38,95.781
5089.74,95.781
5090.11,95.782
5090.48,95.783
5090.84,95.784
5091.21,95.785
5091.57,95.785
5091.94,95.787
5092.31,95.787
5092.67,95.788
5093.04,95.789
5093.41,95.790
5093.77,95.790
5094.14,95.791
5094.50,95.792
5094.87,95.793
5095.24,95.793
5095.60,95.794
5095.97,95.796
5096.34,95.796
5096.70,95.797
5097.07,95.797
5097.43,95.798
5097.80,95.799
5098.17,95.800
5098.53,95.801
5098.90,95.802
5099.27,95.803
5099.63,95.803
5100.00,95.804
5100.36,95.805
5100.73,95.806
5101.10,95.806
5101.46,95.808
5101.83,95.809
5102.20,95.809
5102.56,95.810
5102.93,95.811
5103.29,95.812
5103.66,95.813
5104.03,95.814
5104.39,95.814
5104.76,95.816
5105.12,95.816
5105.49,95.817
5105.86,95.817
5106.22,95.819
5106.59,95.820
5106.96,95.820
5107.32,95.821
5107.69,95.822
5108.05,95.823
5108.42,95.824
5108.79,95.825
5109.15,95.826
5109.52,95.827
5109.89,95.828
5110.25,95.828
5110.62,95.829
5110.98,95.829
5111.35,95.831
5111.72,95.832
5112.08,95.833
5112.45,95.833
5112.82,95.834
5113.18,95.835
5113.55,95.836
5113.91,95.837
5114.28,95.838
5114.65,95.838
5115.01,95.840
5115.38,95.840
5115.74,95.841
5116.11,95.842
5116.48,95.843
5116.84,95.844
5117.21,95.845
5117.58,95.846
5117.94,95.846
5118.31,95.847
5118.67,95.849
5119.04,95.850
5119.41,95.850
5119.77,95.852
5120.14,95.852
5120.51,95.853
5120.87,95.854
5121.24,95.855
5121.60,95.856
5121.97,95.856
5122.34,95.857
5122.70,95.858
5123.07,95.859
5123.44,95.860
5123.80,95.861
5124.17,95.862
5124.53,95.863
5124.90,95.863
5125.27,95.864
5125.63,95.865
5126.00,95.867
5126.36,95.867
5126.73,95.868
5127.10,95.869
5127.46,95.870
5127.83,95.871
5128.20,95.872
5128.56,95.873
5128.93,95.874
5129.29,95.874
5129.66,95.876
5130.03,95.877
5130.39,95.878
5130.76,95.879
5131.13,95.880
5131.49,95.880
5131.86,95.882
5132.22,95.882
5132.59,95.883
5132.96,95.885
5133.32,95.886
5133.69,95.886
5134.06,95.887
5134.42,95.888
5134.79,95.889
5135.15,95.890
5135.52,95.891
5135.89,95.892
5136.25,95.893
5136.62,95.893
5136.99,95.894
5137.35,95.895
5137.72,95.897
5138.08,95.898
5138.45,95.899
5138.82,95.899
5139.18,95.900
5139.55,95.901
5139.91,95.903
5140.28,95.904
5140.65,95.904
5141.01,95.906
5141.38,95.906
5141.75,95.907
5142.11,95.909
5142.48,95.910
5142.84,95.910
5143.21,95.911
5143.58,95.912
5143.94,95.913
5144.31,95.914
5144.68,95.915
5145.04,95.916
5145.41,95.917
5145.77,95.918
5146.14,95.919
5146.51,95.920
5146.87,95.921
5147.24,95.922
5147.61,95.923
5147.97,95.924
5148.34,95.925
5148.70,95.926
5149.07,95.927
5149.44,95.928
5149.80,95.929
5150.17,95.930
5150.53,95.931
5150.90,95.932
5151.27,95.933
5151.63,95.934
5152.00,95.935
5152.37,95.936
5152.73,95.937
5153.10,95.938
5153.46,95.940
5153.83,95.941
5154.20,95.941
5154.56,95.942
5154.93,95.944
5155.30,95.945
5155.66,95.945
5156.03,95.946
5156.39,95.947
5156.76,95.948
5157.13,95.950
5157.49,95.951
5157.86,95.951
5158.23,95.953
5158.59,95.953
5158.96,95.954
5159.32,95.956
5159.69,95.957
5160.06,95.958
5160.42,95.959
5160.79,95.960
5161.15,95.961
5161.52,95.962
5161.89,95.963
5162.25,95.964
5162.62,95.965
5162.99,95.966
5163.35,95.967
5163.72,95.968
5164.08,95.969
5164.45,95.971
5164.82,95.971
5165.18,95.972
5165.55,95.974
5165.92,95.975
5166.28,95.975
5166.65,95.977
5167.01,95.978
5167.38,95.979
5167.75,95.980
5168.11,95.981
5168.48,95.982
5168.85,95.983
5169.21,95.984
5169.58,95.986
5169.94,95.987
5170.31,95.987
5170.68,95.989
5171.04,95.990
5171.41,95.991
5171.78,95.992
5172.14,95.993
5172.51,95.994
5172.87,95.995
5173.24,95.996
5173.61,95.998
5173.97,95.999
5174.34,96.000
5174.70,96.001
5175.07,96.001
5175.44,96.002
5175.80,96.004
5176.17,96.005
5176.54,96.006
5176.90,96.007
5177.27,96.008
5177.63,96.009
5178.00,96.010
5178.37,96.011
5178.73,96.013
5179.10,96.013
5179.47,96.014
5179.83,96.016
5180.20,96.017
5180.56,96.019
5180.93,96.019
5181.30,96.020
5181.66,96.022
5182.03,96.023
5182.40,96.024
5182.76,96.025
5183.13,96.026
5183.49,96.028
5183.86,96.029
5184.23,96.030
5184.59,96.030
5184.96,96.032
5185.32,96.033
5185.69,96.034
5186.06,96.035
5186.42,96.037
5186.79,96.037
5187.16,96.038
5187.52,96.040
5187.89,96.041
5188.25,96.042
5188.62,96.043
5188.99,96.044
5189.35,96.046
5189.72,96.047
5190.09,96.047
5190.45,96.049
5190.82,96.050
5191.18,96.051
5191.55,96.052
5191.92,96.054
5192.28,96.054
5192.65,96.055
5193.02,96.056
5193.38,96.058
5193.75,96.059
5194.11,96.060
5194.48,96.062
5194.85,96.063
5195.21,96.064
5195.58,96.065
5195.95,96.067
5196.31,96.067
5196.68,96.069
5197.04,96.070
5197.41,96.071
5197.78,96.072
5198.14,96.073
5198.51,96.075
5198.87,96.076
5199.24,96.076
5199.61,96.078
5199.97,96.079
5200.34,96.081
5200.71,96.082
5201.07,96.083
5201.44,96.084
5201.80,96.085
5202.17,96.087
5202.54,96.088
5202.90,96.089
5203.27,96.090
5203.64,96.091
5204.00,96.093
5204.37,96.094
5204.73,96.094
5205.10,96.096
5205.47,96.097
5205.83,96.099
5206.20,96.100
5206.57,96.101
5206.93,96.102
5207.30,96.103
5207.66,96.105
5208.03,96.106
5208.40,96.107
5208.76,96.108
5209.13,96.109
5209.49,96.111
5209.86,96.112
5210.23,96.113
5210.59,96.114
5210.96,96.115
5211.33,96.117
5211.69,96.118
5212.06,96.119
5212.42,96.120
5212.79,96.121
5213.16,96.123
5213.52,96.124
5213.89,96.126
5214.26,96.126
5214.62,96.128
5214.99,96.129
5215.35,96.130
5215.72,96.132
5216.09,96.132
5216.45,96.135
5216.82,96.136
5217.19,96.136
5217.55,96.138
5217.92,96.139
5218.28,96.140
5218.65,96.142
5219.02,96.143
5219.38,96.144
5219.75,96.145
5220.11,96.147
5220.48,96.148
5220.85,96.149
5221.21,96.150
5221.58,96.151
5221.95,96.153
5222.31,96.154
5222.68,96.156
5223.04,96.157
5223.41,96.158
5223.78,96.159
5224.14,96.160
5224.51,96.162
5224.88,96.163
5225.24,96.164
5225.61,96.166
5225.97,96.167
5226.34,96.168
5226.71,96.169
5227.07,96.171
5227.44,96.172
5227.81,96.173
5228.17,96.175
5228.54,96.176
5228.90,96.177
5229.27,96.178
5229.64,96.180
5230.00,96.181
5230.37,96.182
5230.74,96.184
5231.10,96.185
5231.47,96.186
5231.83,96.188
5232.20,96.189
5232.57,96.190
5232.93,96.191
5233.30,96.193
5233.66,96.194
5234.03,96.196
5234.40,96.197
5234.76,96.198
5235.13,96.199
5235.50,96.201
5235.86,96.202
5236.23,96.203
5236.59,96.204
5236.96,96.206
5237.33,96.207
5237.69,96.209
5238.06,96.210
5238.43,96.211
5238.79,96.213
5239.16,96.213
5239.52,96.215
5239.89,96.216
5240.26,96.218
5240.62,96.219
5240.99,96.220
5241.36,96.221
5241.72,96.223
5242.09,96.225
5242.45,96.226
5242.82,96.227
5243.19,96.228
5243.55,96.230
5243.92,96.231
5244.28,96.233
5244.65,96.233
5245.02,96.235
5245.38,96.237
5245.75,96.237
5246.12,96.239
5246.48,96.240
5246.85,96.242
5247.21,96.243
5247.58,96.244
5247.95,96.245
5248.31,96.248
5248.68,96.249
5249.05,96.250
5249.41,96.251
5249.78,96.252
5250.14,96.254
5250.51,96.255
5250.88,96.257
5251.24,96.258
5251.61,96.259
5251.98,96.261
5252.34,96.262
5252.71,96.263
5253.07,96.264
5253.44,96.266
5253.81,96.268
5254.17,96.269
5254.54,96.270
5254.90,96.272
5255.27,96.273
5255.64,96.274
5256.00,96.276
5256.37,96.277
5256.74,96.279
5257.10,96.279
5257.47,96.281
5257.83,96.283
5258.20,96.284
5258.57,96.285
5258.93,96.286
5259.30,96.288
5259.67,96.290
5260.03,96.291
5260.40,96.292
5260.76,96.293
5261.13,96.296
5261.50,96.297
5261.86,96.298
5262.23,96.299
5262.60,96.301
5262.96,96.302
5263.33,96.303
5263.69,96.305
5264.06,96.306
5264.43,96.308
5264.79,96.309
5265.16,96.310
5265.53,96.312
5265.89,96.314
5266.26,96.315
5266.62,96.316
5266.99,96.317
5267.36,96.319
5267.72,96.321
5268.09,96.322
5268.45,96.323
5268.82,96.325
5269.19,96.326
5269.55,96.328
5269.92,96.329
5270.29,96.330
5270.65,96.332
5271.02,96.333
5271.38,96.334
5271.75,96.336
5272.12,96.337
5272.48,96.339
5272.85,96.340
5273.22,96.341
5273.58,96.343
5273.95,96.345
5274.31,96.346
5274.68,96.347
5275.05,96.349
5275.41,96.350
5275.78,96.352
5276.15,96.353
5276.51,96.355
5276.88,96.356
5277.24,96.358
5277.61,96.359
5277.98,96.360
5278.34,96.362
5278.71,96.363
5279.07,96.364
5279.44,96.366
5279.81,96.368
5280.17,96.369
5280.54,96.370
5280.91,96.371
5281.27,96.373
5281.64,96.375
5282.00,96.376
5282.37,96.377
5282.74,96.379
5283.10,96.380
5283.47,96.382
5283.84,96.383
5284.20,96.385
5284.57,96.387
5284.93,96.388
5285.30,96.389
5285.67,96.391
5286.03,96.392
5286.40,96.394
5286.77,96.395
5287.13,96.397
5287.50,96.398
5287.86,96.399
5288.23,96.401
5288.60,96.402
5288.96,96.404
5289.33,96.405
5289.70,96.406
5290.06,96.408
5290.43,96.410
5290.79,96.411
5291.16,96.412
5291.53,96.414
5291.89,96.415
5292.26,96.417
5292.62,96.418
5292.99,96.419
5293.36,96.422
5293.72,96.423
5294.09,96.424
5294.46,96.425
5294.82,96.428
5295.19,96.429
5295.55,96.430
5295.92,96.431
5296.29,96.433
5296.65,96.434
5297.02,96.436
5297.39,96.438
5297.75,96.440
5298.12,96.441
5298.48,96.442
5298.85,96.444
5299.22,96.445
5299.58,96.447
5299.95,96.448
5300.32,96.450
5300.68,96.451
5301.05,96.453
5301.41,96.454
5301.78,96.456
5302.15,96.457
5302.51,96.459
5302.88,96.460
5303.24,96.462
5303.61,96.463
5303.98,96.465
5304.34,96.466
5304.71,96.468
5305.08,96.469
5305.44,96.471
5305.81,96.472
5306.17,96.474
5306.54,96.475
5306.91,96.477
5307.27,96.478
5307.64,96.480
5308.01,96.481
5308.37,96.483
5308.74,96.484
5309.10,96.486
5309.47,96.487
5309.84,96.489
5310.20,96.490
5310.57,96.492
5310.94,96.493
5311.30,96.495
5311.67,96.496
5312.03,96.498
5312.40,96.499
5312.77,96.501
5313.13,96.502
5313.50,96.504
5313.86,96.505
5314.23,96.507
5314.60,96.508
5314.96,96.510
5315.33,96.511
5315.70,96.513
5316.06,96.514
5316.43,96.516
5316.79,96.517
5317.16,96.519
5317.53,96.520
5317.89,96.522
5318.26,96.523
5318.63,96.525
5318.99,96.526
5319.36,96.528
5319.72,96.529
5320.09,96.531
5320.46,96.532
5320.82,96.534
5321.19,96.535
5321.56,96.537
5321.92,96.538
5322.29,96.540
5322.65,96.541
5323.02,96.543
5323.39,96.544
5323.75,96.546
5324.12,96.548
5324.49,96.549
5324.85,96.550
5325.22,96.553
5325.58,96.554
5325.95,96.555
5326.32,96.556
5326.68,96.559
5327.05,96.560
5327.41,96.561
5327.78,96.562
5328.15,96.564
5328.51,96.566
5328.88,96.567
5329.25,96.569
5329.61,96.571
5329.98,96.572
5330.34,96.573
5330.71,96.575
5331.08,96.577
5331.44,96.578
5331.81,96.579
5332.18,96.582
5332.54,96.583
5332.91,96.584
5333.27,96.586
5333.64,96.588
5334.01,96.589
5334.37,96.590
5334.74,96.592
5335.11,96.594
5335.47,96.595
5335.84,96.597
5336.20,96.598
5336.57,96.600
5336.94,96.602
5337.30,96.603
5337.67,96.604
5338.03,96.606
5338.40,96.608
5338.77,96.609
5339.13,96.611
5339.50,96.612
5339.87,96.614
5340.23,96.615
5340.60,96.617
5340.96,96.619
5341.33,96.620
5341.70,96.621
5342.06,96.623
5342.43,96.624
5342.80,96.626
5343.16,96.627
5343.53,96.629
5343.89,96.630
5344.26,96.632
5344.63,96.633
5344.99,96.635
5345.36,96.637
5345.73,96.638
5346.09,96.639
5346.46,96.641
5346.82,96.643
5347.19,96.644
5347.56,96.646
5347.92,96.648
5348.29,96.649
5348.65,96.650
5349.02,96.652
5349.39,96.654
5349.75,96.655
5350.12,96.657
5350.49,96.659
5350.85,96.659
5351.22,96.661
5351.58,96.663
5351.95,96.665
5352.32,96.666
5352.68,96.667
5353.05,96.669
5353.42,96.671
5353.78,96.672
5354.15,96.674
5354.51,96.675
5354.88,96.677
5355.25,96.678
5355.61,96.679
5355.98,96.681
5356.35,96.683
5356.71,96.684
5357.08,96.686
5357.44,96.688
5357.81,96.689
5358.18,96.691
5358.54,96.692
5358.91,96.694
5359.28,96.695
5359.64,96.697
5360.01,96.698
5360.37,96.700
5360.74,96.701
5361.11,96.703
5361.47,96.704
5361.84,96.706
5362.20,96.708
5362.57,96.709
5362.94,96.711
5363.30,96.713
5363.67,96.713
5364.04,96.715
5364.40,96.716
5364.77,96.719
5365.13,96.720
5365.50,96.721
5365.87,96.723
5366.23,96.724
5366.60,96.726
5366.97,96.727
5367.33,96.729
5367.70,96.731
5368.06,96.732
5368.43,96.734
5368.80,96.736
5369.16,96.737
5369.53,96.738
5369.90,96.739
5370.26,96.742
5370.63,96.743
5370.99,96.745
5371.36,96.746
5371.73,96.748
5372.09,96.749
5372.46,96.750
5372.82,96.752
5373.19,96.754
5373.56,96.755
5373.92,96.757
5374.29,96.758
5374.66,96.760
5375.02,96.761
5375.39,96.762
5375.75,96.764
5376.12,96.766
5376.49,96.767
5376.85,96.769
5377.22,96.770
5377.59,96.772
5377.95,96.773
5378.32,96.775
5378.68,96.776
5379.05,96.778
5379.42,96.779
5379.78,96.781
5380.15,96.782
5380.52,96.785
5380.88,96.785
5381.25,96.787
5381.61,96.788
5381.98,96.790
5382.35,96.791
5382.71,96.793
5383.08,96.795
5383.45,96.797
5383.81,96.798
5384.18,96.799
5384.54,96.800
5384.91,96.802
5385.28,96.804
5385.64,96.805
5386.01,96.807
5386.37,96.809
5386.74,96.810
5387.11,96.811
5387.47,96.812
5387.84,96.815
5388.21,96.816
5388.57,96.817
5388.94,96.819
5389.30,96.820
5389.67,96.822
5390.04,96.823
5390.40,96.825
5390.77,96.827
5391.14,96.828
5391.50,96.829
5391.87,96.831
5392.23,96.832
5392.60,96.834
5392.97,96.835
5393.33,96.837
5393.70,96.839
5394.07,96.840
5394.43,96.841
5394.80,96.843
5395.16,96.844
5395.53,96.846
5395.90,96.847
5396.26,96.849
5396.63,96.851
5396.99,96.852
5397.36,96.853
5397.73,96.855
5398.09,96.856
5398.46,96.858
5398.83,96.859
5399.19,96.861
5399.56,96.862
5399.92,96.864
5400.29,96.865
5400.66,96.867
5401.02,96.868
5401.39,96.870
5401.76,96.871
5402.12,96.873
5402.49,96.874
5402.85,96.876
5403.22,96.877
5403.59,96.879
5403.95,96.880
5404.32,96.881
5404.69,96.883
5405.05,96.885
5405.42,96.886
5405.78,96.888
5406.15,96.889
5406.52,96.891
5406.88,96.892
5407.25,96.893
5407.61,96.895
5407.98,96.897
5408.35,96.898
5408.71,96.899
5409.08,96.900
5409.45,96.902
5409.81,96.904
5410.18,96.905
5410.54,96.907
5410.91,96.908
5411.28,96.910
5411.64,96.911
5412.01,96.912
5412.38,96.914
5412.74,96.916
5413.11,96.917
5413.47,96.918
5413.84,96.919
5414.21,96.921
5414.57,96.922
5414.94,96.924
5415.31,96.925
5415.67,96.927
5416.04,96.928
5416.40,96.930
5416.77,96.931
5417.14,96.933
5417.50,96.934
5417.87,96.935
5418.24,96.937
5418.60,96.939
5418.97,96.940
5419.33,96.941
5419.70,96.942
5420.07,96.944
5420.43,96.946
5420.80,96.947
5421.16,96.948
5421.53,96.950
5421.90,96.951
5422.26,96.953
5422.63,96.954
5423.00,96.956
5423.36,96.957
5423.73,96.959
5424.09,96.960
5424.46,96.961
5424.83,96.963
5425.19,96.964
5425.56,96.965
5425.93,96.967
5426.29,96.969
5426.66,96.969
5427.02,96.971
5427.39,96.972
5427.76,96.974
5428.12,96.976
5428.49,96.977
5428.86,96.978
5429.22,96.980
5429.59,96.981
5429.95,96.983
5430.32,96.984
5430.69,96.986
5431.05,96.987
5431.42,96.988
5431.78,96.989
5432.15,96.990
5432.52,96.992
5432.88,96.994
5433.25,96.995
5433.62,96.996
5433.98,96.998
5434.35,96.999
5434.71,97.001
5435.08,97.002
5435.45,97.004
5435.81,97.005
5436.18,97.006
5436.55,97.007
5436.91,97.009
5437.28,97.011
5437.64,97.011
5438.01,97.012
5438.38,97.014
5438.74,97.016
5439.11,97.017
5439.48,97.018
5439.84,97.019
5440.21,97.021
5440.57,97.023
5440.94,97.024
5441.31,97.025
5441.67,97.026
5442.04,97.028
5442.41,97.029
5442.77,97.030
5443.14,97.032
5443.50,97.033
5443.87,97.034
5444.24,97.036
5444.60,97.037
5444.97,97.038
5445.33,97.040
5445.70,97.041
5446.07,97.043
5446.43,97.044
5446.80,97.046
5447.17,97.047
5447.53,97.047
5447.90,97.049
5448.26,97.050
5448.63,97.052
5449.00,97.053
5449.36,97.054
5449.73,97.056
5450.10,97.057
5450.46,97.058
5450.83,97.059
5451.19,97.061
5451.56,97.062
5451.93,97.064
5452.29,97.066
5452.66,97.066
5453.03,97.067
5453.39,97.069
5453.76,97.071
5454.12,97.072
5454.49,97.072
5454.86,97.074
5455.22,97.076
5455.59,97.077
5455.95,97.078
5456.32,97.079
5456.69,97.081
5457.05,97.082
5457.42,97.083
5457.79,97.085
5458.15,97.086
5458.52,97.087
5458.88,97.088
5459.25,97.090
5459.62,97.091
5459.98,97.093
5460.35,97.093
5460.72,97.095
5461.08,97.096
5461.45,97.097
5461.81,97.098
5462.18,97.100
5462.55,97.101
5462.91,97.102
5463.28,97.103
5463.65,97.105
5464.01,97.106
5464.38,97.108
5464.74,97.108
5465.11,97.109
5465.48,97.111
5465.84,97.112
5466.21,97.114
5466.57,97.114
5466.94,97.116
5467.31,97.117
5467.67,97.119
5468.04,97.120
5468.41,97.121
5468.77,97.122
5469.14,97.124
5469.50,97.125
5469.87,97.126
5470.24,97.127
5470.60,97.129
5470.97,97.130
5471.34,97.130
5471.70,97.132
5472.07,97.133
5472.43,97.135
5472.80,97.136
5473.17,97.137
5473.53,97.138
5473.90,97.139
5474.27,97.141
5474.63,97.142
5475.00,97.142
5475.36,97.144
5475.73,97.145
5476.10,97.146
5476.46,97.148
5476.83,97.149
5477.20,97.150
5477.56,97.151
5477.93,97.153
5478.29,97.154
5478.66,97.155
5479.03,97.156
5479.39,97.157
5479.76,97.158
5480.12,97.160
5480.49,97.161
5480.86,97.161
5481.22,97.163
5481.59,97.164
5481.96,97.165
5482.32,97.166
5482.69,97.167
5483.05,97.168
5483.42,97.170
5483.79,97.171
5484.15,97.172
5484.52,97.174
5484.89,97.174
5485.25,97.175
5485.62,97.177
5485.98,97.178
5486.35,97.179
5486.72,97.180
5487.08,97.181
5487.45,97.183
5487.82,97.184
5488.18,97.184
5488.55,97.186
5488.91,97.187
5489.28,97.188
5489.65,97.189
5490.01,97.190
5490.38,97.191
5490.74,97.192
5491.11,97.194
5491.48,97.195
5491.84,97.196
5492.21,97.197
5492.58,97.198
5492.94,97.199
5493.31,97.200
5493.67,97.202
5494.04,97.202
5494.41,97.203
5494.77,97.204
5495.14,97.206
5495.51,97.207
5495.87,97.208
5496.24,97.209
5496.60,97.209
5496.97,97.211
5497.34,97.212
5497.70,97.213
5498.07,97.214
5498.44,97.215
5498.80,97.216
5499.17,97.217
5499.53,97.219
5499.90,97.219
5500.27,97.220
5500.63,97.221
5501.00,97.222
5501.36,97.224
5501.73,97.225
5502.10,97.226
5502.46,97.226
5502.83,97.228
5503.20,97.228
5503.56,97.230
5503.93,97.231
5504.29,97.232
5504.66,97.233
5505.03,97.234
5505.39,97.235
5505.76,97.236
5506.13,97.237
5506.49,97.238
5506.86,97.239
5507.22,97.240
5507.59,97.241
5507.96,97.242
5508.32,97.243
5508.69,97.244
5509.06,97.245
5509.42,97.246
5509.79,97.247
5510.15,97.248
5510.52,97.249
5510.89,97.250
5511.25,97.251
5511.62,97.251
5511.99,97.253
5512.35,97.254
5512.72,97.255
5513.08,97.256
5513.45,97.257
5513.82,97.257
5514.18,97.259
5514.55,97.260
5514.91,97.261
5515.28,97.262
5515.65,97.263
5516.01,97.263
5516.38,97.264
5516.75,97.266
5517.11,97.267
5517.48,97.268
5517.84,97.269
5518.21,97.269
5518.58,97.270
5518.94,97.271
5519.31,97.272
5519.68,97.273
5520.04,97.273
5520.41,97.275
5520.77,97.275
5521.14,97.277
5521.51,97.278
5521.87,97.279
5522.24,97.279
5522.61,97.280
5522.97,97.281
5523.34,97.282
5523.70,97.283
5524.07,97.284
5524.44,97.284
5524.80,97.286
5525.17,97.286
5525.53,97.287
5525.90,97.288
5526.27,97.289
5526.63,97.290
5527.00,97.291
5527.37,97.292
5527.73,97.293
5528.10,97.293
5528.46,97.294
5528.83,97.296
5529.20,97.296
5529.56,97.297
5529.93,97.298
5530.30,97.299
5530.66,97.299
5531.03,97.300
5531.39,97.302
5531.76,97.302
5532.13,97.303
5532.49,97.304
5532.86,97.305
5533.23,97.305
5533.59,97.306
5533.96,97.307
5534.32,97.308
5534.69,97.309
5535.06,97.309
5535.42,97.311
5535.79,97.311
5536.16,97.312
5536.52,97.313
5536.89,97.314
5537.25,97.314
5537.62,97.315
5537.99,97.316
5538.35,97.317
5538.72,97.317
5539.08,97.319
5539.45,97.320
5539.82,97.320
5540.18,97.321
5540.55,97.322
5540.92,97.322
5541.28,97.323
5541.65,97.325
5542.01,97.325
5542.38,97.326
5542.75,97.326
5543.11,97.328
5543.48,97.328
5543.85,97.329
5544.21,97.329
5544.58,97.331
5544.94,97.331
5545.31,97.332
5545.68,97.332
5546.04,97.334
5546.41,97.334
5546.78,97.334
5547.14,97.335
5547.51,97.337
5547.87,97.337
5548.24,97.338
5548.61,97.338
5548.97,97.339
5549.34,97.340
5549.70,97.340
5550.07,97.341
5550.44,97.342
5550.80,97.343
5551.17,97.344
5551.54,97.344
5551.90,97.345
5552.27,97.346
5552.63,97.347
5553.00,97.347
5553.37,97.347
5553.73,97.348
5554.10,97.349
5554.47,97.350
5554.83,97.350
5555.20,97.351
5555.56,97.351
5555.93,97.352
5556.30,97.353
5556.66,97.354
5557.03,97.355
5557.40,97.355
5557.76,97.356
5558.13,97.356
5558.49,97.356
5558.86,97.358
5559.23,97.358
5559.59,97.359
5559.96,97.359
5560.32,97.360
5560.69,97.361
5561.06,97.361
5561.42,97.362
5561.79,97.363
5562.16,97.363
5562.52,97.364
5562.89,97.364
5563.25,97.365
5563.62,97.365
5563.99,97.366
5564.35,97.367
5564.72,97.368
5565.09,97.368
5565.45,97.369
5565.82,97.370
5566.18,97.370
5566.55,97.370
5566.92,97.371
5567.28,97.371
5567.65,97.373
5568.02,97.373
5568.38,97.374
5568.75,97.374
5569.11,97.375
5569.48,97.375
5569.85,97.376
5570.21,97.376
5570.58,97.376
5570.95,97.377
5571.31,97.377
5571.68,97.378
5572.04,97.379
5572.41,97.380
5572.78,97.380
5573.14,97.380
5573.51,97.381
5573.87,97.381
5574.24,97.382
5574.61,97.382
5574.97,97.383
5575.34,97.383
5575.71,97.384
5576.07,97.385
5576.44,97.385
5576.80,97.386
5577.17,97.386
5577.54,97.386
5577.90,97.387
5578.27,97.387
5578.64,97.388
5579.00,97.388
5579.37,97.389
5579.73,97.389
5580.10,97.390
5580.47,97.391
5580.83,97.391
5581.20,97.392
5581.57,97.392
5581.93,97.392
5582.30,97.393
5582.66,97.393
5583.03,97.393
5583.40,97.394
5583.76,97.394
5584.13,97.395
5584.49,97.395
5584.86,97.396
5585.23,97.397
5585.59,97.397
5585.96,97.398
5586.33,97.398
5586.69,97.398
5587.06,97.398
5587.42,97.399
5587.79,97.399
5588.16,97.400
5588.52,97.400
5588.89,97.401
5589.26,97.401
5589.62,97.401
5589.99,97.402
5590.35,97.403
5590.72,97.403
5591.09,97.403
5591.45,97.404
5591.82,97.404
5592.19,97.404
5592.55,97.405
5592.92,97.405
5593.28,97.406
5593.65,97.406
5594.02,97.406
5594.38,97.406
5594.75,97.407
5595.11,97.407
5595.48,97.407
5595.85,97.407
5596.21,97.408
5596.58,97.409
5596.95,97.409
5597.31,97.409
5597.68,97.410
5598.04,97.410
5598.41,97.410
5598.78,97.410
5599.14,97.410
5599.51,97.411
5599.88,97.411
5600.24,97.411
5600.61,97.412
5600.97,97.412
5601.34,97.412
5601.71,97.412
5602.07,97.413
5602.44,97.413
5602.81,97.413
5603.17,97.414
5603.54,97.415
5603.90,97.415
5604.27,97.415
5604.64,97.415
5605.00,97.416
5605.37,97.416
5605.74,97.416
5606.10,97.416
5606.47,97.416
5606.83,97.416
5607.20,97.417
5607.57,97.417
5607.93,97.417
5608.30,97.418
5608.66,97.418
5609.03,97.418
5609.40,97.418
5609.76,97.418
5610.13,97.418
5610.50,97.419
5610.86,97.419
5611.23,97.419
5611.59,97.419
5611.96,97.419
5612.33,97.420
5612.69,97.420
5613.06,97.420
5613.43,97.420
5613.79,97.421
5614.16,97.421
5614.52,97.421
5614.89,97.421
5615.26,97.421
5615.62,97.422
5615.99,97.422
5616.36,97.421
5616.72,97.422
5617.09,97.422
5617.45,97.422
5617.82,97.422
5618.19,97.422
5618.55,97.422
5618.92,97.422
5619.28,97.423
5619.65,97.423
5620.02,97.423
5620.38,97.423
5620.75,97.423
5621.12,97.423
5621.48,97.424
5621.85,97.424
5622.21,97.424
5622.58,97.423
5622.95,97.424
5623.31,97.424
5623.68,97.424
5624.05,97.424
5624.41,97.424
5624.78,97.424
5625.14,97.424
5625.51,97.424
5625.88,97.424
5626.24,97.424
5626.61,97.424
5626.98,97.425
5627.34,97.424
5627.71,97.425
5628.07,97.424
5628.44,97.425
5628.81,97.425
5629.17,97.424
5629.54,97.425
5629.91,97.425
5630.27,97.425
5630.64,97.425
5631.00,97.425
5631.37,97.425
5631.74,97.425
5632.10,97.425
5632.47,97.425
5632.83,97.425
5633.20,97.425
5633.57,97.425
5633.93,97.425
5634.30,97.425
5634.67,97.425
5635.03,97.425
5635.40,97.425
5635.76,97.424
5636.13,97.425
5636.50,97.425
5636.86,97.424
5637.23,97.425
5637.60,97.424
5637.96,97.424
5638.33,97.424
5638.69,97.424
5639.06,97.424
5639.43,97.424
5639.79,97.424
5640.16,97.424
5640.53,97.424
5640.89,97.424
5641.26,97.424
5641.62,97.424
5641.99,97.424
5642.36,97.423
5642.72,97.423
5643.09,97.423
5643.45,97.423
5643.82,97.423
5644.19,97.423
5644.55,97.423
5644.92,97.423
5645.29,97.422
5645.65,97.422
5646.02,97.422
5646.38,97.422
5646.75,97.422
5647.12,97.422
5647.48,97.421
5647.85,97.422
5648.22,97.422
5648.58,97.422
5648.95,97.421
5649.31,97.421
5649.68,97.421
5650.05,97.421
5650.41,97.421
5650.78,97.421
5651.15,97.420
5651.51,97.420
5651.88,97.420
5652.24,97.419
5652.61,97.419
5652.98,97.419
5653.34,97.419
5653.71,97.418
5654.07,97.419
5654.44,97.418
5654.81,97.418
5655.17,97.418
5655.54,97.417
5655.91,97.417
5656.27,97.417
5656.64,97.416
5657.00,97.417
5657.37,97.416
5657.74,97.416
5658.10,97.416
5658.47,97.416
5658.84,97.416
5659.20,97.415
5659.57,97.415
5659.93,97.415
5660.30,97.414
5660.67,97.414
5661.03,97.413
5661.40,97.413
5661.77,97.413
5662.13,97.413
5662.50,97.412
5662.86,97.412
5663.23,97.412
5663.60,97.411
5663.96,97.411
5664.33,97.411
5664.70,97.410
5665.06,97.410
5665.43,97.410
5665.79,97.409
5666.16,97.409
5666.53,97.409
5666.89,97.409
5667.26,97.409
5667.62,97.408
5667.99,97.407
5668.36,97.407
5668.72,97.407
5669.09,97.406
5669.46,97.406
5669.82,97.406
5670.19,97.405
5670.55,97.405
5670.92,97.404
5671.29,97.404
5671.65,97.404
5672.02,97.403
5672.39,97.403
5672.75,97.403
5673.12,97.402
5673.48,97.401
5673.85,97.401
5674.22,97.401
5674.58,97.400
5674.95,97.400
5675.32,97.399
5675.68,97.399
5676.05,97.398
5676.41,97.398
5676.78,97.398
5677.15,97.397
5677.51,97.397
5677.88,97.396
5678.24,97.395
5678.61,97.395
5678.98,97.394
5679.34,97.394
5679.71,97.394
5680.08,97.393
5680.44,97.393
5680.81,97.392
5681.17,97.392
5681.54,97.392
5681.91,97.391
5682.27,97.390
5682.64,97.389
5683.01,97.389
5683.37,97.389
5683.74,97.388
5684.10,97.387
5684.47,97.387
5684.84,97.386
5685.20,97.386
5685.57,97.385
5685.94,97.385
5686.30,97.385
5686.67,97.384
5687.03,97.383
5687.40,97.382
5687.77,97.382
5688.13,97.382
5688.50,97.380
5688.86,97.380
5689.23,97.380
5689.60,97.380
5689.96,97.379
5690.33,97.378
5690.70,97.377
5691.06,97.376
5691.43,97.376
5691.79,97.376
5692.16,97.374
5692.53,97.374
5692.89,97.374
5693.26,97.373
5693.63,97.373
5693.99,97.372
5694.36,97.371
5694.72,97.370
5695.09,97.370
5695.46,97.369
5695.82,97.368
5696.19,97.368
5696.56,97.367
5696.92,97.367
5697.29,97.366
5697.65,97.365
5698.02,97.364
5698.39,97.364
5698.75,97.363
5699.12,97.362
5699.49,97.362
5699.85,97.361
5700.22,97.361
5700.58,97.359
5700.95,97.359
5701.32,97.358
5701.68,97.357
5702.05,97.357
5702.41,97.356
5702.78,97.356
5703.15,97.355
5703.51,97.354
5703.88,97.353
5704.25,97.352
5704.61,97.352
5704.98,97.351
5705.34,97.350
5705.71,97.350
5706.08,97.349
5706.44,97.348
5706.81,97.347
5707.18,97.346
5707.54,97.346
5707.91,97.344
5708.27,97.344
5708.64,97.343
5709.01,97.343
5709.37,97.341
5709.74,97.341
5710.11,97.340
5710.47,97.340
5710.84,97.338
5711.20,97.338
5711.57,97.337
5711.94,97.336
5712.30,97.335
5712.67,97.334
5713.03,97.333
5713.40,97.333
5713.77,97.332
5714.13,97.331
5714.50,97.331
5714.87,97.329
5715.23,97.328
5715.60,97.328
5715.96,97.326
5716.33,97.326
5716.70,97.325
5717.06,97.324
5717.43,97.323
5717.80,97.322
5718.16,97.322
5718.53,97.320
5718.89,97.320
5719.26,97.319
5719.63,97.318
5719.99,97.317
5720.36,97.316
5720.73,97.315
5721.09,97.315
5721.46,97.314
5721.82,97.312
5722.19,97.312
5722.56,97.311
5722.92,97.309
5723.29,97.309
5723.66,97.308
5724.02,97.307
5724.39,97.306
5724.75,97.305
5725.12,97.304
5725.49,97.303
5725.85,97.303
5726.22,97.302
5726.58,97.301
5726.95,97.299
5727.32,97.299
5727.68,97.297
5728.05,97.297
5728.42,97.296
5728.78,97.294
5729.15,97.294
5729.51,97.293
5729.88,97.292
5730.25,97.291
5730.61,97.290
5730.98,97.289
5731.35,97.288
5731.71,97.287
5732.08,97.286
5732.44,97.285
5732.81,97.284
5733.18,97.283
5733.54,97.282
5733.91,97.281
5734.28,97.280
5734.64,97.279
5735.01,97.278
5735.37,97.277
5735.74,97.276
5736.11,97.275
5736.47,97.273
5736.84,97.273
5737.20,97.272
5737.57,97.270
5737.94,97.269
5738.30,97.269
5738.67,97.267
5739.04,97.267
5739.40,97.266
5739.77,97.264
5740.13,97.263
5740.50,97.262
5740.87,97.261
5741.23,97.260
5741.60,97.259
5741.97,97.258
5742.33,97.257
5742.70,97.256
5743.06,97.255
5743.43,97.254
5743.80,97.252
5744.16,97.251
5744.53,97.250
5744.90,97.250
5745.26,97.248
5745.63,97.247
5745.99,97.246
5746.36,97.245
5746.73,97.243
5747.09,97.243
5747.46,97.242
5747.82,97.240
5748.19,97.239
5748.56,97.239
5748.92,97.237
5749.29,97.236
5749.66,97.235
5750.02,97.233
5750.39,97.232
5750.75,97.232
5751.12,97.230
5751.49,97.229
5751.85,97.228
5752.22,97.227
5752.59,97.225
5752.95,97.225
5753.32,97.223
5753.68,97.222
5754.05,97.221
5754.42,97.220
5754.78,97.219
5755.15,97.218
5755.52,97.216
5755.88,97.215
5756.25,97.214
5756.61,97.213
5756.98,97.212
5757.35,97.210
5757.71,97.209
5758.08,97.208
5758.45,97.207
5758.81,97.206
5759.18,97.204
5759.54,97.204
5759.91,97.202
5760.28,97.201
5760.64,97.200
5761.01,97.198
5761.37,97.197
5761.74,97.197
5762.11,97.195
5762.47,97.194
5762.84,97.193
5763.21,97.191
5763.57,97.191
5763.94,97.189
5764.30,97.188
5764.67,97.186
5765.04,97.185
5765.40,97.184
5765.77,97.183
5766.14,97.181
5766.50,97.180
5766.87,97.180
5767.23,97.178
5767.60,97.177
5767.97,97.175
5768.33,97.174
5768.70,97.173
5769.07,97.172
5769.43,97.171
5769.80,97.169
5770.16,97.168
5770.53,97.167
5770.90,97.166
5771.26,97.165
5771.63,97.163
5771.99,97.162
5772.36,97.161
5772.73,97.160
5773.09,97.159
5773.46,97.157
5773.83,97.155
5774.19,97.154
5774.56,97.153
5774.92,97.152
5775.29,97.151
5775.66,97.149
5776.02,97.148
5776.39,97.147
5776.76,97.145
5777.12,97.144
5777.49,97.144
5777.85,97.142
5778.22,97.141
5778.59,97.139
5778.95,97.138
5779.32,97.137
5779.69,97.136
5780.05,97.134
5780.42,97.133
5780.78,97.132
5781.15,97.130
5781.52,97.129
5781.88,97.128
5782.25,97.127
5782.61,97.126
5782.98,97.124
5783.35,97.123
5783.71,97.121
5784.08,97.120
5784.45,97.119
5784.81,97.118
5785.18,97.117
5785.54,97.115
5785.91,97.114
5786.28,97.112
5786.64,97.112
5787.01,97.110
5787.38,97.108
5787.74,97.108
5788.11,97.106
5788.47,97.105
5788.84,97.103
5789.21,97.102
5789.57,97.101
5789.94,97.100
5790.31,97.099
5790.67,97.097
5791.04,97.096
5791.40,97.095
5791.77,97.094
5792.14,97.093
5792.50,97.091
5792.87,97.090
5793.24,97.089
5793.60,97.087
5793.97,97.085
5794.33,97.084
5794.70,97.084
5795.07,97.082
5795.43,97.081
5795.80,97.079
5796.16,97.078
5796.53,97.077
5796.90,97.076
5797.26,97.074
5797.63,97.073
5798.00,97.072
5798.36,97.070
5798.73,97.069
5799.09,97.068
5799.46,97.067
5799.83,97.065
5800.19,97.064
5800.56,97.062
5800.93,97.061
5801.29,97.061
5801.66,97.058
5802.02,97.058
5802.39,97.056
5802.76,97.055
5803.12,97.054
5803.49,97.053
5803.86,97.051
5804.22,97.050
5804.59,97.048
5804.95,97.047
5805.32,97.047
5805.69,97.045
5806.05,97.043
5806.42,97.042
5806.78,97.041
5807.15,97.040
5807.52,97.038
5807.88,97.037
5808.25,97.036
5808.62,97.035
5808.98,97.034
5809.35,97.032
5809.71,97.031
5810.08,97.030
5810.45,97.028
5810.81,97.028
5811.18,97.026
5811.55,97.025
5811.91,97.023
5812.28,97.022
5812.64,97.021
5813.01,97.019
5813.38,97.018
5813.74,97.018
5814.11,97.016
5814.48,97.015
5814.84,97.013
5815.21,97.013
5815.57,97.011
5815.94,97.010
5816.31,97.009
5816.67,97.007
5817.04,97.007
5817.41,97.005
5817.77,97.004
5818.14,97.003
5818.50,97.001
5818.87,97.000
5819.24,96.999
5819.60,96.998
5819.97,96.996
5820.33,96.995
5820.70,96.994
5821.07,96.993
5821.43,96.992
5821.80,96.990
5822.17,96.989
5822.53,96.988
5822.90,96.987
5823.26,96.986
5823.63,96.984
5824.00,96.983
5824.36,96.982
5824.73,96.981
5825.10,96.980
5825.46,96.979
5825.83,96.977
5826.19,96.977
5826.56,96.975
5826.93,96.974
5827.29,96.972
5827.66,96.972
5828.03,96.971
5828.39,96.969
5828.76,96.968
5829.12,96.967
5829.49,96.966
5829.86,96.965
5830.22,96.964
5830.59,96.963
5830.95,96.962
5831.32,96.960
5831.69,96.959
5832.05,96.958
5832.42,96.957
5832.79,96.956
5833.15,96.954
5833.52,96.953
5833.88,96.953
5834.25,96.951
5834.62,96.951
5834.98,96.950
5835.35,96.948
5835.72,96.947
5836.08,96.946
5836.45,96.945
5836.81,96.944
5837.18,96.943
5837.55,96.941
5837.91,96.941
5838.28,96.939
5838.65,96.939
5839.01,96.937
5839.38,96.936
5839.74,96.935
5840.11,96.934
5840.48,96.933
5840.84,96.932
5841.21,96.931
5841.57,96.930
5841.94,96.928
5842.31,96.928
5842.67,96.927
5843.04,96.926
5843.41,96.925
5843.77,96.924
5844.14,96.923
5844.50,96.922
5844.87,96.921
5845.24,96.920
5845.60,96.919
5845.97,96.918
5846.34,96.917
5846.70,96.916
5847.07,96.915
5847.43,96.914
5847.80,96.913
5848.17,96.912
5848.53,96.911
5848.90,96.910
5849.27,96.909
5849.63,96.908
5850.00,96.907
5850.36,96.906
5850.73,96.905
5851.10,96.905
5851.46,96.904
5851.83,96.903
5852.20,96.901
5852.56,96.901
5852.93,96.900
5853.29,96.899
5853.66,96.898
5854.03,96.898
5854.39,96.897
5854.76,96.895
5855.12,96.894
5855.49,96.894
5855.86,96.893
5856.22,96.892
5856.59,96.892
5856.96,96.891
5857.32,96.889
5857.69,96.888
5858.05,96.888
5858.42,96.887
5858.79,96.886
5859.15,96.885
5859.52,96.885
5859.89,96.884
5860.25,96.883
5860.62,96.882
5860.98,96.882
5861.35,96.881
5861.72,96.880
5862.08,96.879
5862.45,96.878
5862.82,96.877
5863.18,96.877
5863.55,96.876
5863.91,96.876
5864.28,96.874
5864.65,96.874
5865.01,96.873
5865.38,96.873
5865.74,96.872
5866.11,96.871
5866.48,96.870
5866.84,96.870
5867.21,96.869
5867.58,96.868
5867.94,96.868
5868.31,96.867
5868.67,96.866
5869.04,96.865
5869.41,96.865
5869.77,96.864
5870.14,96.864
5870.51,96.863
5870.87,96.863
5871.24,96.862
5871.60,96.861
5871.97,96.861
5872.34,96.860
5872.70,96.859
5873.07,96.858
5873.44,96.858
5873.80,96.858
5874.17,96.857
5874.53,96.856
5874.90,96.856
5875.27,96.856
5875.63,96.855
5876.00,96.854
5876.36,96.854
5876.73,96.853
5877.10,96.852
5877.46,96.852
5877.83,96.852
5878.20,96.851
5878.56,96.851
5878.93,96.851
5879.29,96.850
5879.66,96.850
5880.03,96.849
5880.39,96.849
5880.76,96.848
5881.13,96.847
5881.49,96.847
5881.86,96.847
5882.22,96.846
5882.59,96.846
5882.96,96.846
5883.32,96.845
5883.69,96.845
5884.06,96.844
5884.42,96.844
5884.79,96.844
5885.15,96.843
5885.52,96.843
5885.89,96.842
5886.25,96.842
5886.62,96.842
5886.99,96.841
5887.35,96.841
5887.72,96.841
5888.08,96.840
5888.45,96.840
5888.82,96.840
5889.18,96.840
5889.55,96.840
5889.91,96.840
5890.28,96.839
5890.65,96.839
5891.01,96.838
5891.38,96.839
5891.75,96.838
5892.11,96.838
5892.48,96.838
5892.84,96.838
5893.21,96.837
5893.58,96.837
5893.94,96.837
5894.31,96.837
5894.68,96.837
5895.04,96.836
5895.41,96.836
5895.77,96.836
5896.14,96.836
5896.51,96.836
5896.87,96.835
5897.24,96.835
5897.61,96.835
5897.97,96.835
5898.34,96.835
5898.70,96.835
5899.07,96.835
5899.44,96.835
5899.80,96.835
5900.17,96.835
5900.53,96.835
5900.90,96.835
5901.27,96.835
5901.63,96.835
5902.00,96.834
5902.37,96.835
5902.73,96.835
5903.10,96.835
5903.46,96.835
5903.83,96.835
5904.20,96.835
5904.56,96.835
5904.93,96.835
5905.30,96.835
5905.66,96.835
5906.03,96.836
5906.39,96.836
5906.76,96.835
5907.13,96.835
5907.49,96.836
5907.86,96.836
5908.23,96.836
5908.59,96.837
5908.96,96.837
5909.32,96.837
5909.69,96.837
5910.06,96.837
5910.42,96.838
5910.79,96.838
5911.16,96.838
5911.52,96.838
5911.89,96.838
5912.25,96.838
5912.62,96.838
5912.99,96.839
5913.35,96.840
5913.72,96.840
5914.08,96.840
5914.45,96.840
5914.82,96.840
5915.18,96.841
5915.55,96.841
5915.92,96.841
5916.28,96.842
5916.65,96.842
5917.01,96.843
5917.38,96.844
5917.75,96.844
5918.11,96.844
5918.48,96.844
5918.85,96.845
5919.21,96.845
5919.58,96.846
5919.94,96.846
5920.31,96.847
5920.68,96.847
5921.04,96.847
5921.41,96.848
5921.78,96.848
5922.14,96.849
5922.51,96.850
5922.87,96.850
5923.24,96.851
5923.61,96.852
5923.97,96.852
5924.34,96.852
5924.70,96.852
5925.07,96.853
5925.44,96.854
5925.80,96.855
5926.17,96.855
5926.54,96.856
5926.90,96.856
5927.27,96.857
5927.63,96.858
5928.00,96.858
5928.37,96.859
5928.73,96.860
5929.10,96.861
5929.47,96.861
5929.83,96.862
5930.20,96.862
5930.56,96.863
5930.93,96.864
5931.30,96.864
5931.66,96.865
5932.03,96.867
5932.40,96.867
5932.76,96.868
5933.13,96.868
5933.49,96.869
5933.86,96.870
5934.23,96.871
5934.59,96.872
5934.96,96.873
5935.32,96.874
5935.69,96.874
5936.06,96.875
5936.42,96.876
5936.79,96.877
5937.16,96.878
5937.52,96.879
5937.89,96.880
5938.25,96.881
5938.62,96.882
5938.99,96.883
5939.35,96.883
5939.72,96.885
5940.09,96.886
5940.45,96.886
5940.82,96.888
5941.18,96.888
5941.55,96.890
5941.92,96.891
5942.28,96.892
5942.65,96.893
5943.02,96.893
5943.38,96.895
5943.75,96.897
5944.11,96.897
5944.48,96.899
5944.85,96.900
5945.21,96.900
5945.58,96.901
5945.95,96.903
5946.31,96.904
5946.68,96.905
5947.04,96.906
5947.41,96.907
5947.78,96.909
5948.14,96.910
5948.51,96.911
5948.87,96.912
5949.24,96.914
5949.61,96.915
5949.97,96.916
5950.34,96.917
5950.71,96.919
5951.07,96.921
5951.44,96.922
5951.80,96.922
5952.17,96.924
5952.54,96.925
5952.90,96.927
5953.27,96.928
5953.64,96.929
5954.00,96.931
5954.37,96.933
5954.73,96.934
5955.10,96.935
5955.47,96.936
5955.83,96.938
5956.20,96.939
5956.57,96.941
5956.93,96.942
5957.30,96.944
5957.66,96.945
5958.03,96.947
5958.40,96.948
5958.76,96.950
5959.13,96.951
5959.49,96.953
5959.86,96.954
5960.23,96.956
5960.59,96.957
5960.96,96.959
5961.33,96.961
5961.69,96.963
5962.06,96.964
5962.42,96.965
5962.79,96.968
5963.16,96.969
5963.52,96.971
5963.89,96.972
5964.26,96.974
5964.62,96.975
5964.99,96.977
5965.35,96.979
5965.72,96.981
5966.09,96.983
5966.45,96.984
5966.82,96.986
5967.19,96.987
5967.55,96.989
5967.92,96.992
5968.28,96.993
5968.65,96.995
5969.02,96.997
5969.38,96.999
5969.75,97.000
5970.12,97.002
5970.48,97.004
5970.85,97.005
5971.21,97.008
5971.58,97.010
5971.95,97.012
5972.31,97.013
5972.68,97.015
5973.04,97.017
5973.41,97.019
5973.78,97.022
5974.14,97.023
5974.51,97.025
5974.88,97.027
5975.24,97.029
5975.61,97.031
5975.97,97.034
5976.34,97.035
5976.71,97.037
5977.07,97.039
5977.44,97.041
5977.81,97.043
5978.17,97.046
5978.54,97.047
5978.90,97.049
5979.27,97.052
5979.64,97.054
5980.00,97.056
5980.37,97.058
5980.74,97.060
5981.10,97.062
5981.47,97.065
5981.83,97.067
5982.20,97.069
5982.57,97.071
5982.93,97.073
5983.30,97.076
5983.66,97.078
5984.03,97.080
5984.40,97.083
5984.76,97.085
5985.13,97.087
5985.50,97.089
5985.86,97.091
5986.23,97.094
5986.59,97.096
5986.96,97.099
5987.33,97.101
5987.69,97.103
5988.06,97.105
5988.43,97.108
5988.79,97.110
5989.16,97.112
5989.52,97.115
5989.89,97.118
5990.26,97.120
5990.62,97.122
5990.99,97.125
5991.36,97.127
5991.72,97.130
5992.09,97.132
5992.45,97.135
5992.82,97.137
5993.19,97.139
5993.55,97.142
5993.92,97.144
5994.28,97.148
5994.65,97.150
5995.02,97.153
5995.38,97.155
5995.75,97.157
5996.12,97.160
5996.48,97.162
5996.85,97.165
5997.21,97.168
5997.58,97.171
5997.95,97.173
5998.31,97.175
5998.68,97.178
5999.05,97.181
5999.41,97.184
5999.78,97.186
6000.14,97.189
6000.51,97.191
6000.88,97.195
6001.24,97.197
6001.61,97.200
6001.98,97.203
6002.34,97.206
6002.71,97.208
6003.07,97.211
6003.44,97.214
6003.81,97.216
6004.17,97.220
6004.54,97.222
6004.91,97.225
6005.27,97.228
6005.64,97.231
6006.00,97.233
6006.37,97.237
6006.74,97.239
6007.10,97.243
6007.47,97.245
6007.83,97.248
6008.20,97.250
6008.57,97.254
6008.93,97.256
6009.30,97.260
6009.67,97.263
6010.03,97.266
6010.40,97.269
6010.76,97.272
6011.13,97.275
6011.50,97.278
6011.86,97.280
6012.23,97.284
6012.60,97.287
6012.96,97.290
6013.33,97.293
6013.69,97.296
6014.06,97.299
6014.43,97.302
6014.79,97.305
6015.16,97.308
6015.53,97.311
6015.89,97.314
6016.26,97.317
6016.62,97.320
6016.99,97.323
6017.36,97.327
6017.72,97.330
6018.09,97.333
6018.45,97.337
6018.82,97.340
6019.19,97.343
6019.55,97.346
6019.92,97.349
6020.29,97.352
6020.65,97.356
6021.02,97.359
6021.38,97.362
6021.75,97.365
6022.12,97.369
6022.48,97.371
6022.85,97.375
6023.22,97.378
6023.58,97.382
6023.95,97.386
6024.31,97.388
6024.68,97.392
6025.05,97.395
6025.41,97.398
6025.78,97.401
6026.15,97.405
6026.51,97.409
6026.88,97.412
6027.24,97.415
6027.61,97.418
6027.98,97.422
6028.34,97.425
6028.71,97.429
6029.07,97.433
6029.44,97.436
6029.81,97.439
6030.17,97.443
6030.54,97.447
6030.91,97.450
6031.27,97.453
6031.64,97.457
6032.00,97.460
6032.37,97.464
6032.74,97.468
6033.10,97.470
6033.47,97.475
6033.84,97.478
6034.20,97.482
6034.57,97.485
6034.93,97.489
6035.30,97.493
6035.67,97.495
6036.03,97.500
6036.40,97.503
6036.77,97.507
6037.13,97.510
6037.50,97.514
6037.86,97.518
6038.23,97.522
6038.60,97.525
6038.96,97.529
6039.33,97.532
6039.70,97.536
6040.06,97.540
6040.43,97.543
6040.79,97.547
6041.16,97.551
6041.53,97.555
6041.89,97.559
6042.26,97.562
6042.62,97.566
6042.99,97.570
6043.36,97.573
6043.72,97.578
6044.09,97.581
6044.46,97.584
6044.82,97.588
6045.19,97.593
6045.55,97.596
6045.92,97.600
6046.29,97.604
6046.65,97.608
6047.02,97.612
6047.39,97.615
6047.75,97.619
6048.12,97.623
6048.48,97.627
6048.85,97.631
6049.22,97.635
6049.58,97.639
6049.95,97.643
6050.32,97.647
6050.68,97.650
6051.05,97.654
6051.41,97.658
6051.78,97.662
6052.15,97.666
6052.51,97.670
6052.88,97.674
6053.24,97.678
6053.61,97.682
6053.98,97.686
6054.34,97.690
6054.71,97.694
6055.08,97.698
6055.44,97.703
6055.81,97.707
6056.17,97.710
6056.54,97.715
6056.91,97.719
6057.27,97.722
6057.64,97.727
6058.01,97.731
6058.37,97.735
6058.74,97.739
6059.10,97.743
6059.47,97.747
6059.84,97.751
6060.20,97.755
6060.57,97.760
6060.94,97.763
6061.30,97.767
6061.67,97.772
6062.03,97.776
6062.40,97.780
6062.77,97.784
6063.13,97.788
6063.50,97.792
6063.87,97.797
6064.23,97.801
6064.60,97.805
6064.96,97.809
6065.33,97.814
6065.70,97.817
6066.06,97.822
6066.43,97.826
6066.79,97.831
6067.16,97.835
6067.53,97.840
6067.89,97.844
6068.26,97.847
6068.63,97.852
6068.99,97.856
6069.36,97.861
6069.72,97.864
6070.09,97.869
6070.46,97.873
6070.82,97.877
6071.19,97.882
6071.56,97.886
6071.92,97.891
6072.29,97.895
6072.65,97.899
6073.02,97.904
6073.39,97.908
6073.75,97.912
6074.12,97.916
6074.49,97.922
6074.85,97.925
6075.22,97.930
6075.58,97.934
6075.95,97.939
6076.32,97.943
6076.68,97.948
6077.05,97.953
6077.41,97.957
6077.78,97.961
6078.15,97.966
6078.51,97.970
6078.88,97.974
6079.25,97.978
6079.61,97.983
6079.98,97.988
6080.34,97.992
6080.71,97.996
6081.08,98.001
6081.44,98.005
6081.81,98.011
6082.18,98.014
6082.54,98.019
6082.91,98.023
6083.27,98.028
6083.64,98.032
6084.01,98.037
6084.37,98.042
6084.74,98.046
6085.11,98.050
6085.47,98.055
6085.84,98.060
6086.20,98.064
6086.57,98.069
6086.94,98.073
6087.30,98.078
6087.67,98.083
6088.03,98.088
6088.40,98.092
6088.77,98.096
6089.13,98.101
6089.50,98.106
6089.87,98.111
6090.23,98.115
6090.60,98.119
6090.96,98.124
6091.33,98.129
6091.70,98.133
6092.06,98.138
6092.43,98.143
6092.80,98.148
6093.16,98.153
6093.53,98.157
6093.89,98.162
6094.26,98.166
6094.63,98.171
6094.99,98.175
6095.36,98.180
6095.73,98.185
6096.09,98.189
6096.46,98.195
6096.82,98.199
6097.19,98.203
6097.56,98.209
6097.92,98.213
6098.29,98.218
6098.66,98.222
6099.02,98.227
6099.39,98.233
6099.75,98.237
6100.12,98.242
6100.49,98.246
6100.85,98.251
6101.22,98.256
6101.58,98.261
6101.95,98.266
6102.32,98.270
6102.68,98.275
6103.05,98.280
6103.42,98.285
6103.78,98.290
6104.15,98.294
6104.51,98.299
6104.88,98.304
6105.25,98.309
6105.61,98.314
6105.98,98.319
6106.35,98.323
6106.71,98.328
6107.08,98.333
6107.44,98.338
6107.81,98.343
6108.18,98.347
6108.54,98.352
6108.91,98.357
6109.28,98.362
6109.64,98.367
6110.01,98.372
6110.37,98.376
6110.74,98.382
6111.11,98.387
6111.47,98.392
6111.84,98.396
6112.20,98.401
6112.57,98.406
6112.94,98.411
6113.30,98.416
6113.67,98.421
6114.04,98.425
6114.40,98.430
6114.77,98.436
6115.13,98.441
6115.50,98.445
6115.87,98.450
6116.23,98.456
6116.60,98.460
6116.97,98.465
6117.33,98.470
6117.70,98.475
6118.06,98.480
6118.43,98.484
6118.80,98.490
6119.16,98.495
6119.53,98.499
6119.90,98.505
6120.26,98.510
6120.63,98.514
6120.99,98.519
6121.36,98.525
6121.73,98.529
6122.09,98.534
6122.46,98.540
6122.82,98.545
6123.19,98.549
6123.56,98.554
6123.92,98.559
6124.29,98.565
6124.66,98.570
6125.02,98.575
6125.39,98.580
6125.75,98.585
6126.12,98.590
6126.49,98.594
6126.85,98.600
6127.22,98.605
6127.59,98.609
6127.95,98.615
6128.32,98.620
6128.68,98.625
6129.05,98.630
6129.42,98.636
6129.78,98.640
6130.15,98.645
6130.52,98.650
6130.88,98.656
6131.25,98.660
6131.61,98.665
6131.98,98.671
6132.35,98.675
6132.71,98.680
6133.08,98.686
6133.45,98.691
6133.81,98.696
6134.18,98.701
6134.54,98.707
6134.91,98.712
6135.28,98.716
6135.64,98.722
6136.01,98.727
6136.37,98.731
6136.74,98.737
6137.11,98.742
6137.47,98.747
6137.84,98.752
6138.21,98.757
6138.57,98.763
6138.94,98.767
6139.30,98.773
6139.67,98.778
6140.04,98.783
6140.40,98.788
6140.77,98.793
6141.14,98.798
6141.50,98.803
6141.87,98.809
6142.23,98.814
6142.60,98.819
6142.97,98.824
6143.33,98.829
6143.70,98.835
6144.07,98.840
6144.43,98.844
6144.80,98.850
6145.16,98.855
6145.53,98.860
6145.90,98.865
6146.26,98.870
6146.63,98.876
6146.99,98.880
6147.36,98.886
6147.73,98.892
6148.09,98.897
6148.46,98.901
6148.83,98.907
6149.19,98.912
6149.56,98.917
6149.92,98.922
6150.29,98.928
6150.66,98.933
6151.02,98.938
6151.39,98.943
6151.76,98.948
6152.12,98.953
6152.49,98.959
6152.85,98.964
6153.22,98.969
6153.59,98.975
6153.95,98.980
6154.32,98.984
6154.69,98.990
6155.05,98.995
6155.42,99.000
6155.78,99.006
6156.15,99.011
6156.52,99.016
6156.88,99.021
6157.25,99.026
6157.62,99.032
6157.98,99.037
6158.35,99.042
6158.71,99.047
6159.08,99.052
6159.45,99.058
6159.81,99.063
6160.18,99.069
6160.54,99.073
6160.91,99.079
6161.28,99.084
6161.64,99.090
6162.01,99.094
6162.38,99.100
6162.74,99.105
6163.11,99.111
6163.47,99.115
6163.84,99.120
6164.21,99.126
6164.57,99.132
6164.94,99.136
6165.31,99.142
6165.67,99.147
6166.04,99.152
6166.40,99.157
6166.77,99.163
6167.14,99.168
6167.50,99.173
6167.87,99.179
6168.24,99.184
6168.60,99.189
6168.97,99.194
6169.33,99.200
6169.70,99.205
6170.07,99.210
6170.43,99.215
6170.80,99.221
6171.16,99.226
6171.53,99.232
6171.90,99.237
6172.26,99.242
6172.63,99.248
6173.00,99.252
6173.36,99.257
6173.73,99.263
6174.09,99.268
6174.46,99.273
6174.83,99.279
6175.19,99.284
6175.56,99.289
6175.93,99.295
6176.29,99.300
6176.66,99.305
6177.02,99.310
6177.39,99.316
6177.76,99.322
6178.12,99.327
6178.49,99.332
6178.86,99.337
6179.22,99.342
6179.59,99.348
6179.95,99.353
6180.32,99.358
6180.69,99.364
6181.05,99.368
6181.42,99.374
6181.78,99.380
6182.15,99.385
6182.52,99.390
6182.88,99.395
6183.25,99.401
6183.62,99.406
6183.98,99.411
6184.35,99.416
6184.71,99.422
6185.08,99.428
6185.45,99.433
6185.81,99.438
6186.18,99.443
6186.55,99.448
6186.91,99.453
6187.28,99.459
6187.64,99.465
6188.01,99.470
6188.38,99.475
6188.74,99.480
6189.11,99.485
6189.48,99.491
6189.84,99.496
6190.21,99.501
6190.57,99.507
6190.94,99.512
6191.31,99.517
6191.67,99.523
6192.04,99.528
6192.41,99.534
6192.77,99.538
6193.14,99.544
6193.50,99.549
6193.87,99.554
6194.24,99.560
6194.60,99.565
6194.97,99.571
6195.33,99.576
6195.70,99.581
6196.07,99.587
6196.43,99.592
6196.80,99.597
6197.17,99.602
6197.53,99.608
6197.90,99.613
6198.26,99.618
6198.63,99.624
6199.00,99.629
6199.36,99.635
6199.73,99.639
6200.10,99.645
6200.46,99.650
6200.83,99.655
6201.19,99.660
6201.56,99.666
6201.93,99.672
6202.29,99.677
6202.66,99.682
6203.03,99.688
6203.39,99.692
6203.76,99.698
6204.12,99.703
6204.49,99.709
6204.86,99.714
6205.22,99.720
6205.59,99.725
6205.95,99.730
6206.32,99.735
6206.69,99.740
6207.05,99.746
6207.42,99.751
6207.79,99.757
6208.15,99.762
6208.52,99.767
6208.88,99.773
6209.25,99.778
6209.62,99.783
6209.98,99.788
6210.35,99.793
6210.72,99.799
6211.08,99.804
6211.45,99.810
6211.81,99.815
6212.18,99.821
6212.55,99.826
6212.91,99.831
6213.28,99.837
6213.65,99.841
6214.01,99.847
6214.38,99.852
6214.74,99.857
6215.11,99.863
6215.48,99.869
6215.84,99.874
6216.21,99.879
6216.57,99.885
6216.94,99.889
6217.31,99.895
6217.67,99.900
6218.04,99.906
6218.41,99.910
6218.77,99.916
6219.14,99.921
6219.50,99.927
6219.87,99.932
6220.24,99.937
6220.60,99.942
6220.97,99.947
6221.34,99.953
6221.70,99.959
6222.07,99.964
6222.43,99.969
6222.80,99.975
6223.17,99.980
6223.53,99.985
6223.90,99.990
6224.27,99.995
6224.63,100.001
6225.00,100.007
6225.36,100.011
6225.73,100.017
6226.10,100.022
6226.46,100.028
6226.83,100.032
6227.20,100.038
6227.56,100.043
6227.93,100.048
6228.29,100.054
6228.66,100.059
6229.03,100.065
6229.39,100.070
6229.76,100.075
6230.12,100.081
6230.49,100.085
6230.86,100.091
6231.22,100.096
6231.59,100.101
6231.96,100.107
6232.32,100.112
6232.69,100.118
6233.05,100.123
6233.42,100.128
6233.79,100.133
6234.15,100.138
6234.52,100.144
6234.89,100.149
6235.25,100.155
6235.62,100.160
6235.98,100.165
6236.35,100.170
6236.72,100.175
6237.08,100.181
6237.45,100.186
6237.82,100.192
6238.18,100.197
6238.55,100.202
6238.91,100.207
6239.28,100.213
6239.65,100.218
6240.01,100.223
6240.38,100.228
6240.74,100.233
6241.11,100.239
6241.48,100.245
6241.84,100.249
6242.21,100.255
6242.58,100.260
6242.94,100.266
6243.31,100.270
6243.67,100.276
6244.04,100.281
6244.41,100.287
6244.77,100.292
6245.14,100.297
6245.51,100.303
6245.87,100.308
6246.24,100.312
6246.60,100.318
6246.97,100.323
6247.34,100.328
6247.70,100.334
6248.07,100.339
6248.44,100.344
6248.80,100.350
6249.17,100.355
6249.53,100.360
6249.90,100.365
6250.27,100.371
6250.63,100.376
6251.00,100.382
6251.37,100.386
6251.73,100.392
6252.10,100.397
6252.46,100.402
6252.83,100.407
6253.20,100.412
6253.56,100.418
6253.93,100.423
6254.29,100.428
6254.66,100.433
6255.03,100.439
6255.39,100.444
6255.76,100.449
6256.13,100.454
6256.49,100.459
6256.86,100.465
6257.22,100.471
6257.59,100.475
6257.96,100.481
6258.32,100.486
6258.69,100.491
6259.06,100.496
6259.42,100.501
6259.79,100.507
6260.15,100.512
6260.52,100.517
6260.89,100.523
6261.25,100.528
6261.62,100.532
6261.99,100.538
6262.35,100.543
6262.72,100.548
6263.08,100.554
6263.45,100.559
6263.82,100.564
6264.18,100.569
6264.55,100.575
6264.91,100.580
6265.28,100.585
6265.65,100.590
6266.01,100.595
6266.38,100.601
6266.75,100.606
6267.11,100.611
6267.48,100.616
6267.84,100.621
6268.21,100.627
6268.58,100.632
6268.94,100.637
6269.31,100.642
6269.68,100.648
6270.04,100.653
6270.41,100.658
6270.77,100.663
6271.14,100.668
6271.51,100.673
6271.87,100.678
6272.24,100.684
6272.61,100.689
6272.97,100.694
6273.34,100.699
6273.70,100.704
6274.07,100.710
6274.44,100.715
6274.80,100.720
6275.17,100.725
6275.53,100.731
6275.90,100.736
6276.27,100.741
6276.63,100.745
6277.00,100.751
6277.37,100.756
6277.73,100.762
6278.10,100.767
6278.46,100.772
6278.83,100.777
6279.20,100.782
6279.56,100.787
6279.93,100.792
6280.30,100.797
6280.66,100.803
6281.03,100.808
6281.39,100.813
6281.76,100.818
6282.13,100.823
6282.49,100.828
6282.86,100.834
6283.23,100.839
6283.59,100.844
6283.96,100.849
6284.32,100.855
6284.69,100.859
6285.06,100.864
6285.42,100.870
6285.79,100.875
6286.16,100.880
6286.52,100.885
6286.89,100.890
6287.25,100.895
6287.62,100.900
6287.99,100.905
6288.35,100.910
6288.72,100.916
6289.08,100.921
6289.45,100.926
6289.82,100.931
6290.18,100.936
6290.55,100.941
6290.92,100.947
6291.28,100.952
6291.65,100.957
6292.01,100.962
6292.38,100.967
6292.75,100.972
6293.11,100.977
6293.48,100.983
6293.85,100.987
6294.21,100.993
6294.58,100.998
6294.94,101.003
6295.31,101.007
6295.68,101.013
6296.04,101.018
6296.41,101.023
6296.78,101.028
6297.14,101.034
6297.51,101.038
6297.87,101.043
6298.24,101.049
6298.61,101.053
6298.97,101.059
6299.34,101.064
6299.70,101.069
6300.07,101.074
6300.44,101.079
6300.80,101.084
6301.17,101.089
6301.54,101.094
6301.90,101.099
6302.27,101.104
6302.63,101.109
6303.00,101.114
6303.37,101.120
6303.73,101.124
6304.10,101.130
6304.47,101.135
6304.83,101.140
6305.20,101.144
6305.56,101.150
6305.93,101.154
6306.30,101.160
6306.66,101.165
6307.03,101.170
6307.40,101.175
6307.76,101.180
6308.13,101.185
6308.49,101.190
6308.86,101.195
6309.23,101.200
6309.59,101.206
6309.96,101.210
6310.32,101.215
6310.69,101.220
6311.06,101.225
6311.42,101.231
6311.79,101.235
6312.16,101.240
6312.52,101.245
6312.89,101.251
6313.25,101.255
6313.62,101.260
6313.99,101.266
6314.35,101.270
6314.72,101.275
6315.09,101.280
6315.45,101.285
6315.82,101.291
6316.18,101.296
6316.55,101.300
6316.92,101.305
6317.28,101.310
6317.65,101.315
6318.02,101.321
6318.38,101.326
6318.75,101.331
6319.11,101.335
6319.48,101.340
6319.85,101.346
6320.21,101.350
6320.58,101.356
6320.95,101.360
6321.31,101.365
6321.68,101.370
6322.04,101.375
6322.41,101.381
6322.78,101.385
6323.14,101.391
6323.51,101.395
6323.87,101.400
6324.24,101.405
6324.61,101.410
6324.97,101.415
6325.34,101.420
6325.71,101.425
6326.07,101.430
6326.44,101.434
6326.80,101.440
6327.17,101.445
6327.54,101.450
6327.90,101.454
6328.27,101.459
6328.64,101.465
6329.00,101.469
6329.37,101.474
6329.73,101.480
6330.10,101.484
6330.47,101.489
6330.83,101.494
6331.20,101.499
6331.57,101.504
6331.93,101.509
6332.30,101.513
6332.66,101.519
6333.03,101.523
6333.40,101.529
6333.76,101.534
6334.13,101.538
6334.49,101.543
6334.86,101.548
6335.23,101.553
6335.59,101.558
6335.96,101.563
6336.33,101.567
6336.69,101.572
6337.06,101.578
6337.42,101.582
6337.79,101.588
6338.16,101.592
6338.52,101.597
6338.89,101.602
6339.26,101.607
6339.62,101.612
6339.99,101.617
6340.35,101.621
6340.72,101.626
6341.09,101.632
6341.45,101.636
6341.82,101.641
6342.19,101.646
6342.55,101.650
6342.92,101.656
6343.28,101.660
6343.65,101.665
6344.02,101.670
6344.38,101.675
6344.75,101.680
6345.12,101.684
6345.48,101.689
6345.85,101.695
6346.21,101.699
6346.58,101.704
6346.95,101.709
6347.31,101.713
6347.68,101.719
6348.04,101.724
6348.41,101.728
6348.78,101.733
6349.14,101.738
6349.51,101.743
6349.88,101.748
6350.24,101.752
6350.61,101.757
6350.97,101.762
6351.34,101.767
6351.71,101.772
6352.07,101.776
6352.44,101.781
6352.81,101.786
6353.17,101.791
6353.54,101.796
6353.90,101.800
6354.27,101.805
6354.64,101.810
6355.00,101.814
6355.37,101.820
6355.74,101.825
6356.10,101.829
6356.47,101.834
6356.83,101.839
6357.20,101.844
6357.57,101.849
6357.93,101.853
6358.30,101.858
6358.66,101.862
6359.03,101.868
6359.40,101.872
6359.76,101.877
6360.13,101.882
6360.50,101.887
6360.86,101.891
6361.23,101.896
6361.59,101.901
6361.96,101.906
6362.33,101.910
6362.69,101.915
6363.06,101.920
6363.43,101.924
6363.79,101.929
6364.16,101.934
6364.52,101.939
6364.89,101.944
6365.26,101.948
6365.62,101.953
6365.99,101.957
6366.36,101.963
6366.72,101.967
6367.09,101.971
6367.45,101.976
6367.82,101.981
6368.19,101.986
6368.55,101.990
6368.92,101.995
6369.28,102.000
6369.65,102.005
6370.02,102.010
6370.38,102.014
6370.75,102.019
6371.12,102.023
6371.48,102.028
6371.85,102.033
6372.21,102.037
6372.58,102.043
6372.95,102.047
6373.31,102.052
6373.68,102.056
6374.05,102.061
6374.41,102.066
6374.78,102.070
6375.14,102.075
6375.51,102.079
6375.88,102.084
6376.24,102.089
6376.61,102.094
6376.98,102.099
6377.34,102.103
6377.71,102.108
6378.07,102.112
6378.44,102.117
6378.81,102.121
6379.17,102.126
6379.54,102.131
6379.91,102.136
6380.27,102.140
6380.64,102.144
6381.00,102.149
6381.37,102.154
6381.74,102.159
6382.10,102.163
6382.47,102.168
6382.83,102.172
6383.20,102.177
6383.57,102.181
6383.93,102.186
6384.30,102.191
6384.67,102.196
6385.03,102.201
6385.40,102.205
6385.76,102.210
6386.13,102.214
6386.50,102.219
6386.86,102.223
6387.23,102.227
6387.60,102.232
6387.96,102.237
6388.33,102.242
6388.69,102.246
6389.06,102.250
6389.43,102.256
6389.79,102.260
6390.16,102.264
6390.53,102.269
6390.89,102.273
6391.26,102.278
6391.62,102.282
6391.99,102.287
6392.36,102.291
6392.72,102.297
6393.09,102.301
6393.45,102.305
6393.82,102.310
6394.19,102.314
6394.55,102.319
6394.92,102.323
6395.29,102.328
6395.65,102.333
6396.02,102.337
6396.38,102.341
6396.75,102.346
6397.12,102.351
6397.48,102.355
6397.85,102.359
6398.22,102.364
6398.58,102.368
6398.95,102.373
6399.31,102.377
6399.68,102.382
6400.05,102.386
6400.41,102.391
6400.78,102.395
6401.15,102.400
6401.51,102.404
6401.88,102.409
6402.24,102.413
6402.61,102.418
6402.98,102.422
6403.34,102.427
6403.71,102.431
6404.08,102.436
6404.44,102.441
6404.81,102.445
6405.17,102.450
6405.54,102.454
6405.91,102.459
6406.27,102.463
6406.64,102.467
6407.00,102.472
6407.37,102.476
6407.74,102.481
6408.10,102.485
6408.47,102.489
6408.84,102.494
6409.20,102.499
6409.57,102.503
6409.93,102.507
6410.30,102.512
6410.67,102.517
6411.03,102.520
6411.40,102.525
6411.77,102.529
6412.13,102.534
6412.50,102.538
6412.86,102.542
6413.23,102.547
6413.60,102.552
6413.96,102.555
6414.33,102.560
6414.70,102.565
6415.06,102.569
6415.43,102.573
6415.79,102.578
6416.16,102.583
6416.53,102.587
6416.89,102.591
6417.26,102.595
6417.62,102.600
6417.99,102.604
6418.36,102.608
6418.72,102.613
6419.09,102.617
6419.46,102.621
6419.82,102.626
6420.19,102.631
6420.55,102.635
6420.92,102.638
6421.29,102.643
6421.65,102.648
6422.02,102.652
6422.39,102.656
6422.75,102.660
6423.12,102.665
6423.48,102.669
6423.85,102.674
6424.22,102.678
6424.58,102.682
6424.95,102.686
6425.32,102.691
6425.68,102.695
6426.05,102.699
6426.41,102.703
6426.78,102.708
6427.15,102.713
6427.51,102.717
6427.88,102.721
6428.24,102.725
6428.61,102.730
6428.98,102.734
6429.34,102.738
6429.71,102.743
6430.08,102.746
6430.44,102.750
6430.81,102.755
6431.17,102.760
6431.54,102.764
6431.91,102.768
6432.27,102.772
6432.64,102.776
6433.01,102.781
6433.37,102.785
6433.74,102.789
6434.10,102.793
6434.47,102.797
6434.84,102.802
6435.20,102.806
6435.57,102.810
6435.94,102.814
6436.30,102.819
6436.67,102.823
6437.03,102.827
6437.40,102.832
6437.77,102.835
6438.13,102.840
6438.50,102.844
6438.87,102.848
6439.23,102.852
6439.60,102.857
6439.96,102.861
6440.33,102.865
6440.70,102.869
6441.06,102.874
6441.43,102.877
6441.79,102.882
6442.16,102.886
6442.53,102.891
6442.89,102.894
6443.26,102.898
6443.63,102.903
6443.99,102.906
6444.36,102.911
6444.72,102.915
6445.09,102.919
6445.46,102.924
6445.82,102.928
6446.19,102.932
6446.56,102.935
6446.92,102.940
6447.29,102.945
6447.65,102.948
6448.02,102.953
6448.39,102.957
6448.75,102.960
6449.12,102.965
6449.49,102.969
6449.85,102.973
6450.22,102.977
6450.58,102.982
6450.95,102.985
6451.32,102.989
6451.68,102.993
6452.05,102.998
6452.41,103.001
6452.78,103.006
6453.15,103.010
6453.51,103.014
6453.88,103.018
6454.25,103.022
6454.61,103.026
6454.98,103.030
6455.34,103.035
6455.71,103.038
6456.08,103.043
6456.44,103.047
6456.81,103.050
6457.18,103.055
6457.54,103.058
6457.91,103.062
6458.27,103.067
6458.64,103.071
6459.01,103.075
6459.37,103.079
6459.74,103.082
6460.11,103.087
6460.47,103.090
6460.84,103.095
6461.20,103.099
6461.57,103.103
6461.94,103.106
6462.30,103.111
6462.67,103.115
6463.03,103.118
6463.40,103.123
6463.77,103.126
6464.13,103.131
6464.50,103.135
6464.87,103.139
6465.23,103.142
6465.60,103.147
6465.96,103.150
6466.33,103.155
6466.70,103.159
6467.06,103.162
6467.43,103.166
6467.80,103.171
6468.16,103.174
6468.53,103.178
6468.89,103.182
6469.26,103.186
6469.63,103.190
6469.99,103.194
6470.36,103.197
6470.73,103.202
6471.09,103.206
6471.46,103.209
6471.82,103.214
6472.19,103.218
6472.56,103.221
6472.92,103.225
6473.29,103.229
6473.66,103.233
6474.02,103.237
6474.39,103.241
6474.75,103.245
6475.12,103.249
6475.49,103.252
6475.85,103.256
6476.22,103.261
6476.58,103.264
6476.95,103.268
6477.32,103.272
6477.68,103.275
6478.05,103.279
6478.42,103.284
6478.78,103.287
6479.15,103.291
6479.51,103.295
6479.88,103.299
6480.25,103.303
6480.61,103.306
6480.98,103.310
6481.35,103.315
6481.71,103.318
6482.08,103.322
6482.44,103.326
6482.81,103.329
6483.18,103.333
6483.54,103.337
6483.91,103.340
6484.28,103.345
6484.64,103.349
6485.01,103.352
6485.37,103.356
6485.74,103.360
6486.11,103.364
6486.47,103.368
6486.84,103.371
6487.20,103.374
6487.57,103.379
6487.94,103.382
6488.30,103.386
6488.67,103.390
6489.04,103.393
6489.40,103.397
6489.77,103.401
6490.13,103.405
6490.50,103.409
6490.87,103.412
6491.23,103.416
6491.60,103.419
6491.97,103.423
6492.33,103.427
6492.70,103.431
6493.06,103.434
6493.43,103.438
6493.80,103.442
6494.16,103.445
6494.53,103.450
6494.90,103.453
6495.26,103.457
6495.63,103.460
6495.99,103.464
6496.36,103.468
6496.73,103.471
6497.09,103.475
6497.46,103.478
6497.83,103.483
6498.19,103.487
6498.56,103.490
6498.92,103.494
6499.29,103.497
6499.66,103.501
6500.02,103.505
6500.39,103.508
6500.75,103.512
6501.12,103.515
6501.49,103.519
6501.85,103.522
6502.22,103.526
6502.59,103.529
6502.95,103.533
6503.32,103.536
6503.68,103.540
6504.05,103.544
6504.42,103.548
6504.78,103.552
6505.15,103.555
6505.52,103.559
6505.88,103.562
6506.25,103.566
6506.61,103.570
6506.98,103.573
6507.35,103.577
6507.71,103.580
6508.08,103.584
6508.45,103.587
6508.81,103.590
6509.18,103.594
6509.54,103.597
6509.91,103.601
6510.28,103.605
6510.64,103.608
6511.01,103.612
6511.37,103.615
6511.74,103.618
6512.11,103.622
6512.47,103.625
6512.84,103.630
6513.21,103.633
6513.57,103.636
6513.94,103.640
6514.30,103.643
6514.67,103.647
6515.04,103.650
6515.40,103.654
6515.77,103.657
6516.14,103.661
6516.50,103.664
6516.87,103.668
6517.23,103.671
6517.60,103.674
6517.97,103.678
6518.33,103.681
6518.70,103.684
6519.07,103.688
6519.43,103.692
6519.80,103.695
6520.16,103.698
6520.53,103.702
6520.90,103.706
6521.26,103.709
6521.63,103.712
6521.99,103.715
6522.36,103.719
6522.73,103.722
6523.09,103.726
6523.46,103.729
6523.83,103.732
6524.19,103.736
6524.56,103.739
6524.92,103.743
6525.29,103.746
6525.66,103.750
6526.02,103.753
6526.39,103.757
6526.76,103.760
6527.12,103.763
6527.49,103.766
6527.85,103.769
6528.22,103.773
6528.59,103.776
6528.95,103.779
6529.32,103.783
6529.69,103.786
6530.05,103.790
6530.42,103.793
6530.78,103.797
6531.15,103.799
6531.52,103.803
6531.88,103.806
6532.25,103.809
6532.62,103.813
6532.98,103.816
6533.35,103.820
6533.71,103.822
6534.08,103.826
6534.45,103.829
6534.81,103.832
6535.18,103.835
6535.54,103.839
6535.91,103.842
6536.28,103.846
6536.64,103.849
6537.01,103.852
6537.38,103.856
6537.74,103.858
6538.11,103.862
6538.47,103.865
6538.84,103.868
6539.21,103.871
6539.57,103.874
6539.94,103.877
6540.31,103.881
6540.67,103.884
6541.04,103.887
6541.40,103.891
6541.77,103.894
6542.14,103.897
6542.50,103.900
6542.87,103.903
6543.24,103.906
6543.60,103.910
6543.97,103.913
6544.33,103.916
6544.70,103.919
6545.07,103.922
6545.43,103.925
6545.80,103.928
6546.16,103.931
6546.53,103.935
6546.90,103.938
6547.26,103.941
6547.63,103.945
6548.00,103.947
6548.36,103.951
6548.73,103.953
6549.09,103.957
6549.46,103.960
6549.83,103.963
6550.19,103.965
6550.56,103.969
6550.93,103.972
6551.29,103.975
6551.66,103.978
6552.02,103.981
6552.39,103.984
6552.76,103.988
6553.12,103.990
6553.49,103.993
6553.86,103.996
6554.22,103.999
6554.59,104.002
6554.95,104.006
6555.32,104.008
6555.69,104.012
6556.05,104.014
6556.42,104.018
6556.78,104.021
6557.15,104.023
6557.52,104.027
6557.88,104.029
6558.25,104.033
6558.62,104.035
6558.98,104.039
6559.35,104.041
6559.71,104.044
6560.08,104.048
6560.45,104.050
6560.81,104.054
6561.18,104.056
6561.55,104.059
6561.91,104.062
6562.28,104.066
6562.64,104.068
6563.01,104.072
6563.38,104.074
6563.74,104.078
6564.11,104.080
6564.48,104.083
6564.84,104.086
6565.21,104.089
6565.57,104.091
6565.94,104.095
6566.31,104.097
6566.67,104.100
6567.04,104.103
6567.41,104.106
6567.77,104.109
6568.14,104.112
6568.50,104.115
6568.87,104.118
6569.24,104.121
6569.60,104.124
6569.97,104.126
6570.33,104.129
6570.70,104.132
6571.07,104.135
6571.43,104.137
6571.80,104.141
6572.17,104.143
6572.53,104.146
6572.90,104.149
6573.26,104.152
6573.63,104.155
6574.00,104.157
6574.36,104.160
6574.73,104.163
6575.10,104.166
6575.46,104.168
6575.83,104.172
6576.19,104.174
6576.56,104.177
6576.93,104.180
6577.29,104.183
6577.66,104.185
6578.03,104.188
6578.39,104.191
6578.76,104.194
6579.12,104.197
6579.49,104.199
6579.86,104.202
6580.22,104.204
6580.59,104.207
6580.95,104.210
6581.32,104.213
6581.69,104.215
6582.05,104.218
6582.42,104.221
6582.79,104.224
6583.15,104.227
6583.52,104.229
6583.88,104.231
6584.25,104.234
6584.62,104.237
6584.98,104.239
6585.35,104.242
6585.72,104.245
6586.08,104.248
6586.45,104.251
6586.81,104.253
6587.18,104.256
6587.55,104.258
6587.91,104.261
6588.28,104.263
6588.65,104.266
6589.01,104.268
6589.38,104.271
6589.74,104.273
6590.11,104.276
6590.48,104.279
6590.84,104.281
6591.21,104.285
6591.58,104.287
6591.94,104.290
6592.31,104.293
6592.67,104.295
6593.04,104.297
6593.41,104.300
6593.77,104.303
6594.14,104.305
6594.50,104.308
6594.87,104.310
6595.24,104.313
6595.60,104.316
6595.97,104.318
6596.34,104.320
6596.70,104.323
6597.07,104.325
6597.43,104.328
6597.80,104.330
6598.17,104.332
6598.53,104.335
6598.90,104.338
6599.27,104.340
6599.63,104.343
6600.00,104.345
6600.36,104.347
6600.73,104.350
6601.10,104.353
6601.46,104.356
6601.83,104.358
6602.20,104.361
6602.56,104.363
6602.93,104.365
6603.29,104.368
6603.66,104.370
6604.03,104.373
6604.39,104.375
6604.76,104.377
6605.12,104.380
6605.49,104.382
6605.86,104.384
6606.22,104.386
6606.59,104.389
6606.96,104.392
6607.32,104.394
6607.69,104.397
6608.05,104.398
6608.42,104.401
6608.79,104.404
6609.15,104.406
6609.52,104.409
6609.89,104.410
6610.25,104.413
6610.62,104.415
6610.98,104.417
6611.35,104.420
6611.72,104.422
6612.08,104.424
6612.45,104.427
6612.82,104.429
6613.18,104.432
6613.55,104.433
6613.91,104.436
6614.28,104.439
6614.65,104.441
6615.01,104.443
6615.38,104.445
6615.74,104.448
6616.11,104.450
6616.48,104.452
6616.84,104.454
6617.21,104.457
6617.58,104.459
6617.94,104.461
6618.31,104.463
6618.67,104.465
6619.04,104.468
6619.41,104.471
6619.77,104.472
6620.14,104.475
6620.51,104.477
6620.87,104.480
6621.24,104.481
6621.60,104.483
6621.97,104.486
6622.34,104.488
6622.70,104.490
6623.07,104.492
6623.44,104.495
6623.80,104.497
6624.17,104.499
6624.53,104.501
6624.90,104.504
6625.27,104.505
6625.63,104.507
6626.00,104.510
6626.37,104.511
6626.73,104.514
6627.10,104.516
6627.46,104.519
6627.83,104.520
6628.20,104.523
6628.56,104.525
6628.93,104.526
6629.29,104.529
6629.66,104.531
6630.03,104.533
6630.39,104.535
6630.76,104.537
6631.13,104.539
6631.49,104.541
6631.86,104.543
6632.22,104.546
6632.59,104.547
6632.96,104.549
6633.32,104.552
6633.69,104.553
6634.06,104.556
6634.42,104.558
6634.79,104.560
6635.15,104.561
6635.52,104.564
6635.89,104.566
6636.25,104.568
6636.62,104.570
6636.99,104.572
6637.35,104.574
6637.72,104.576
6638.08,104.578
6638.45,104.579
6638.82,104.582
6639.18,104.584
6639.55,104.586
6639.91,104.588
6640.28,104.590
6640.65,104.591
6641.01,104.594
6641.38,104.596
6641.75,104.597
6642.11,104.600
6642.48,104.602
6642.84,104.603
6643.21,104.606
6643.58,104.607
6643.94,104.609
6644.31,104.611
6644.68,104.613
6645.04,104.615
6645.41,104.617
6645.77,104.618
6646.14,104.620
6646.51,104.623
6646.87,104.624
6647.24,104.626
6647.61,104.628
6647.97,104.630
6648.34,104.632
6648.70,104.633
6649.07,104.635
6649.44,104.637
6649.80,104.639
6650.17,104.641
6650.53,104.642
6650.90,104.644
6651.27,104.646
6651.63,104.648
6652.00,104.650
6652.37,104.651
6652.73,104.654
6653.10,104.655
6653.46,104.657
6653.83,104.659
6654.20,104.660
6654.56,104.662
6654.93,104.665
6655.30,104.666
6655.66,104.667
6656.03,104.669
6656.39,104.671
6656.76,104.673
6657.13,104.674
6657.49,104.677
6657.86,104.678
6658.23,104.680
6658.59,104.681
6658.96,104.684
6659.32,104.685
6659.69,104.686
6660.06,104.689
6660.42,104.690
6660.79,104.692
6661.16,104.694
6661.52,104.695
6661.89,104.697
6662.25,104.698
6662.62,104.701
6662.99,104.702
6663.35,104.703
6663.72,104.705
6664.08,104.707
6664.45,104.708
6664.82,104.710
6665.18,104.712
6665.55,104.714
6665.92,104.715
6666.28,104.716
6666.65,104.718
6667.01,104.719
6667.38,104.721
6667.75,104.723
6668.11,104.725
6668.48,104.726
6668.85,104.727
6669.21,104.729
6669.58,104.731
6669.94,104.732
6670.31,104.733
6670.68,104.736
6671.04,104.737
6671.41,104.739
6671.78,104.740
6672.14,104.742
6672.51,104.743
6672.87,104.745
6673.24,104.746
6673.61,104.748
6673.97,104.750
6674.34,104.751
6674.70,104.752
6675.07,104.754
6675.44,104.755
6675.80,104.757
6676.17,104.758
6676.54,104.760
6676.90,104.761
6677.27,104.763
6677.63,104.764
6678.00,104.766
6678.37,104.767
6678.73,104.769
6679.10,104.770
6679.47,104.772
6679.83,104.773
6680.20,104.774
6680.56,104.775
6680.93,104.777
6681.30,104.779
6681.66,104.779
6682.03,104.781
6682.40,104.782
6682.76,104.784
6683.13,104.785
6683.49,104.787
6683.86,104.788
6684.23,104.790
6684.59,104.791
6684.96,104.792
6685.33,104.793
6685.69,104.795
6686.06,104.797
6686.42,104.798
6686.79,104.799
6687.16,104.800
6687.52,104.802
6687.89,104.803
6688.25,104.805
6688.62,104.806
6688.99,104.807
6689.35,104.808
6689.72,104.809
6690.09,104.811
6690.45,104.812
6690.82,104.814
6691.18,104.815
6691.55,104.816
6691.92,104.817
6692.28,104.819
6692.65,104.820
6693.02,104.821
6693.38,104.822
6693.75,104.823
6694.11,104.825
6694.48,104.826
6694.85,104.828
6695.21,104.828
6695.58,104.829
6695.95,104.831
6696.31,104.832
6696.68,104.833
6697.04,104.834
6697.41,104.836
6697.78,104.837
6698.14,104.838
6698.51,104.840
6698.87,104.840
6699.24,104.841
6699.61,104.843
6699.97,104.844
6700.34,104.845
6700.71,104.846
6701.07,104.847
6701.44,104.849
6701.80,104.850
6702.17,104.851
6702.54,104.852
6702.90,104.853
6703.27,104.854
6703.64,104.856
6704.00,104.857
6704.37,104.857
6704.73,104.859
6705.10,104.859
6705.47,104.861
6705.83,104.862
6706.20,104.863
6706.57,104.864
6706.93,104.865
6707.30,104.867
6707.66,104.867
6708.03,104.868
6708.40,104.869
6708.76,104.870
6709.13,104.871
6709.49,104.873
6709.86,104.874
6710.23,104.874
6710.59,104.876
6710.96,104.876
6711.33,104.878
6711.69,104.879
6712.06,104.880
6712.42,104.880
6712.79,104.882
6713.16,104.882
6713.52,104.883
6713.89,104.885
6714.26,104.886
6714.62,104.886
6714.99,104.888
6715.35,104.888
6715.72,104.889
6716.09,104.891
6716.45,104.891
6716.82,104.892
6717.19,104.893
6717.55,104.894
6717.92,104.895
6718.28,104.896
6718.65,104.897
6719.02,104.898
6719.38,104.898
6719.75,104.899
6720.12,104.900
6720.48,104.901
6720.85,104.903
6721.21,104.903
6721.58,104.904
6721.95,104.905
6722.31,104.905
6722.68,104.906
6723.04,104.907
6723.41,104.908
6723.78,104.910
6724.14,104.910
6724.51,104.910
6724.88,104.912
6725.24,104.912
6725.61,104.913
6725.97,104.914
6726.34,104.915
6726.71,104.916
6727.07,104.916
6727.44,104.918
6727.81,104.918
6728.17,104.919
6728.54,104.919
6728.90,104.921
6729.27,104.921
6729.64,104.922
6730.00,104.922
6730.37,104.923
6730.74,104.924
6731.10,104.925
6731.47,104.925
6731.83,104.927
6732.20,104.927
6732.57,104.928
6732.93,104.928
6733.30,104.929
6733.66,104.930
6734.03,104.931
6734.40,104.931
6734.76,104.932
6735.13,104.933
6735.50,104.934
6735.86,104.934
6736.23,104.935
6736.59,104.936
6736.96,104.936
6737.33,104.937
6737.69,104.938
6738.06,104.938
6738.43,104.939
6738.79,104.939
6739.16,104.941
6739.52,104.941
6739.89,104.941
6740.26,104.942
6740.62,104.942
6740.99,104.943
6741.36,104.944
6741.72,104.945
6742.09,104.945
6742.45,104.946
6742.82,104.947
6743.19,104.947
6743.55,104.948
6743.92,104.948
6744.28,104.949
6744.65,104.950
6745.02,104.950
6745.38,104.951
6745.75,104.951
6746.12,104.951
6746.48,104.952
6746.85,104.953
6747.21,104.953
6747.58,104.953
6747.95,104.954
6748.31,104.954
6748.68,104.956
6749.05,104.956
6749.41,104.957
6749.78,104.957
6750.14,104.958
6750.51,104.958
6750.88,104.959
6751.24,104.959
6751.61,104.959
6751.98,104.960
6752.34,104.960
6752.71,104.960
6753.07,104.961
6753.44,104.962
6753.81,104.962
6754.17,104.963
6754.54,104.963
6754.91,104.964
6755.27,104.964
6755.64,104.965
6756.00,104.965
6756.37,104.965
6756.74,104.965
6757.10,104.966
6757.47,104.966
6757.83,104.966
6758.20,104.967
6758.57,104.968
6758.93,104.968
6759.30,104.968
6759.67,104.969
6760.03,104.969
6760.40,104.969
6760.76,104.970
6761.13,104.970
6761.50,104.971
6761.86,104.971
6762.23,104.971
6762.60,104.972
6762.96,104.972
6763.33,104.972
6763.69,104.972
6764.06,104.973
6764.43,104.973
6764.79,104.974
6765.16,104.974
6765.53,104.974
6765.89,104.975
6766.26,104.975
6766.62,104.975
6766.99,104.975
6767.36,104.975
6767.72,104.975
6768.09,104.976
6768.45,104.976
6768.82,104.976
6769.19,104.977
6769.55,104.977
6769.92,104.977
6770.29,104.977
6770.65,104.978
6771.02,104.978
6771.38,104.978
6771.75,104.978
6772.12,104.979
6772.48,104.979
6772.85,104.979
6773.22,104.979
6773.58,104.980
6773.95,104.980
6774.31,104.980
6774.68,104.980
6775.05,104.981
6775.41,104.981
6775.78,104.981
6776.15,104.981
6776.51,104.981
6776.88,104.981
6777.24,104.981
6777.61,104.981
6777.98,104.982
6778.34,104.982
6778.71,104.982
6779.08,104.982
6779.44,104.982
6779.81,104.982
6780.17,104.983
6780.54,104.982
6780.91,104.982
6781.27,104.983
6781.64,104.983
6782.00,104.983
6782.37,104.983
6782.74,104.983
6783.10,104.983
6783.47,104.983
6783.84,104.983
6784.20,104.983
6784.57,104.983
6784.93,104.983
6785.30,104.983
6785.67,104.983
6786.03,104.983
6786.40,104.984
6786.77,104.983
6787.13,104.984
6787.50,104.983
6787.86,104.984
6788.23,104.984
6788.60,104.983
6788.96,104.984
6789.33,104.983
6789.70,104.984
6790.06,104.983
6790.43,104.984
6790.79,104.984
6791.16,104.983
6791.53,104.984
6791.89,104.983
6792.26,104.984
6792.62,104.983
6792.99,104.983
6793.36,104.983
6793.72,104.983
6794.09,104.983
6794.46,104.983
6794.82,104.983
6795.19,104.983
6795.55,104.983
6795.92,104.983
6796.29,104.983
6796.65,104.983
6797.02,104.983
6797.39,104.983
6797.75,104.983
6798.12,104.983
6798.48,104.982
6798.85,104.982
6799.22,104.982
6799.58,104.983
6799.95,104.982
6800.32,104.982
6800.68,104.982
6801.05,104.982
6801.41,104.982
6801.78,104.981
6802.15,104.981
6802.51,104.981
6802.88,104.981
6803.24,104.981
6803.61,104.981
6803.98,104.981
6804.34,104.980
6804.71,104.981
6805.08,104.980
6805.44,104.980
6805.81,104.980
6806.17,104.979
6806.54,104.980
6806.91,104.979
6807.27,104.978
6807.64,104.978
6808.01,104.978
6808.37,104.978
6808.74,104.978
6809.10,104.977
6809.47,104.977
6809.84,104.977
6810.20,104.977
6810.57,104.977
6810.94,104.977
6811.30,104.976
6811.67,104.976
6812.03,104.976
6812.40,104.975
6812.77,104.975
6813.13,104.975
6813.50,104.975
6813.87,104.974
6814.23,104.974
6814.60,104.974
6814.96,104.973
6815.33,104.973
6815.70,104.973
6816.06,104.972
6816.43,104.972
6816.79,104.971
6817.16,104.971
6817.53,104.971
6817.89,104.971
6818.26,104.971
6818.63,104.970
6818.99,104.969
6819.36,104.969
6819.72,104.969
6820.09,104.969
6820.46,104.969
6820.82,104.968
6821.19,104.968
6821.56,104.968
6821.92,104.967
6822.29,104.966
6822.65,104.966
6823.02,104.966
6823.39,104.966
6823.75,104.965
6824.12,104.965
6824.49,104.964
6824.85,104.964
6825.22,104.964
6825.58,104.963
6825.95,104.963
6826.32,104.962
6826.68,104.962
6827.05,104.961
6827.41,104.961
6827.78,104.960
6828.15,104.960
6828.51,104.959
6828.88,104.959
6829.25,104.958
6829.61,104.958
6829.98,104.958
6830.34,104.957
6830.71,104.957
6831.08,104.956
6831.44,104.956
6831.81,104.955
6832.18,104.954
6832.54,104.954
6832.91,104.953
6833.27,104.953
6833.64,104.953
6834.01,104.952
6834.37,104.951
6834.74,104.951
6835.11,104.951
6835.47,104.950
6835.84,104.950
6836.20,104.948
6836.57,104.948
6836.94,104.948
6837.30,104.947
6837.67,104.947
6838.03,104.946
6838.40,104.945
6838.77,104.945
6839.13,104.944
6839.50,104.944
6839.87,104.944
6840.23,104.943
6840.60,104.942
6840.96,104.941
6841.33,104.941
6841.70,104.941
6842.06,104.940
6842.43,104.939
6842.80,104.939
6843.16,104.938
6843.53,104.938
6843.89,104.936
6844.26,104.936
6844.63,104.935
6844.99,104.935
6845.36,104.933
6845.73,104.933
6846.09,104.933
6846.46,104.932
6846.82,104.931
6847.19,104.930
6847.56,104.930
6847.92,104.930
6848.29,104.928
6848.66,104.928
6849.02,104.928
6849.39,104.927
6849.75,104.926
6850.12,104.925
6850.49,104.924
6850.85,104.924
6851.22,104.924
6851.58,104.922
6851.95,104.922
6852.32,104.921
6852.68,104.921
6853.05,104.919
6853.42,104.919
6853.78,104.918
6854.15,104.918
6854.51,104.917
6854.88,104.916
6855.25,104.915
6855.61,104.915
6855.98,104.913
6856.35,104.913
6856.71,104.912
6857.08,104.912
6857.44,104.911
6857.81,104.910
6858.18,104.909
6858.54,104.909
6858.91,104.907
6859.28,104.907
6859.64,104.906
6860.01,104.905
6860.37,104.904
6860.74,104.904
6861.11,104.903
6861.47,104.902
6861.84,104.901
6862.20,104.900
6862.57,104.900
6862.94,104.899
6863.30,104.898
6863.67,104.897
6864.04,104.896
6864.40,104.895
6864.77,104.894
6865.13,104.894
6865.50,104.892
6865.87,104.892
6866.23,104.891
6866.60,104.891
6866.97,104.889
6867.33,104.888
6867.70,104.888
6868.06,104.887
6868.43,104.886
6868.80,104.885
6869.16,104.884
6869.53,104.883
6869.90,104.882
6870.26,104.882
6870.63,104.880
6870.99,104.880
6871.36,104.879
6871.73,104.878
6872.09,104.877
6872.46,104.876
6872.83,104.875
6873.19,104.874
6873.56,104.874
6873.92,104.872
6874.29,104.871
6874.66,104.870
6875.02,104.869
6875.39,104.869
6875.75,104.868
6876.12,104.867
6876.49,104.865
6876.85,104.865
6877.22,104.864
6877.59,104.862
6877.95,104.862
6878.32,104.861
6878.68,104.860
6879.05,104.859
6879.42,104.858
6879.78,104.857
6880.15,104.856
6880.52,104.855
6880.88,104.854
6881.25,104.853
6881.61,104.851
6881.98,104.851
6882.35,104.850
6882.71,104.849
6883.08,104.848
6883.45,104.846
6883.81,104.846
6884.18,104.845
6884.54,104.844
6884.91,104.843
6885.28,104.841
6885.64,104.840
6886.01,104.840
6886.37,104.838
6886.74,104.838
6887.11,104.836
6887.47,104.835
6887.84,104.834
6888.21,104.833
6888.57,104.833
6888.94,104.831
6889.30,104.830
6889.67,104.829
6890.04,104.828
6890.40,104.827
6890.77,104.826
6891.14,104.825
6891.50,104.823
6891.87,104.822
6892.23,104.821
6892.60,104.820
6892.97,104.819
6893.33,104.818
6893.70,104.816
6894.07,104.816
6894.43,104.815
6894.80,104.814
6895.16,104.812
6895.53,104.811
6895.90,104.810
6896.26,104.809
6896.63,104.808
6896.99,104.806
6897.36,104.805
6897.73,104.804
6898.09,104.803
6898.46,104.802
6898.83,104.801
6899.19,104.799
6899.56,104.799
6899.92,104.798
6900.29,104.796
6900.66,104.795
6901.02,104.793
6901.39,104.793
6901.76,104.791
6902.12,104.791
6902.49,104.789
6902.85,104.788
6903.22,104.786
6903.59,104.786
6903.95,104.784
6904.32,104.783
6904.69,104.781
6905.05,104.781
6905.42,104.779
6905.78,104.778
6906.15,104.777
6906.52,104.775
6906.88,104.774
6907.25,104.773
6907.62,104.772
6907.98,104.771
6908.35,104.769
6908.71,104.769
6909.08,104.767
6909.45,104.766
6909.81,104.764
6910.18,104.763
6910.54,104.762
6910.91,104.761
6911.28,104.759
6911.64,104.758
6912.01,104.757
6912.38,104.755
6912.74,104.754
6913.11,104.753
6913.47,104.752
6913.84,104.751
6914.21,104.749
6914.57,104.748
6914.94,104.746
6915.31,104.745
6915.67,104.744
6916.04,104.743
6916.40,104.742
6916.77,104.740
6917.14,104.739
6917.50,104.737
6917.87,104.736
6918.24,104.734
6918.60,104.733
6918.97,104.732
6919.33,104.731
6919.70,104.730
6920.07,104.728
6920.43,104.727
6920.80,104.725
6921.16,104.724
6921.53,104.722
6921.90,104.721
6922.26,104.720
6922.63,104.719
6923.00,104.717
6923.36,104.716
6923.73,104.715
6924.09,104.713
6924.46,104.712
6924.83,104.710
6925.19,104.709
6925.56,104.707
6925.93,104.706
6926.29,104.704
6926.66,104.703
6927.02,104.702
6927.39,104.701
6927.76,104.699
6928.12,104.697
6928.49,104.697
6928.86,104.695
6929.22,104.694
6929.59,104.692
6929.95,104.691
6930.32,104.689
6930.69,104.688
6931.05,104.686
6931.42,104.685
6931.79,104.684
6932.15,104.682
6932.52,104.680
6932.88,104.679
6933.25,104.678
6933.62,104.676
6933.98,104.674
6934.35,104.674
6934.71,104.672
6935.08,104.671
6935.45,104.669
6935.81,104.667
6936.18,104.666
6936.55,104.665
6936.91,104.663
6937.28,104.662
6937.64,104.660
6938.01,104.659
6938.38,104.657
6938.74,104.656
6939.11,104.654
6939.48,104.653
6939.84,104.651
6940.21,104.650
6940.57,104.648
6940.94,104.647
6941.31,104.645
6941.67,104.644
6942.04,104.642
6942.41,104.641
6942.77,104.639
6943.14,104.637
6943.50,104.636
6943.87,104.635
6944.24,104.633
6944.60,104.632
6944.97,104.630
6945.33,104.629
6945.70,104.627
6946.07,104.625
6946.43,104.624
6946.80,104.623
6947.17,104.621
6947.53,104.620
6947.90,104.618
6948.26,104.616
6948.63,104.614
6949.00,104.614
6949.36,104.612
6949.73,104.610
6950.10,104.608
6950.46,104.607
6950.83,104.605
6951.19,104.603
6951.56,104.602
6951.93,104.601
6952.29,104.599
6952.66,104.597
6953.03,104.596
6953.39,104.595
6953.76,104.593
6954.12,104.591
6954.49,104.590
6954.86,104.588
6955.22,104.586
6955.59,104.585
6955.95,104.584
6956.32,104.582
6956.69,104.580
6957.05,104.578
6957.42,104.577
6957.79,104.575
6958.15,104.573
6958.52,104.572
6958.88,104.570
6959.25,104.569
6959.62,104.566
6959.98,104.565
6960.35,104.564
6960.72,104.562
6961.08,104.560
6961.45,104.559
6961.81,104.558
6962.18,104.555
6962.55,104.554
6962.91,104.553
6963.28,104.550
6963.65,104.549
6964.01,104.547
6964.38,104.546
6964.74,104.544
6965.11,104.542
6965.48,104.540
6965.84,104.539
6966.21,104.537
6966.58,104.535
6966.94,104.534
6967.31,104.532
6967.67,104.530
6968.04,104.529
6968.41,104.527
6968.77,104.525
6969.14,104.523
6969.50,104.522
6969.87,104.520
6970.24,104.518
6970.60,104.517
6970.97,104.515
6971.34,104.514
6971.70,104.512
6972.07,104.511
6972.43,104.508
6972.80,104.507
6973.17,104.505
6973.53,104.504
6973.90,104.501
6974.27,104.500
6974.63,104.498
6975.00,104.496
6975.36,104.495
6975.73,104.493
6976.10,104.492
6976.46,104.490
6976.83,104.488
6977.20,104.486
6977.56,104.484
6977.93,104.483
6978.29,104.481
6978.66,104.480
6979.03,104.477
6979.39,104.476
6979.76,104.474
6980.12,104.472
6980.49,104.471
6980.86,104.469
6981.22,104.468
6981.59,104.465
6981.96,104.464
6982.32,104.462
6982.69,104.460
6983.05,104.459
6983.42,104.457
6983.79,104.455
6984.15,104.453
6984.52,104.451
6984.89,104.450
6985.25,104.448
6985.62,104.446
6985.98,104.445
6986.35,104.442
6986.72,104.441
6987.08,104.439
6987.45,104.438
6987.82,104.436
6988.18,104.434
6988.55,104.432
6988.91,104.430
6989.28,104.428
6989.65,104.427
6990.01,104.424
6990.38,104.423
6990.74,104.421
6991.11,104.419
6991.48,104.418
6991.84,104.416
6992.21,104.414
6992.58,104.412
6992.94,104.410
6993.31,104.409
6993.67,104.406
6994.04,104.405
6994.41,104.403
6994.77,104.401
6995.14,104.400
6995.51,104.397
6995.87,104.396
6996.24,104.394
6996.60,104.392
6996.97,104.390
6997.34,104.388
6997.70,104.386
6998.07,104.385
6998.44,104.383
6998.80,104.382
6999.17,104.380
6999.53,104.378
6999.90,104.375
7000.27,104.374
7000.63,104.372
7001.00,104.370
7001.37,104.368
7001.73,104.367
7002.10,104.365
7002.46,104.363
7002.83,104.361
7003.20,104.359
7003.56,104.357
7003.93,104.356
7004.29,104.353
7004.66,104.352
7005.03,104.350
7005.39,104.348
7005.76,104.346
7006.13,104.344
7006.49,104.343
7006.86,104.341
7007.22,104.339
7007.59,104.337
7007.96,104.334
7008.32,104.333
7008.69,104.331
7009.06,104.329
7009.42,104.328
7009.79,104.326
7010.15,104.323
7010.52,104.322
7010.89,104.320
7011.25,104.318
7011.62,104.316
7011.99,104.315
7012.35,104.312
7012.72,104.310
7013.08,104.309
7013.45,104.306
7013.82,104.305
7014.18,104.303
7014.55,104.301
7014.91,104.299
7015.28,104.297
7015.65,104.296
7016.01,104.293
7016.38,104.291
7016.75,104.290
7017.11,104.287
7017.48,104.286
7017.84,104.284
7018.21,104.281
7018.58,104.280
7018.94,104.278
7019.31,104.276
7019.68,104.274
7020.04,104.273
7020.41,104.270
7020.77,104.269
7021.14,104.267
7021.51,104.265
7021.87,104.263
7022.24,104.261
7022.61,104.259
7022.97,104.257
7023.34,104.255
7023.70,104.253
7024.07,104.251
7024.44,104.249
7024.80,104.248
7025.17,104.245
7025.54,104.243
7025.90,104.242
7026.27,104.239
7026.63,104.238
7027.00,104.236
7027.37,104.233
7027.73,104.232
7028.10,104.230
7028.46,104.228
7028.83,104.227
7029.20,104.224
7029.56,104.222
7029.93,104.221
7030.30,104.219
7030.66,104.216
7031.03,104.215
7031.39,104.213
7031.76,104.210
7032.13,104.209
7032.49,104.207
7032.86,104.204
7033.23,104.203
7033.59,104.201
7033.96,104.198
7034.32,104.197
7034.69,104.195
7035.06,104.193
7035.42,104.191
7035.79,104.189
7036.16,104.187
7036.52,104.185
7036.89,104.183
7037.25,104.181
7037.62,104.179
7037.99,104.177
7038.35,104.175
7038.72,104.173
7039.08,104.172
7039.45,104.169
7039.82,104.167
7040.18,104.165
7040.55,104.163
7040.92,104.162
7041.28,104.159
7041.65,104.157
7042.01,104.156
7042.38,104.154
7042.75,104.151
7043.11,104.149
7043.48,104.148
7043.85,104.145
7044.21,104.144
7044.58,104.142
7044.94,104.139
7045.31,104.138
7045.68,104.136
7046.04,104.133
7046.41,104.132
7046.78,104.130
7047.14,104.127
7047.51,104.125
7047.87,104.124
7048.24,104.122
7048.61,104.120
7048.97,104.118
7049.34,104.116
7049.70,104.114
7050.07,104.112
7050.44,104.110
7050.80,104.108
7051.17,104.106
7051.54,104.103
7051.90,104.102
7052.27,104.100
7052.63,104.097
7053.00,104.096
7053.37,104.094
7053.73,104.092
7054.10,104.090
7054.47,104.088
7054.83,104.086
7055.20,104.084
7055.56,104.082
7055.93,104.080
7056.30,104.078
7056.66,104.076
7057.03,104.073
7057.40,104.072
7057.76,104.070
7058.13,104.067
7058.49,104.066
7058.86,104.064
7059.23,104.061
7059.59,104.059
7059.96,104.058
7060.33,104.056
7060.69,104.053
7061.06,104.052
7061.42,104.049
7061.79,104.048
7062.16,104.046
7062.52,104.043
7062.89,104.042
7063.25,104.040
7063.62,104.037
7063.99,104.036
7064.35,104.034
7064.72,104.031
7065.09,104.029
7065.45,104.028
7065.82,104.025
7066.18,104.023
7066.55,104.022
7066.92,104.019
7067.28,104.018
7067.65,104.016
7068.02,104.013
7068.38,104.011
7068.75,104.010
7069.11,104.007
7069.48,104.005
7069.85,104.003
7070.21,104.001
7070.58,103.999
7070.95,103.997
7071.31,103.995
7071.68,103.993
7072.04,103.992
7072.41,103.989
7072.78,103.987
7073.14,103.985
7073.51,103.983
7073.87,103.981
7074.24,103.979
7074.61,103.977
7074.97,103.975
7075.34,103.973
7075.71,103.971
7076.07,103.969
7076.44,103.967
7076.80,103.965
7077.17,103.963
7077.54,103.960
7077.90,103.959
7078.27,103.957
7078.64,103.954
7079.00,103.953
7079.37,103.951
7079.73,103.948
7080.10,103.946
7080.47,103.945
7080.83,103.943
7081.20,103.941
7081.57,103.939
7081.93,103.936
7082.30,103.934
7082.66,103.933
7083.03,103.930
7083.40,103.928
7083.76,103.926
7084.13,103.924
7084.49,103.923
7084.86,103.920
7085.23,103.918
7085.59,103.916
7085.96,103.914
7086.33,103.912
7086.69,103.910
7087.06,103.909
7087.42,103.906
7087.79,103.904
7088.16,103.902
7088.52,103.899
7088.89,103.898
7089.26,103.896
7089.62,103.894
7089.99,103.892
7090.35,103.890
7090.72,103.888
7091.09,103.886
7091.45,103.883
7091.82,103.882
7092.19,103.880
7092.55,103.877
7092.92,103.875
7093.28,103.874
7093.65,103.871
7094.02,103.870
7094.38,103.868
7094.75,103.865
7095.12,103.864
7095.48,103.862
7095.85,103.859
7096.21,103.857
7096.58,103.856
7096.95,103.853
7097.31,103.851
7097.68,103.849
7098.04,103.847
7098.41,103.845
7098.78,103.843
7099.14,103.841
7099.51,103.840
7099.88,103.837
7100.24,103.835
7100.61,103.833
7100.97,103.831
7101.34,103.829
7101.71,103.827
7102.07,103.825
7102.44,103.823
7102.81,103.821
7103.17,103.819
7103.54,103.816
7103.90,103.815
7104.27,103.813
7104.64,103.811
7105.00,103.809
7105.37,103.806
7105.74,103.805
7106.10,103.802
7106.47,103.800
7106.83,103.799
7107.20,103.797
7107.57,103.794
7107.93,103.792
7108.30,103.791
7108.66,103.788
7109.03,103.786
7109.40,103.785
7109.76,103.782
7110.13,103.781
7110.50,103.779
7110.86,103.776
7111.23,103.774
7111.59,103.773
7111.96,103.770
7112.33,103.769
7112.69,103.766
7113.06,103.764
7113.43,103.762
7113.79,103.761
7114.16,103.758
7114.52,103.756
7114.89,103.755
7115.26,103.752
7115.62,103.750
7115.99,103.748
7116.36,103.746
7116.72,103.744
7117.09,103.742
7117.45,103.740
7117.82,103.738
7118.19,103.736
7118.55,103.734
7118.92,103.733
7119.29,103.730
7119.65,103.728
7120.02,103.726
7120.38,103.725
7120.75,103.722
7121.12,103.720
7121.48,103.718
7121.85,103.716
7122.21,103.714
7122.58,103.712
7122.95,103.710
7123.31,103.709
7123.68,103.706
7124.05,103.704
7124.41,103.702
7124.78,103.701
7125.14,103.698
7125.51,103.696
7125.88,103.694
7126.24,103.692
7126.61,103.690
7126.98,103.688
7127.34,103.686
7127.71,103.684
7128.07,103.682
7128.44,103.680
7128.81,103.678
7129.17,103.676
7129.54,103.674
7129.91,103.672
7130.27,103.671
7130.64,103.668
7131.00,103.666
7131.37,103.665
7131.74,103.662
7132.10,103.660
7132.47,103.658
7132.83,103.656
7133.20,103.654
7133.57,103.653
7133.93,103.650
7134.30,103.648
7134.67,103.647
7135.03,103.644
7135.40,103.642
7135.76,103.641
7136.13,103.638
7136.50,103.636
7136.86,103.635
7137.23,103.632
7137.60,103.630
7137.96,103.629
7138.33,103.626
7138.69,103.625
7139.06,103.623
7139.43,103.621
7139.79,103.619
7140.16,103.617
7140.53,103.615
7140.89,103.613
7141.26,103.611
7141.62,103.609
7141.99,103.607
7142.36,103.605
7142.72,103.603
7143.09,103.602
7143.45,103.599
7143.82,103.597
7144.19,103.596
7144.55,103.594
7144.92,103.591
7145.29,103.590
7145.65,103.588
7146.02,103.585
7146.38,103.584
7146.75,103.582
7147.12,103.579
7147.48,103.578
7147.85,103.576
7148.22,103.574
7148.58,103.572
7148.95,103.570
7149.31,103.568
7149.68,103.566
7150.05,103.565
7150.41,103.562
7150.78,103.560
7151.15,103.559
7151.51,103.556
7151.88,103.554
7152.24,103.552
7152.61,103.550
7152.98,103.549
7153.34,103.547
7153.71,103.545
7154.08,103.543
7154.44,103.541
7154.81,103.539
7155.17,103.537
7155.54,103.535
7155.91,103.534
7156.27,103.531
7156.64,103.529
7157.00,103.528
7157.37,103.525
7157.74,103.524
7158.10,103.522
7158.47,103.519
7158.84,103.518
7159.20,103.516
7159.57,103.514
7159.93,103.512
7160.30,103.511
7160.67,103.508
7161.03,103.507
7161.40,103.504
7161.77,103.503
7162.13,103.501
7162.50,103.499
7162.86,103.497
7163.23,103.495
7163.60,103.493
7163.96,103.492
7164.33,103.489
7164.70,103.488
7165.06,103.486
7165.43,103.484
7165.79,103.482
7166.16,103.480
7166.53,103.478
7166.89,103.477
7167.26,103.475
7167.62,103.472
7167.99,103.471
7168.36,103.469
7168.72,103.467
7169.09,103.465
7169.46,103.463
7169.82,103.462
7170.19,103.460
7170.55,103.457
7170.92,103.456
7171.29,103.453
7171.65,103.452
7172.02,103.450
7172.39,103.448
7172.75,103.447
7173.12,103.445
7173.48,103.443
7173.85,103.441
7174.22,103.439
7174.58,103.437
7174.95,103.435
7175.32,103.434
7175.68,103.431
7176.05,103.429
7176.41,103.428
7176.78,103.426
7177.15,103.424
7177.51,103.422
7177.88,103.420
7178.24,103.418
7178.61,103.416
7178.98,103.415
7179.34,103.413
7179.71,103.411
7180.08,103.410
7180.44,103.407
7180.81,103.406
7181.17,103.404
7181.54,103.402
7181.91,103.400
7182.27,103.398
7182.64,103.397
7183.01,103.394
7183.37,103.393
7183.74,103.391
7184.10,103.389
7184.47,103.387
7184.84,103.386
7185.20,103.384
7185.57,103.382
7185.94,103.380
7186.30,103.378
7186.67,103.376
7187.03,103.374
7187.40,103.373
7187.77,103.371
7188.13,103.369
7188.50,103.368
7188.87,103.366
7189.23,103.364
7189.60,103.362
7189.96,103.361
7190.33,103.359
7190.70,103.357
7191.06,103.355
7191.43,103.353
7191.79,103.352
7192.16,103.350
7192.53,103.348
7192.89,103.346
7193.26,103.345
7193.63,103.343
7193.99,103.341
7194.36,103.340
7194.72,103.338
7195.09,103.336
7195.46,103.334
7195.82,103.332
7196.19,103.330
7196.56,103.328
7196.92,103.327
7197.29,103.325
7197.65,103.323
7198.02,103.322
7198.39,103.320
7198.75,103.318
7199.12,103.316
7199.49,103.314
7199.85,103.312
7200.22,103.311
7200.58,103.309
7200.95,103.308
7201.32,103.305
7201.68,103.304
7202.05,103.303
7202.41,103.301
7202.78,103.299
7203.15,103.297
7203.51,103.296
7203.88,103.294
7204.25,103.293
7204.61,103.290
7204.98,103.289
7205.34,103.287
7205.71,103.285
7206.08,103.284
7206.44,103.282
7206.81,103.280
7207.18,103.279
7207.54,103.276
7207.91,103.275
7208.27,103.273
7208.64,103.272
7209.01,103.270
7209.37,103.268
7209.74,103.267
7210.11,103.264
7210.47,103.263
7210.84,103.262
7211.20,103.260
7211.57,103.258
7211.94,103.257
7212.30,103.255
7212.67,103.253
7213.04,103.251
7213.40,103.250
7213.77,103.248
7214.13,103.246
7214.50,103.244
7214.87,103.243
7215.23,103.241
7215.60,103.240
7215.96,103.239
7216.33,103.237
7216.70,103.235
7217.06,103.233
7217.43,103.231
7217.80,103.230
7218.16,103.228
7218.53,103.226
7218.89,103.225
7219.26,103.224
7219.63,103.222
7219.99,103.220
7220.36,103.219
7220.73,103.217
7221.09,103.215
7221.46,103.213
7221.82,103.212
7222.19,103.210
7222.56,103.209
7222.92,103.207
7223.29,103.206
7223.66,103.204
7224.02,103.202
7224.39,103.201
7224.75,103.200
7225.12,103.197
7225.49,103.196
7225.85,103.194
7226.22,103.192
7226.58,103.191
7226.95,103.189
7227.32,103.188
7227.68,103.186
7228.05,103.184
7228.42,103.183
7228.78,103.181
7229.15,103.180
7229.51,103.178
7229.88,103.177
7230.25,103.175
7230.61,103.174
7230.98,103.172
7231.35,103.171
7231.71,103.169
7232.08,103.167
7232.44,103.166
7232.81,103.164
7233.18,103.163
7233.54,103.162
7233.91,103.160
7234.28,103.158
7234.64,103.156
7235.01,103.155
7235.37,103.154
7235.74,103.152
7236.11,103.150
7236.47,103.149
7236.84,103.148
7237.20,103.146
7237.57,103.144
7237.94,103.142
7238.30,103.142
7238.67,103.140
7239.04,103.138
7239.40,103.136
7239.77,103.136
7240.13,103.134
7240.50,103.132
7240.87,103.131
7241.23,103.130
7241.60,103.127
7241.97,103.126
7242.33,103.124
7242.70,103.124
7243.06,103.121
7243.43,103.120
7243.80,103.119
7244.16,103.118
7244.53,103.116
7244.90,103.114
7245.26,103.113
7245.63,103.112
7245.99,103.110
7246.36,103.108
7246.73,103.107
7247.09,103.106
7247.46,103.104
7247.83,103.102
7248.19,103.101
7248.56,103.100
7248.92,103.099
7249.29,103.097
7249.66,103.095
7250.02,103.094
7250.39,103.093
7250.75,103.091
7251.12,103.090
7251.49,103.088
7251.85,103.087
7252.22,103.085
7252.59,103.084
7252.95,103.082
7253.32,103.082
7253.68,103.079
7254.05,103.078
7254.42,103.077
7254.78,103.076
7255.15,103.074
7255.52,103.073
7255.88,103.071
7256.25,103.070
7256.61,103.069
7256.98,103.067
7257.35,103.066
7257.71,103.065
7258.08,103.062
7258.45,103.061
7258.81,103.060
7259.18,103.059
7259.54,103.058
7259.91,103.056
7260.28,103.055
7260.64,103.053
7261.01,103.052
7261.37,103.050
7261.74,103.049
7262.11,103.048
7262.47,103.047
7262.84,103.045
7263.21,103.044
7263.57,103.042
7263.94,103.041
7264.30,103.040
7264.67,103.038
7265.04,103.037
7265.40,103.035
7265.77,103.035
7266.14,103.033
7266.50,103.032
7266.87,103.031
7267.23,103.029
7267.60,103.028
7267.97,103.026
7268.33,103.025
7268.70,103.024
7269.07,103.023
7269.43,103.021
7269.80,103.020
7270.16,103.019
7270.53,103.017
7270.90,103.016
7271.26,103.015
7271.63,103.013
7271.99,103.013
7272.36,103.011
7272.73,103.010
7273.09,103.008
7273.46,103.007
7273.83,103.006
7274.19,103.005
7274.56,103.003
7274.92,103.002
7275.29,103.001
7275.66,102.999
7276.02,102.998
7276.39,102.997
7276.76,102.995
7277.12,102.995
7277.49,102.993
7277.85,102.992
7278.22,102.991
7278.59,102.989
7278.95,102.988
7279.32,102.987
7279.69,102.986
7280.05,102.984
7280.42,102.983
7280.78,102.982
7281.15,102.981
7281.52,102.980
7281.88,102.978
7282.25,102.977
7282.62,102.976
7282.98,102.976
7283.35,102.974
7283.71,102.973
7284.08,102.972
7284.45,102.971
7284.81,102.969
7285.18,102.968
7285.54,102.967
7285.91,102.966
7286.28,102.965
7286.64,102.963
7287.01,102.963
7287.38,102.961
7287.74,102.960
7288.11,102.959
7288.47,102.958
7288.84,102.957
7289.21,102.955
7289.57,102.954
7289.94,102.954
7290.31,102.952
7290.67,102.951
7291.04,102.950
7291.40,102.948
7291.77,102.947
7292.14,102.946
7292.50,102.945
7292.87,102.944
7293.24,102.943
7293.60,102.942
7293.97,102.941
7294.33,102.939
7294.70,102.939
7295.07,102.938
7295.43,102.936
7295.80,102.935
7296.16,102.934
7296.53,102.934
7296.90,102.932
7297.26,102.931
7297.63,102.930
7298.00,102.928
7298.36,102.928
7298.73,102.927
7299.09,102.926
7299.46,102.924
7299.83,102.924
7300.19,102.922
7300.56,102.921
7300.93,102.920
7301.29,102.919
7301.66,102.918
7302.02,102.917
7302.39,102.916
7302.76,102.915
7303.12,102.915
7303.49,102.913
7303.86,102.912
7304.22,102.911
7304.59,102.910
7304.95,102.909
7305.32,102.908
7305.69,102.907
7306.05,102.906
7306.42,102.905
7306.79,102.904
7307.15,102.903
7307.52,102.902
7307.88,102.901
7308.25,102.900
7308.62,102.899
7308.98,102.898
7309.35,102.897
7309.71,102.896
7310.08,102.895
7310.45,102.894
7310.81,102.894
7311.18,102.892
7311.55,102.892
7311.91,102.891
7312.28,102.889
7312.64,102.888
7313.01,102.888
7313.38,102.887
7313.74,102.886
7314.11,102.885
7314.48,102.884
7314.84,102.883
7315.21,102.882
7315.57,102.882
7315.94,102.880
7316.31,102.880
7316.67,102.879
7317.04,102.877
7317.41,102.876
7317.77,102.876
7318.14,102.875
7318.50,102.874
7318.87,102.873
7319.24,102.873
7319.60,102.871
7319.97,102.870
7320.33,102.870
7320.70,102.868
7321.07,102.868
7321.43,102.867
7321.80,102.866
7322.17,102.865
7322.53,102.864
7322.90,102.864
7323.26,102.862
7323.63,102.862
7324.00,102.861
7324.36,102.860
7324.73,102.859
7325.10,102.858
7325.46,102.858
7325.83,102.857
7326.19,102.856
7326.56,102.856
7326.93,102.855
7327.29,102.853
7327.66,102.853
7328.03,102.852
7328.39,102.852
7328.76,102.851
7329.12,102.850
7329.49,102.849
7329.86,102.848
7330.22,102.847
7330.59,102.846
7330.95,102.846
7331.32,102.845
7331.69,102.844
7332.05,102.844
7332.42,102.843
7332.79,102.842
7333.15,102.841
7333.52,102.840
7333.88,102.840
7334.25,102.839
7334.62,102.838
7334.98,102.837
7335.35,102.837
7335.72,102.836
7336.08,102.835
7336.45,102.834
7336.81,102.834
7337.18,102.833
7337.55,102.832
7337.91,102.832
7338.28,102.831
7338.65,102.830
7339.01,102.829
7339.38,102.829
7339.74,102.828
7340.11,102.828
7340.48,102.827
7340.84,102.826
7341.21,102.825
7341.58,102.825
7341.94,102.824
7342.31,102.823
7342.67,102.822
7343.04,102.822
7343.41,102.822
7343.77,102.820
7344.14,102.820
7344.50,102.820
7344.87,102.819
7345.24,102.818
7345.60,102.817
7345.97,102.816
7346.34,102.816
7346.70,102.816
7347.07,102.815
7347.43,102.815
7347.80,102.814
7348.17,102.814
7348.53,102.812
7348.90,102.812
7349.27,102.811
7349.63,102.811
7350.00,102.811
7350.36,102.809
7350.73,102.809
7351.10,102.808
7351.46,102.808
7351.83,102.807
7352.20,102.806
7352.56,102.806
7352.93,102.805
7353.29,102.805
7353.66,102.804
7354.03,102.804
7354.39,102.803
7354.76,102.803
7355.12,102.802
7355.49,102.802
7355.86,102.801
7356.22,102.800
7356.59,102.800
7356.96,102.799
7357.32,102.799
7357.69,102.799
7358.05,102.798
7358.42,102.797
7358.79,102.797
7359.15,102.797
7359.52,102.796
7359.89,102.796
7360.25,102.795
7360.62,102.794
7360.98,102.794
7361.35,102.793
7361.72,102.793
7362.08,102.793
7362.45,102.792
7362.82,102.791
7363.18,102.791
7363.55,102.790
7363.91,102.790
7364.28,102.790
7364.65,102.789
7365.01,102.789
7365.38,102.788
7365.75,102.788
7366.11,102.787
7366.48,102.787
7366.84,102.787
7367.21,102.786
7367.58,102.786
7367.94,102.785
7368.31,102.785
7368.67,102.785
7369.04,102.784
7369.41,102.784
7369.77,102.784
7370.14,102.783
7370.51,102.782
7370.87,102.782
7371.24,102.782
7371.60,102.781
7371.97,102.781
7372.34,102.780
7372.70,102.780
7373.07,102.780
7373.44,102.779
7373.80,102.779
7374.17,102.779
7374.53,102.779
7374.90,102.779
7375.27,102.778
7375.63,102.778
7376.00,102.777
7376.37,102.777
7376.73,102.776
7377.10,102.776
7377.46,102.775
7377.83,102.775
7378.20,102.775
7378.56,102.775
7378.93,102.775
7379.29,102.774
7379.66,102.774
7380.03,102.773
7380.39,102.773
7380.76,102.773
7381.13,102.773
7381.49,102.773
7381.86,102.773
7382.22,102.772
7382.59,102.772
7382.96,102.772
7383.32,102.772
7383.69,102.771
7384.06,102.771
7384.42,102.770
7384.79,102.770
7385.15,102.770
7385.52,102.769
7385.89,102.769
7386.25,102.769
7386.62,102.769
7386.99,102.769
7387.35,102.768
7387.72,102.768
7388.08,102.768
7388.45,102.768
7388.82,102.768
7389.18,102.768
7389.55,102.767
7389.91,102.767
7390.28,102.767
7390.65,102.767
7391.01,102.767
7391.38,102.767
7391.75,102.767
7392.11,102.766
7392.48,102.766
7392.84,102.766
7393.21,102.766
7393.58,102.766
7393.94,102.766
7394.31,102.766
7394.68,102.765
7395.04,102.765
7395.41,102.765
7395.77,102.765
7396.14,102.764
7396.51,102.764
7396.87,102.764
7397.24,102.764
7397.61,102.764
7397.97,102.764
7398.34,102.764
7398.70,102.764
7399.07,102.763
7399.44,102.763
7399.80,102.763
7400.17,102.763
7400.54,102.763
7400.90,102.763
7401.27,102.763
7401.63,102.763
7402.00,102.763
7402.37,102.763
7402.73,102.763
7403.10,102.763
7403.46,102.763
7403.83,102.763
7404.20,102.763
7404.56,102.763
7404.93,102.762
7405.30,102.762
7405.66,102.762
7406.03,102.762
7406.39,102.762
7406.76,102.762
7407.13,102.762
7407.49,102.762
7407.86,102.762
7408.23,102.762
7408.59,102.763
7408.96,102.763
7409.32,102.763
7409.69,102.763
7410.06,102.763
7410.42,102.763
7410.79,102.763
7411.16,102.763
7411.52,102.763
7411.89,102.763
7412.25,102.763
7412.62,102.763
7412.99,102.763
7413.35,102.763
7413.72,102.763
7414.08,102.763
7414.45,102.763
7414.82,102.763
7415.18,102.763
7415.55,102.763
7415.92,102.763
7416.28,102.763
7416.65,102.763
7417.01,102.763
7417.38,102.763
7417.75,102.763
7418.11,102.764
7418.48,102.764
7418.85,102.764
7419.21,102.764
7419.58,102.764
7419.94,102.764
7420.31,102.764
7420.68,102.764
7421.04,102.764
7421.41,102.764
7421.78,102.765
7422.14,102.765
7422.51,102.765
7422.87,102.765
7423.24,102.766
7423.61,102.766
7423.97,102.766
7424.34,102.766
7424.70,102.767
7425.07,102.767
7425.44,102.767
7425.80,102.767
7426.17,102.767
7426.54,102.767
7426.90,102.767
7427.27,102.767
7427.63,102.768
7428.00,102.768
7428.37,102.768
7428.73,102.768
7429.10,102.768
7429.47,102.768
7429.83,102.768
7430.20,102.769
7430.56,102.769
7430.93,102.769
7431.30,102.770
7431.66,102.770
7432.03,102.770
7432.40,102.770
7432.76,102.771
7433.13,102.771
7433.49,102.772
7433.86,102.772
7434.23,102.772
7434.59,102.773
7434.96,102.773
7435.33,102.773
7435.69,102.773
7436.06,102.773
7436.42,102.773
7436.79,102.774
7437.16,102.774
7437.52,102.774
7437.89,102.775
7438.25,102.775
7438.62,102.775
7438.99,102.775
7439.35,102.776
7439.72,102.776
7440.09,102.776
7440.45,102.776
7440.82,102.778
7441.18,102.778
7441.55,102.778
7441.92,102.778
7442.28,102.778
7442.65,102.779
7443.02,102.779
7443.38,102.780
7443.75,102.780
7444.11,102.780
7444.48,102.781
7444.85,102.781
7445.21,102.781
7445.58,102.782
7445.95,102.782
7446.31,102.782
7446.68,102.783
7447.04,102.784
7447.41,102.784
7447.78,102.785
7448.14,102.785
7448.51,102.785
7448.87,102.785
7449.24,102.786
7449.61,102.786
7449.97,102.787
7450.34,102.787
7450.71,102.788
7451.07,102.788
7451.44,102.788
7451.80,102.789
7452.17,102.789
7452.54,102.790
7452.90,102.790
7453.27,102.791
7453.64,102.791
7454.00,102.791
7454.37,102.792
7454.73,102.792
7455.10,102.793
7455.47,102.793
7455.83,102.794
7456.20,102.794
7456.57,102.795
7456.93,102.796
7457.30,102.796
7457.66,102.797
7458.03,102.797
7458.40,102.797
7458.76,102.798
7459.13,102.798
7459.50,102.799
7459.86,102.800
7460.23,102.800
7460.59,102.801
7460.96,102.801
7461.33,102.802
7461.69,102.802
7462.06,102.803
7462.42,102.803
7462.79,102.804
7463.16,102.805
7463.52,102.805
7463.89,102.806
7464.26,102.806
7464.62,102.807
7464.99,102.808
7465.35,102.808
7465.72,102.808
7466.09,102.809
7466.45,102.809
7466.82,102.811
7467.19,102.811
7467.55,102.811
7467.92,102.812
7468.28,102.812
7468.65,102.814
7469.02,102.814
7469.38,102.814
7469.75,102.816
7470.12,102.816
7470.48,102.817
7470.85,102.817
7471.21,102.817
7471.58,102.819
7471.95,102.820
7472.31,102.820
7472.68,102.820
7473.04,102.821
7473.41,102.822
7473.78,102.823
7474.14,102.823
7474.51,102.823
7474.88,102.825
7475.24,102.825
7475.61,102.826
7475.97,102.826
7476.34,102.827
7476.71,102.828
7477.07,102.829
7477.44,102.829
7477.81,102.830
7478.17,102.831
7478.54,102.832
7478.90,102.832
7479.27,102.832
7479.64,102.834
7480.00,102.835
7480.37,102.835
7480.74,102.835
7481.10,102.837
7481.47,102.838
7481.83,102.838
7482.20,102.838
7482.57,102.840
7482.93,102.841
7483.30,102.841
7483.66,102.841
7484.03,102.843
7484.40,102.844
7484.76,102.844
7485.13,102.844
7485.50,102.846
7485.86,102.846
7486.23,102.847
7486.59,102.847
7486.96,102.849
7487.33,102.850
7487.69,102.850
7488.06,102.851
7488.43,102.852
7488.79,102.852
7489.16,102.853
7489.52,102.855
7489.89,102.855
7490.26,102.856
7490.62,102.856
7490.99,102.858
7491.36,102.858
7491.72,102.859
7492.09,102.860
7492.45,102.861
7492.82,102.862
7493.19,102.863
7493.55,102.864
7493.92,102.864
7494.29,102.865
7494.65,102.866
7495.02,102.867
7495.38,102.868
7495.75,102.869
7496.12,102.870
7496.48,102.870
7496.85,102.871
7497.21,102.872
7497.58,102.873
7497.95,102.874
7498.31,102.875
7498.68,102.876
7499.05,102.876
7499.41,102.877
7499.78,102.879
7500.14,102.880
7500.51,102.880
7500.88,102.882
7501.24,102.882
7501.61,102.883
7501.98,102.884
7502.34,102.885
7502.71,102.886
7503.07,102.887
7503.44,102.888
7503.81,102.889
7504.17,102.890
7504.54,102.891
7504.91,102.892
7505.27,102.893
7505.64,102.893
7506.00,102.894
7506.37,102.895
7506.74,102.897
7507.10,102.898
7507.47,102.899
7507.83,102.899
7508.20,102.900
7508.57,102.901
7508.93,102.903
7509.30,102.904
7509.67,102.904
7510.03,102.905
7510.40,102.906
7510.76,102.907
7511.13,102.909
7511.50,102.910
7511.86,102.911
7512.23,102.912
7512.60,102.912
7512.96,102.913
7513.33,102.915
7513.69,102.915
7514.06,102.916
7514.43,102.918
7514.79,102.918
7515.16,102.919
7515.53,102.921
7515.89,102.922
7516.26,102.923
7516.62,102.924
7516.99,102.925
7517.36,102.926
7517.72,102.927
7518.09,102.928
7518.45,102.929
7518.82,102.930
7519.19,102.931
7519.55,102.933
7519.92,102.934
7520.29,102.934
7520.65,102.936
7521.02,102.938
7521.38,102.939
7521.75,102.940
7522.12,102.941
7522.48,102.941
7522.85,102.943
7523.22,102.944
7523.58,102.945
7523.95,102.946
7524.31,102.947
7524.68,102.948
7525.05,102.950
7525.41,102.951
7525.78,102.952
7526.15,102.953
7526.51,102.954
7526.88,102.955
7527.24,102.956
7527.61,102.958
7527.98,102.959
7528.34,102.960
7528.71,102.961
7529.08,102.962
7529.44,102.963
7529.81,102.965
7530.17,102.966
7530.54,102.967
7530.91,102.968
7531.27,102.969
7531.64,102.971
7532.00,102.972
7532.37,102.973
7532.74,102.974
7533.10,102.976
7533.47,102.977
7533.84,102.977
7534.20,102.978
7534.57,102.980
7534.93,102.981
7535.30,102.983
7535.67,102.984
7536.03,102.985
7536.40,102.986
7536.77,102.988
7537.13,102.988
7537.50,102.990
7537.86,102.992
7538.23,102.993
7538.60,102.994
7538.96,102.995
7539.33,102.996
7539.70,102.997
7540.06,102.999
7540.43,103.000
7540.79,103.001
7541.16,103.002
7541.53,103.004
7541.89,103.005
7542.26,103.007
7542.62,103.007
7542.99,103.009
7543.36,103.010
7543.72,103.011
7544.09,103.013
7544.46,103.014
7544.82,103.016
7545.19,103.017
7545.55,103.018
7545.92,103.019
7546.29,103.020
7546.65,103.022
7547.02,103.023
7547.39,103.024
7547.75,103.025
7548.12,103.028
7548.48,103.029
7548.85,103.029
7549.22,103.031
7549.58,103.032
7549.95,103.034
7550.32,103.035
7550.68,103.037
7551.05,103.037
7551.41,103.040
7551.78,103.040
7552.15,103.042
7552.51,103.043
7552.88,103.045
7553.25,103.046
7553.61,103.047
7553.98,103.048
7554.34,103.050
7554.71,103.052
7555.08,103.053
7555.44,103.054
7555.81,103.055
7556.17,103.057
7556.54,103.059
7556.91,103.059
7557.27,103.061
7557.64,103.062
7558.01,103.064
7558.37,103.065
7558.74,103.067
7559.10,103.068
7559.47,103.070
7559.84,103.070
7560.20,103.073
7560.57,103.073
7560.94,103.075
7561.30,103.077
7561.67,103.078
7562.03,103.079
7562.40,103.081
7562.77,103.083
7563.13,103.084
7563.50,103.085
7563.87,103.087
7564.23,103.088
7564.60,103.090
7564.96,103.091
7565.33,103.093
7565.70,103.094
7566.06,103.095
7566.43,103.097
7566.79,103.098
7567.16,103.100
7567.53,103.101
7567.89,103.103
7568.26,103.104
7568.63,103.106
7568.99,103.107
7569.36,103.108
7569.72,103.110
7570.09,103.112
7570.46,103.113
7570.82,103.114
7571.19,103.116
7571.56,103.117
7571.92,103.119
7572.29,103.120
7572.65,103.121
7573.02,103.124
7573.39,103.125
7573.75,103.126
7574.12,103.128
7574.49,103.130
7574.85,103.131
7575.22,103.132
7575.58,103.134
7575.95,103.135
7576.32,103.137
7576.68,103.138
7577.05,103.140
7577.41,103.142
7577.78,103.143
7578.15,103.144
7578.51,103.146
7578.88,103.148
7579.25,103.149
7579.61,103.150
7579.98,103.153
7580.34,103.154
7580.71,103.155
7581.08,103.157
7581.44,103.159
7581.81,103.160
7582.18,103.162
7582.54,103.163
7582.91,103.165
7583.27,103.166
7583.64,103.168
7584.01,103.169
7584.37,103.172
7584.74,103.172
7585.11,103.174
7585.47,103.176
7585.84,103.178
7586.20,103.179
7586.57,103.180
7586.94,103.182
7587.30,103.184
7587.67,103.185
7588.04,103.187
7588.40,103.189
7588.77,103.191
7589.13,103.192
7589.50,103.193
7589.87,103.195
7590.23,103.197
7590.60,103.198
7590.96,103.200
7591.33,103.202
7591.70,103.203
7592.06,103.204
7592.43,103.207
7592.80,103.208
7593.16,103.209
7593.53,103.211
7593.89,103.213
7594.26,103.215
7594.63,103.216
7594.99,103.218
7595.36,103.219
7595.73,103.221
7596.09,103.222
7596.46,103.225
7596.82,103.226
7597.19,103.227
7597.56,103.229
7597.92,103.231
7598.29,103.233
7598.66,103.234
7599.02,103.236
7599.39,103.238
7599.75,103.239
7600.12,103.241
7600.49,103.243
7600.85,103.245
7601.22,103.246
7601.58,103.248
7601.95,103.249
7602.32,103.251
7602.68,103.252
7603.05,103.255
7603.42,103.256
7603.78,103.258
7604.15,103.260
7604.51,103.261
7604.88,103.262
7605.25,103.264
7605.61,103.266
7605.98,103.268
7606.35,103.269
7606.71,103.272
7607.08,103.273
7607.44,103.275
7607.81,103.276
7608.18,103.278
7608.54,103.279
7608.91,103.281
7609.28,103.283
7609.64,103.285
7610.01,103.286
7610.37,103.288
7610.74,103.290
7611.11,103.292
7611.47,103.293
7611.84,103.296
7612.20,103.297
7612.57,103.299
7612.94,103.300
7613.30,103.302
7613.67,103.303
7614.04,103.305
7614.40,103.308
7614.77,103.309
7615.13,103.311
7615.50,103.312
7615.87,103.315
7616.23,103.316
7616.60,103.318
7616.97,103.320
7617.33,103.322
7617.70,103.323
7618.06,103.325
7618.43,103.327
7618.80,103.328
7619.16,103.331
7619.53,103.332
7619.90,103.334
7620.26,103.335
7620.63,103.338
7620.99,103.339
7621.36,103.341
7621.73,103.343
7622.09,103.344
7622.46,103.347
7622.83,103.348
7623.19,103.350
7623.56,103.352
7623.92,103.353
7624.29,103.356
7624.66,103.357
7625.02,103.359
7625.39,103.361
7625.75,103.362
7626.12,103.364
7626.49,103.366
7626.85,103.368
7627.22,103.370
7627.59,103.371
7627.95,103.373
7628.32,103.375
7628.68,103.376
7629.05,103.379
7629.42,103.381
7629.78,103.382
7630.15,103.384
7630.52,103.386
7630.88,103.388
7631.25,103.389
7631.61,103.391
7631.98,103.393
7632.35,103.394
7632.71,103.397
7633.08,103.398
7633.45,103.400
7633.81,103.402
7634.18,103.404
7634.54,103.406
7634.91,103.408
7635.28,103.410
7635.64,103.411
7636.01,103.413
7636.37,103.415
7636.74,103.417
7637.11,103.418
7637.47,103.421
7637.84,103.422
7638.21,103.424
7638.57,103.426
7638.94,103.428
7639.30,103.429
7639.67,103.432
7640.04,103.434
7640.40,103.435
7640.77,103.438
7641.14,103.439
7641.50,103.441
7641.87,103.442
7642.23,103.445
7642.60,103.447
7642.97,103.448
7643.33,103.450
7643.70,103.453
7644.07,103.454
7644.43,103.456
7644.80,103.458
7645.16,103.459
7645.53,103.462
7645.90,103.463
7646.26,103.465
7646.63,103.467
7647.00,103.469
7647.36,103.471
7647.73,103.473
7648.09,103.475
7648.46,103.476
7648.83,103.478
7649.19,103.480
7649.56,103.482
7649.92,103.484
7650.29,103.486
7650.66,103.488
7651.02,103.489
7651.39,103.492
7651.76,103.493
7652.12,103.495
7652.49,103.497
7652.85,103.500
7653.22,103.501
7653.59,103.503
7653.95,103.505
7654.32,103.507
7654.69,103.508
7655.05,103.511
7655.42,103.513
7655.78,103.514
7656.15,103.517
7656.52,103.518
7656.88,103.520
7657.25,103.522
7657.62,103.524
7657.98,103.526
7658.35,103.528
7658.71,103.529
7659.08,103.531
7659.45,103.534
7659.81,103.535
7660.18,103.537
7660.54,103.540
7660.91,103.541
7661.28,103.543
7661.64,103.545
7662.01,103.547
7662.38,103.549
7662.74,103.551
7663.11,103.553
7663.47,103.554
7663.84,103.557
7664.21,103.559
7664.57,103.561
7664.94,103.562
7665.31,103.564
7665.67,103.566
7666.04,103.569
7666.40,103.571
7666.77,103.572
7667.14,103.574
7667.50,103.576
7667.87,103.578
7668.24,103.580
7668.60,103.582
7668.97,103.584
7669.33,103.586
7669.70,103.588
7670.07,103.590
7670.43,103.591
7670.80,103.594
7671.16,103.596
7671.53,103.597
7671.90,103.600
7672.26,103.602
7672.63,103.603
7673.00,103.606
7673.36,103.608
7673.73,103.609
7674.09,103.611
7674.46,103.613
7674.83,103.615
7675.19,103.617
7675.56,103.619
7675.93,103.621
7676.29,103.624
7676.66,103.625
7677.02,103.627
7677.39,103.629
7677.76,103.631
7678.12,103.633
7678.49,103.635
7678.86,103.637
7679.22,103.638
7679.59,103.641
7679.95,103.643
7680.32,103.644
7680.69,103.647
7681.05,103.649
7681.42,103.651
7681.79,103.653
7682.15,103.654
7682.52,103.657
7682.88,103.659
7683.25,103.661
7683.62,103.662
7683.98,103.665
7684.35,103.666
7684.71,103.668
7685.08,103.671
7685.45,103.673
7685.81,103.674
7686.18,103.677
7686.55,103.678
7686.91,103.680
7687.28,103.683
7687.64,103.684
7688.01,103.686
7688.38,103.689
7688.74,103.691
7689.11,103.692
7689.48,103.695
7689.84,103.697
7690.21,103.698
7690.57,103.701
7690.94,103.702
7691.31,103.704
7691.67,103.707
7692.04,103.708
7692.41,103.710
7692.77,103.713
7693.14,103.715
7693.50,103.716
7693.87,103.719
7694.24,103.721
7694.60,103.722
7694.97,103.725
7695.33,103.726
7695.70,103.728
7696.07,103.731
7696.43,103.733
7696.80,103.734
7697.17,103.737
7697.53,103.739
7697.90,103.740
7698.26,103.743
7698.63,103.745
7699.00,103.747
7699.36,103.749
7699.73,103.750
7700.10,103.753
7700.46,103.755
7700.83,103.757
7701.19,103.758
7701.56,103.761
7701.93,103.763
7702.29,103.764
7702.66,103.767
7703.03,103.769
7703.39,103.771
7703.76,103.773
7704.12,103.775
7704.49,103.777
7704.86,103.779
7705.22,103.781
7705.59,103.783
7705.95,103.785
7706.32,103.787
7706.69,103.789
7707.05,103.791
7707.42,103.793
7707.79,103.796
7708.15,103.797
7708.52,103.799
7708.88,103.802
7709.25,103.803
7709.62,103.805
7709.98,103.808
7710.35,103.809
7710.72,103.811
7711.08,103.814
7711.45,103.816
7711.81,103.817
7712.18,103.820
7712.55,103.822
7712.91,103.823
7713.28,103.826
7713.65,103.828
7714.01,103.829
7714.38,103.832
7714.74,103.834
7715.11,103.836
7715.48,103.838
7715.84,103.840
7716.21,103.842
7716.58,103.844
7716.94,103.846
7717.31,103.848
7717.67,103.850
7718.04,103.852
7718.41,103.855
7718.77,103.856
7719.14,103.858
7719.50,103.861
7719.87,103.863
7720.24,103.864
7720.60,103.867
7720.97,103.868
7721.34,103.870
7721.70,103.873
7722.07,103.874
7722.43,103.876
7722.80,103.879
7723.17,103.881
7723.53,103.882
7723.90,103.885
7724.27,103.887
7724.63,103.889
7725.00,103.891
7725.36,103.893
7725.73,103.895
7726.10,103.898
7726.46,103.899
7726.83,103.901
7727.20,103.904
7727.56,103.905
7727.93,103.907
7728.29,103.910
7728.66,103.912
7729.03,103.913
7729.39,103.916
7729.76,103.917
7730.12,103.919
7730.49,103.922
7730.86,103.924
7731.22,103.925
7731.59,103.928
7731.96,103.930
7732.32,103.933
7732.69,103.934
7733.05,103.936
7733.42,103.939
7733.79,103.941
7734.15,103.942
7734.52,103.945
7734.89,103.947
7735.25,103.948
7735.62,103.951
7735.98,103.953
7736.35,103.954
7736.72,103.957
7737.08,103.959
7737.45,103.961
7737.82,103.963
7738.18,103.965
7738.55,103.967
7738.91,103.970
7739.28,103.971
7739.65,103.973
7740.01,103.975
7740.38,103.977
7740.75,103.979
7741.11,103.981
7741.48,103.983
7741.84,103.986
7742.21,103.988
7742.58,103.989
7742.94,103.992
7743.31,103.994
7743.67,103.996
7744.04,103.998
7744.41,104.000
7744.77,104.002
7745.14,104.005
7745.51,104.007
7745.87,104.008
7746.24,104.011
7746.60,104.012
7746.97,104.014
7747.34,104.017
7747.70,104.019
7748.07,104.021
7748.44,104.023
7748.80,104.025
7749.17,104.027
7749.53,104.029
7749.90,104.031
7750.27,104.034
7750.63,104.035
7751.00,104.037
7751.37,104.040
7751.73,104.041
7752.10,104.043
7752.46,104.046
7752.83,104.047
7753.20,104.050
7753.56,104.052
7753.93,104.053
7754.29,104.056
7754.66,104.058
7755.03,104.060
7755.39,104.062
7755.76,104.064
7756.13,104.066
7756.49,104.069
7756.86,104.071
7757.22,104.072
7757.59,104.075
7757.96,104.077
7758.32,104.079
7758.69,104.081
7759.06,104.082
7759.42,104.085
7759.79,104.087
7760.15,104.089
7760.52,104.091
7760.89,104.093
7761.25,104.096
7761.62,104.097
7761.99,104.099
7762.35,104.102
7762.72,104.103
7763.08,104.106
7763.45,104.108
7763.82,104.109
7764.18,104.112
7764.55,104.114
7764.91,104.116
7765.28,104.118
7765.65,104.120
7766.01,104.122
7766.38,104.124
7766.75,104.126
7767.11,104.128
7767.48,104.130
7767.84,104.132
7768.21,104.135
7768.58,104.136
7768.94,104.138
7769.31,104.141
7769.68,104.143
7770.04,104.145
7770.41,104.147
7770.77,104.149
7771.14,104.151
7771.51,104.154
7771.87,104.155
7772.24,104.157
7772.61,104.160
7772.97,104.161
7773.34,104.164
7773.70,104.165
7774.07,104.168
7774.44,104.170
7774.80,104.172
7775.17,104.173
7775.54,104.176
7775.90,104.178
7776.27,104.180
7776.63,104.183
7777.00,104.184
7777.37,104.186
7777.73,104.189
7778.10,104.191
7778.46,104.192
7778.83,104.195
7779.20,104.197
7779.56,104.199
7779.93,104.201
7780.30,104.203
7780.66,104.205
7781.03,104.207
7781.39,104.210
7781.76,104.211
7782.13,104.214
7782.49,104.215
7782.86,104.218
7783.23,104.220
7783.59,104.221
7783.96,104.224
7784.32,104.226
7784.69,104.228
7785.06,104.230
7785.42,104.232
7785.79,104.234
7786.16,104.237
7786.52,104.238
7786.89,104.240
7787.25,104.243
7787.62,104.245
7787.99,104.246
7788.35,104.249
7788.72,104.251
7789.08,104.253
7789.45,104.255
7789.82,104.256
7790.18,104.259
7790.55,104.261
7790.92,104.263
7791.28,104.265
7791.65,104.267
7792.01,104.269
7792.38,104.272
7792.75,104.273
7793.11,104.275
7793.48,104.278
7793.85,104.279
7794.21,104.282
7794.58,104.284
7794.94,104.286
7795.31,104.288
7795.68,104.290
7796.04,104.292
7796.41,104.294
7796.78,104.296
7797.14,104.298
7797.51,104.300
7797.87,104.303
7798.24,104.304
7798.61,104.306
7798.97,104.309
7799.34,104.311
7799.71,104.312
7800.07,104.315
7800.44,104.317
7800.80,104.319
7801.17,104.321
7801.54,104.323
7801.90,104.326
7802.27,104.328
7802.63,104.329
7803.00,104.332
7803.37,104.334
7803.73,104.336
7804.10,104.338
7804.47,104.340
7804.83,104.342
7805.20,104.344
7805.56,104.346
7805.93,104.348
7806.30,104.350
7806.66,104.352
7807.03,104.355
7807.40,104.356
7807.76,104.358
7808.13,104.361
7808.49,104.363
7808.86,104.364
7809.23,104.367
7809.59,104.369
7809.96,104.371
7810.33,104.373
7810.69,104.375
7811.06,104.377
7811.42,104.379
7811.79,104.381
7812.16,104.383
7812.52,104.386
7812.89,104.388
7813.25,104.389
7813.62,104.392
7813.99,104.394
7814.35,104.395
7814.72,104.398
7815.09,104.399
7815.45,104.402
7815.82,104.404
7816.18,104.406
7816.55,104.408
7816.92,104.410
7817.28,104.412
7817.65,104.415
7818.02,104.416
7818.38,104.418
7818.75,104.421
7819.11,104.422
7819.48,104.425
7819.85,104.427
7820.21,104.428
7820.58,104.431
7820.95,104.433
7821.31,104.435
7821.68,104.437
7822.04,104.439
7822.41,104.441
7822.78,104.443
7823.14,104.445
7823.51,104.447
7823.87,104.450
7824.24,104.451
7824.61,104.454
7824.97,104.456
7825.34,104.458
7825.71,104.459
7826.07,104.462
7826.44,104.464
7826.80,104.466
7827.17,104.468
7827.54,104.470
7827.90,104.472
7828.27,104.475
7828.64,104.477
7829.00,104.478
7829.37,104.481
7829.73,104.482
7830.10,104.484
7830.47,104.487
7830.83,104.489
7831.20,104.491
7831.57,104.493
7831.93,104.495
7832.30,104.497
7832.66,104.499
7833.03,104.501
7833.40,104.503
7833.76,104.505
7834.13,104.507
7834.50,104.510
7834.86,104.511
7835.23,104.513
7835.59,104.516
7835.96,104.517
7836.33,104.519
7836.69,104.522
7837.06,104.524
7837.42,104.526
7837.79,104.528
7838.16,104.530
7838.52,104.532
7838.89,104.534
7839.26,104.536
7839.62,104.538
7839.99,104.541
7840.35,104.542
7840.72,104.544
7841.09,104.547
7841.45,104.549
7841.82,104.550
7842.19,104.553
7842.55,104.555
7842.92,104.557
7843.28,104.559
7843.65,104.561
7844.02,104.563
7844.38,104.565
7844.75,104.567
7845.12,104.570
7845.48,104.571
7845.85,104.573
7846.21,104.576
7846.58,104.578
7846.95,104.579
7847.31,104.582
7847.68,104.583
7848.04,104.586
7848.41,104.588
7848.78,104.590
7849.14,104.592
7849.51,104.594
7849.88,104.596
7850.24,104.598
7850.61,104.600
7850.97,104.602
7851.34,104.604
7851.71,104.606
7852.07,104.608
7852.44,104.611
7852.81,104.612
7853.17,104.614
7853.54,104.617
7853.90,104.619
7854.27,104.620
7854.64,104.623
7855.00,104.625
7855.37,104.627
7855.74,104.629
7856.10,104.631
7856.47,104.633
7856.83,104.636
7857.20,104.637
7857.57,104.639
7857.93,104.642
7858.30,104.643
7858.66,104.645
7859.03,104.648
7859.40,104.650
7859.76,104.652
7860.13,104.654
7860.50,104.656
7860.86,104.658
7861.23,104.660
7861.59,104.661
7861.96,104.664
7862.33,104.666
7862.69,104.668
7863.06,104.670
7863.43,104.672
7863.79,104.674
7864.16,104.676
7864.52,104.678
7864.89,104.680
7865.26,104.683
7865.62,104.684
7865.99,104.686
7866.36,104.689
7866.72,104.691
7867.09,104.692
7867.45,104.695
7867.82,104.697
7868.19,104.699
7868.55,104.701
7868.92,104.703
7869.29,104.705
7869.65,104.707
7870.02,104.709
7870.38,104.711
7870.75,104.713
7871.12,104.715
7871.48,104.718
7871.85,104.720
7872.21,104.721
7872.58,104.724
7872.95,104.725
7873.31,104.727
7873.68,104.730
7874.05,104.732
7874.41,104.734
7874.78,104.736
7875.14,104.738
7875.51,104.740
7875.88,104.742
7876.24,104.744
7876.61,104.746
7876.98,104.748
7877.34,104.750
7877.71,104.752
7878.07,104.755
7878.44,104.756
7878.81,104.758
7879.17,104.761
7879.54,104.763
7879.91,104.764
7880.27,104.767
7880.64,104.769
7881.00,104.771
7881.37,104.773
7881.74,104.775
7882.10,104.777
7882.47,104.780
7882.83,104.781
7883.20,104.783
7883.57,104.785
7883.93,104.787
7884.30,104.790
7884.67,104.791
7885.03,104.793
7885.40,104.796
7885.76,104.797
7886.13,104.799
7886.50,104.802
7886.86,104.803
7887.23,104.806
7887.60,104.808
7887.96,104.810
7888.33,104.812
7888.69,104.814
7889.06,104.816
7889.43,104.819
7889.79,104.820
7890.16,104.823
7890.53,104.825
7890.89,104.826
7891.26,104.828
7891.62,104.831
7891.99,104.833
7892.36,104.835
7892.72,104.837
7893.09,104.839
7893.46,104.841
7893.82,104.843
7894.19,104.845
7894.55,104.847
7894.92,104.849
7895.29,104.851
7895.65,104.853
7896.02,104.856
7896.38,104.857
7896.75,104.859
7897.12,104.862
7897.48,104.864
7897.85,104.865
7898.22,104.868
7898.58,104.870
7898.95,104.872
7899.31,104.874
7899.68,104.875
7900.05,104.878
7900.41,104.880
7900.78,104.882
7901.15,104.884
7901.51,104.886
7901.88,104.888
7902.24,104.890
7902.61,104.892
7902.98,104.894
7903.34,104.897
7903.71,104.898
7904.08,104.900
7904.44,104.903
7904.81,104.905
7905.17,104.906
7905.54,104.909
7905.91,104.911
7906.27,104.913
7906.64,104.915
7907.00,104.917
7907.37,104.919
7907.74,104.921
7908.10,104.923
7908.47,104.925
7908.84,104.928
7909.20,104.929
7909.57,104.931
7909.93,104.934
7910.30,104.935
7910.67,104.938
7911.03,104.939
7911.40,104.942
7911.77,104.944
7912.13,104.946
7912.50,104.947
7912.86,104.950
7913.23,104.952
7913.60,104.954
7913.96,104.956
7914.33,104.958
7914.70,104.960
7915.06,104.962
7915.43,104.965
7915.79,104.966
7916.16,104.969
7916.53,104.971
7916.89,104.972
7917.26,104.975
7917.62,104.977
7917.99,104.978
7918.36,104.981
7918.72,104.983
7919.09,104.984
7919.46,104.987
7919.82,104.989
7920.19,104.991
7920.55,104.993
7920.92,104.995
7921.29,104.998
7921.65,104.999
7922.02,105.001
7922.39,105.004
7922.75,105.005
7923.12,105.008
7923.48,105.010
7923.85,105.011
7924.22,105.014
7924.58,105.016
7924.95,105.017
7925.32,105.020
7925.68,105.022
7926.05,105.024
7926.41,105.026
7926.78,105.028
7927.15,105.030
7927.51,105.032
7927.88,105.034
7928.25,105.037
7928.61,105.038
7928.98,105.041
7929.34,105.042
7929.71,105.044
7930.08,105.047
7930.44,105.048
7930.81,105.051
7931.17,105.053
7931.54,105.055
7931.91,105.057
7932.27,105.059
7932.64,105.061
7933.01,105.063
7933.37,105.065
7933.74,105.067
7934.10,105.070
7934.47,105.071
7934.84,105.073
7935.20,105.076
7935.57,105.078
7935.94,105.079
7936.30,105.082
7936.67,105.084
7937.03,105.086
7937.40,105.088
7937.77,105.090
7938.13,105.092
7938.50,105.094
7938.87,105.096
7939.23,105.098
7939.60,105.101
7939.96,105.102
7940.33,105.105
7940.70,105.107
7941.06,105.108
7941.43,105.111
7941.79,105.112
7942.16,105.115
7942.53,105.117
7942.89,105.119
7943.26,105.121
7943.63,105.123
7943.99,105.126
7944.36,105.127
7944.72,105.129
7945.09,105.132
7945.46,105.133
7945.82,105.135
7946.19,105.137
7946.56,105.139
7946.92,105.142
7947.29,105.144
7947.65,105.145
7948.02,105.148
7948.39,105.150
7948.75,105.152
7949.12,105.154
7949.49,105.156
7949.85,105.159
7950.22,105.160
7950.58,105.162
7950.95,105.165
7951.32,105.166
7951.68,105.168
7952.05,105.171
7952.41,105.173
7952.78,105.175
7953.15,105.177
7953.51,105.179
7953.88,105.181
7954.25,105.183
7954.61,105.185
7954.98,105.187
7955.34,105.189
7955.71,105.191
7956.08,105.194
7956.44,105.196
7956.81,105.197
7957.18,105.200
7957.54,105.202
7957.91,105.204
7958.27,105.206
7958.64,105.207
7959.01,105.210
7959.37,105.212
7959.74,105.215
7960.11,105.216
7960.47,105.218
7960.84,105.221
7961.20,105.222
7961.57,105.224
7961.94,105.227
7962.30,105.228
7962.67,105.231
7963.04,105.232
7963.40,105.234
7963.77,105.237
7964.13,105.239
7964.50,105.241
7964.87,105.243
7965.23,105.245
7965.60,105.248
7965.96,105.249
7966.33,105.251
7966.70,105.254
7967.06,105.256
7967.43,105.257
7967.80,105.260
7968.16,105.262
7968.53,105.264
7968.89,105.266
7969.26,105.268
7969.63,105.270
7969.99,105.273
7970.36,105.274
7970.73,105.276
7971.09,105.279
7971.46,105.281
7971.82,105.282
7972.19,105.285
7972.56,105.287
7972.92,105.289
7973.29,105.291
7973.66,105.293
7974.02,105.295
7974.39,105.297
7974.75,105.299
7975.12,105.301
7975.49,105.303
7975.85,105.305
7976.22,105.308
7976.58,105.309
7976.95,105.311
7977.32,105.314
7977.68,105.316
7978.05,105.318
7978.42,105.320
7978.78,105.323
7979.15,105.324
7979.51,105.326
7979.88,105.328
7980.25,105.331
7980.61,105.332
7980.98,105.334
7981.35,105.337
7981.71,105.339
7982.08,105.340
7982.44,105.343
7982.81,105.345
7983.18,105.347
7983.54,105.350
7983.91,105.351
7984.28,105.353
7984.64,105.356
7985.01,105.358
7985.37,105.359
7985.74,105.362
7986.11,105.364
7986.47,105.366
7986.84,105.368
7987.21,105.370
7987.57,105.372
7987.94,105.374
7988.30,105.376
7988.67,105.379
7989.04,105.380
7989.40,105.383
7989.77,105.385
7990.13,105.387
7990.50,105.389
7990.87,105.391
7991.23,105.393
7991.60,105.395
7991.97,105.397
7992.33,105.400
7992.70,105.401
7993.06,105.404
7993.43,105.405
7993.80,105.408
7994.16,105.410
7994.53,105.412
7994.90,105.414
7995.26,105.416
7995.63,105.418
7995.99,105.420
7996.36,105.422
7996.73,105.424
7997.09,105.427
7997.46,105.428
7997.83,105.430
7998.19,105.433
7998.56,105.435
7998.92,105.436
7999.29,105.439
7999.66,105.441
8000.02,105.444
8000.39,105.446
8000.75,105.447
8001.12,105.450
8001.49,105.451
8001.85,105.454
8002.22,105.456
8002.59,105.458
8002.95,105.460
8003.32,105.462
8003.68,105.464
8004.05,105.466
8004.42,105.469
8004.78,105.471
8005.15,105.472
8005.52,105.475
8005.88,105.477
8006.25,105.479
8006.61,105.481
8006.98,105.483
8007.35,105.485
8007.71,105.487
8008.08,105.489
8008.45,105.491
8008.81,105.493
8009.18,105.495
8009.54,105.498
8009.91,105.500
8010.28,105.502
8010.64,105.504
8011.01,105.506
8011.37,105.508
8011.74,105.510
8012.11,105.513
8012.47,105.514
8012.84,105.517
8013.21,105.518
8013.57,105.521
8013.94,105.523
8014.30,105.525
8014.67,105.528
8015.04,105.529
8015.40,105.531
8015.77,105.534
8016.14,105.536
8016.50,105.537
8016.87,105.540
8017.23,105.542
8017.60,105.544
8017.97,105.546
8018.33,105.548
8018.70,105.550
8019.07,105.553
8019.43,105.554
8019.80,105.556
8020.16,105.559
8020.53,105.561
8020.90,105.563
8021.26,105.565
8021.63,105.567
8022.00,105.570
8022.36,105.572
8022.73,105.573
8023.09,105.576
8023.46,105.578
8023.83,105.580
8024.19,105.582
8024.56,105.584
8024.92,105.586
8025.29,105.588
8025.66,105.590
8026.02,105.593
8026.39,105.595
8026.76,105.596
8027.12,105.599
8027.49,105.601
8027.85,105.603
8028.22,105.605
8028.59,105.607
8028.95,105.609
8029.32,105.612
8029.69,105.613
8030.05,105.615
8030.42,105.618
8030.78,105.620
8031.15,105.623
8031.52,105.624
8031.88,105.626
8032.25,105.629
8032.62,105.630
8032.98,105.632
8033.35,105.635
8033.71,105.637
8034.08,105.639
8034.45,105.642
8034.81,105.643
8035.18,105.645
8035.54,105.648
8035.91,105.649
8036.28,105.652
8036.64,105.654
8037.01,105.656
8037.38,105.658
8037.74,105.660
8038.11,105.662
8038.47,105.664
8038.84,105.666
8039.21,105.668
8039.57,105.671
8039.94,105.672
8040.31,105.675
8040.67,105.677
8041.04,105.680
8041.40,105.681
8041.77,105.684
8042.14,105.685
8042.50,105.688
8042.87,105.690
8043.24,105.692
8043.60,105.694
8043.97,105.696
8044.33,105.698
8044.70,105.701
8045.07,105.703
8045.43,105.704
8045.80,105.707
8046.16,105.709
8046.53,105.711
8046.90,105.713
8047.26,105.715
8047.63,105.718
8048.00,105.719
8048.36,105.722
8048.73,105.724
8049.09,105.726
8049.46,105.728
8049.83,105.731
8050.19,105.733
8050.56,105.734
8050.93,105.737
8051.29,105.739
8051.66,105.741
8052.02,105.743
8052.39,105.745
8052.76,105.747
8053.12,105.750
8053.49,105.751
8053.86,105.754
8054.22,105.755
8054.59,105.757
8054.95,105.760
8055.32,105.762
8055.69,105.764
8056.05,105.766
8056.42,105.768
8056.79,105.770
8057.15,105.773
8057.52,105.775
8057.88,105.777
8058.25,105.779
8058.62,105.781
8058.98,105.784
8059.35,105.785
8059.71,105.787
8060.08,105.790
8060.45,105.792
8060.81,105.794
8061.18,105.796
8061.55,105.798
8061.91,105.800
8062.28,105.803
8062.64,105.805
8063.01,105.806
8063.38,105.809
8063.74,105.811
8064.11,105.813
8064.48,105.816
8064.84,105.817
8065.21,105.820
8065.57,105.822
8065.94,105.824
8066.31,105.826
8066.67,105.828
8067.04,105.830
8067.41,105.832
8067.77,105.835
8068.14,105.837
8068.50,105.839
8068.87,105.840
8069.24,105.843
8069.60,105.845
8069.97,105.847
8070.33,105.850
8070.70,105.852
8071.07,105.853
8071.43,105.856
8071.80,105.858
8072.17,105.861
8072.53,105.862
8072.90,105.864
8073.26,105.867
8073.63,105.869
8074.00,105.871
8074.36,105.873
8074.73,105.875
8075.10,105.877
8075.46,105.880
8075.83,105.881
8076.19,105.883
8076.56,105.886
8076.93,105.888
8077.29,105.890
8077.66,105.892
8078.03,105.894
8078.39,105.897
8078.76,105.898
8079.12,105.901
8079.49,105.903
8079.86,105.905
8080.22,105.907
8080.59,105.909
8080.96,105.912
8081.32,105.913
8081.69,105.916
8082.05,105.917
8082.42,105.920
8082.79,105.922
8083.15,105.924
8083.52,105.927
8083.88,105.928
8084.25,105.930
8084.62,105.933
8084.98,105.935
8085.35,105.938
8085.72,105.939
8086.08,105.941
8086.45,105.944
8086.81,105.946
8087.18,105.948
8087.55,105.950
8087.91,105.952
8088.28,105.954
8088.65,105.957
8089.01,105.959
8089.38,105.960
8089.74,105.963
8090.11,105.965
8090.48,105.967
8090.84,105.969
8091.21,105.972
8091.58,105.974
8091.94,105.976
8092.31,105.978
8092.67,105.980
8093.04,105.983
8093.41,105.984
8093.77,105.987
8094.14,105.989
8094.50,105.991
8094.87,105.993
8095.24,105.995
8095.60,105.997
8095.97,105.999
8096.34,106.001
8096.70,106.004
8097.07,106.006
8097.43,106.007
8097.80,106.010
8098.17,106.012
8098.53,106.014
8098.90,106.017
8099.27,106.019
8099.63,106.020
8100.00,106.023
8100.36,106.025
8100.73,106.028
8101.10,106.029
8101.46,106.031
8101.83,106.034
8102.20,106.036
8102.56,106.038
8102.93,106.041
8103.29,106.042
8103.66,106.044
8104.03,106.046
8104.39,106.049
8104.76,106.051
8105.12,106.053
8105.49,106.055
8105.86,106.057
8106.22,106.059
8106.59,106.061
8106.96,106.064
8107.32,106.066
8107.69,106.068
8108.05,106.070
8108.42,106.072
8108.79,106.075
8109.15,106.077
8109.52,106.078
8109.89,106.081
8110.25,106.083
8110.62,106.085
8110.98,106.087
8111.35,106.089
8111.72,106.091
8112.08,106.094
8112.45,106.096
8112.82,106.098
8113.18,106.100
8113.55,106.102
8113.91,106.105
8114.28,106.106
8114.65,106.109
8115.01,106.111
8115.38,106.113
8115.75,106.115
8116.11,106.118
8116.48,106.120
8116.84,106.121
8117.21,106.124
8117.58,106.126
8117.94,106.128
8118.31,106.131
8118.67,106.132
8119.04,106.135
8119.41,106.136
8119.77,106.139
8120.14,106.141
8120.51,106.144
8120.87,106.145
8121.24,106.148
8121.60,106.149
8121.97,106.152
8122.34,106.154
8122.70,106.156
8123.07,106.158
8123.44,106.160
8123.80,106.162
8124.17,106.165
8124.53,106.167
8124.90,106.168
8125.27,106.171
8125.63,106.173
8126.00,106.175
8126.37,106.178
8126.73,106.180
8127.10,106.181
8127.46,106.184
8127.83,106.186
8128.20,106.189
8128.56,106.190
8128.93,106.192
8129.29,106.195
8129.66,106.197
8130.03,106.199
8130.39,106.201
8130.76,106.203
8131.13,106.206
8131.49,106.208
8131.86,106.210
8132.22,106.212
8132.59,106.214
8132.96,106.216
8133.32,106.219
8133.69,106.221
8134.06,106.223
8134.42,106.225
8134.79,106.226
8135.15,106.229
8135.52,106.231
8135.89,106.233
8136.25,106.235
8136.62,106.237
8136.99,106.239
8137.35,106.242
8137.72,106.244
8138.08,106.246
8138.45,106.248
8138.82,106.251
8139.18,106.252
8139.55,106.255
8139.91,106.257
8140.28,106.259
8140.65,106.261
8141.01,106.263
8141.38,106.266
8141.75,106.268
8142.11,106.269
8142.48,106.272
8142.84,106.274
8143.21,106.276
8143.58,106.279
8143.94,106.280
8144.31,106.282
8144.68,106.285
8145.04,106.287
8145.41,106.289
8145.77,106.291
8146.14,106.293
8146.51,106.296
8146.87,106.297
8147.24,106.300
8147.61,106.302
8147.97,106.304
8148.34,106.306
8148.70,106.308
8149.07,106.311
8149.44,106.313
8149.80,106.315
8150.17,106.317
8150.54,106.319
8150.90,106.322
8151.27,106.323
8151.63,106.326
8152.00,106.328
8152.37,106.330
8152.73,106.332
8153.10,106.334
8153.46,106.336
8153.83,106.338
8154.20,106.340
8154.56,106.343
8154.93,106.345
8155.30,106.346
8155.66,106.349
8156.03,106.351
8156.39,106.353
8156.76,106.356
8157.13,106.357
8157.49,106.359
8157.86,106.362
8158.23,106.364
8158.59,106.367
8158.96,106.368
8159.32,106.370
8159.69,106.373
8160.06,106.375
8160.42,106.377
8160.79,106.379
8161.16,106.381
8161.52,106.383
8161.89,106.386
8162.25,106.388
8162.62,106.389
8162.99,106.392
8163.35,106.394
8163.72,106.396
8164.08,106.399
8164.45,106.400
8164.82,106.403
8165.18,106.404
8165.55,106.407
8165.92,106.409
8166.28,106.411
8166.65,106.413
8167.01,106.416
8167.38,106.417
8167.75,106.419
8168.11,106.421
8168.48,106.424
8168.85,106.426
8169.21,106.428
8169.58,106.430
8169.94,106.432
8170.31,106.434
8170.68,106.436
8171.04,106.439
8171.41,106.441
8171.78,106.443
8172.14,106.445
8172.51,106.447
8172.87,106.450
8173.24,106.451
8173.61,106.453
8173.97,106.456
8174.34,106.458
8174.71,106.460
8175.07,106.462
8175.44,106.464
8175.80,106.466
8176.17,106.469
8176.54,106.471
8176.90,106.472
8177.27,106.475
8177.63,106.477
8178.00,106.480
8178.37,106.481
8178.73,106.483
8179.10,106.486
8179.47,106.487
8179.83,106.490
8180.20,106.492
8180.56,106.494
8180.93,106.496
8181.30,106.499
8181.66,106.500
8182.03,106.502
8182.40,106.505
8182.76,106.507
8183.13,106.509
8183.49,106.511
8183.86,106.513
8184.23,106.515
8184.59,106.517
8184.96,106.519
8185.33,106.522
8185.69,106.523
8186.06,106.526
8186.42,106.528
8186.79,106.530
8187.16,106.532
8187.52,106.534
8187.89,106.537
8188.25,106.538
8188.62,106.541
8188.99,106.542
8189.35,106.545
8189.72,106.547
8190.09,106.549
8190.45,106.551
8190.82,106.553
8191.18,106.555
8191.55,106.557
8191.92,106.559
8192.28,106.561
8192.65,106.564
8193.02,106.566
8193.38,106.568
8193.75,106.570
8194.11,106.573
8194.48,106.574
8194.85,106.576
8195.21,106.578
8195.58,106.581
8195.95,106.583
8196.31,106.584
8196.68,106.587
8197.04,106.589
8197.41,106.591
8197.78,106.593
8198.14,106.595
8198.51,106.597
8198.87,106.600
8199.24,106.602
8199.61,106.603
8199.97,106.606
8200.34,106.608
8200.71,106.610
8201.07,106.612
8201.44,106.614
8201.80,106.617
8202.17,106.618
8202.54,106.620
8202.90,106.623
8203.27,106.625
8203.64,106.626
8204.00,106.629
8204.37,106.631
8204.73,106.633
8205.10,106.635
8205.47,106.637
8205.83,106.639
8206.20,106.642
8206.57,106.644
8206.93,106.645
8207.30,106.647
8207.66,106.650
8208.03,106.651
8208.40,106.654
8208.76,106.656
8209.13,106.659
8209.50,106.660
8209.86,106.662
8210.23,106.665
8210.59,106.666
8210.96,106.668
8211.33,106.671
8211.69,106.673
8212.06,106.674
8212.42,106.677
8212.79,106.679
8213.16,106.681
8213.52,106.683
8213.89,106.685
8214.26,106.688
8214.62,106.690
8214.99,106.691
8215.35,106.694
8215.72,106.696
8216.09,106.698
8216.45,106.700
8216.82,106.701
8217.19,106.704
8217.55,106.706
8217.92,106.708
8218.28,106.710
8218.65,106.713
8219.02,106.714
8219.38,106.716
8219.75,106.719
8220.12,106.720
8220.48,106.722
8220.85,106.725
8221.21,106.727
8221.58,106.728
8221.95,106.731
8222.31,106.733
8222.68,106.735
8223.04,106.737
8223.41,106.739
8223.78,106.741
8224.14,106.743
8224.51,106.745
8224.88,106.748
8225.24,106.749
8225.61,106.751
8225.97,106.754
8226.34,106.755
8226.71,106.757
8227.07,106.760
8227.44,106.762
8227.81,106.763
8228.17,106.766
8228.54,106.768
8228.90,106.770
8229.27,106.772
8229.64,106.774
8230.00,106.776
8230.37,106.778
8230.74,106.780
8231.10,106.782
8231.47,106.784
8231.83,106.786
8232.20,106.788
8232.57,106.790
8232.93,106.792
8233.30,106.794
8233.66,106.797
8234.03,106.798
8234.40,106.800
8234.76,106.803
8235.13,106.805
8235.50,106.806
8235.86,106.808
8236.23,106.811
8236.59,106.812
8236.96,106.815
8237.33,106.817
8237.69,106.819
8238.06,106.821
8238.43,106.823
8238.79,106.825
8239.16,106.827
8239.52,106.829
8239.89,106.831
8240.26,106.833
8240.62,106.835
8240.99,106.837
8241.36,106.839
8241.72,106.841
8242.09,106.843
8242.45,106.845
8242.82,106.847
8243.19,106.849
8243.55,106.851
8243.92,106.853
8244.29,106.855
8244.65,106.857
8245.02,106.859
8245.38,106.861
8245.75,106.863
8246.12,106.865
8246.48,106.867
8246.85,106.870
8247.21,106.871
8247.58,106.873
8247.95,106.876
8248.31,106.877
8248.68,106.879
8249.05,106.881
8249.41,106.883
8249.78,106.885
8250.14,106.888
8250.51,106.889
8250.88,106.892
8251.24,106.894
8251.61,106.895
8251.98,106.898
8252.34,106.899
8252.71,106.901
8253.07,106.904
8253.44,106.906
8253.81,106.907
8254.17,106.910
8254.54,106.912
8254.91,106.913
8255.27,106.916
8255.64,106.917
8256.00,106.919
8256.37,106.922
8256.74,106.924
8257.10,106.925
8257.47,106.928
8257.83,106.930
8258.20,106.931
8258.57,106.934
8258.93,106.935
8259.30,106.937
8259.67,106.940
8260.03,106.941
8260.40,106.943
8260.76,106.945
8261.13,106.947
8261.50,106.949
8261.86,106.951
8262.23,106.953
8262.60,106.955
8262.96,106.957
8263.33,106.959
8263.69,106.961
8264.06,106.963
8264.43,106.965
8264.79,106.966
8265.16,106.969
8265.53,106.971
8265.89,106.972
8266.26,106.975
8266.62,106.977
8266.99,106.978
8267.36,106.981
8267.72,106.982
8268.09,106.984
8268.46,106.987
8268.82,106.989
8269.19,106.990
8269.55,106.992
8269.92,106.995
8270.29,106.996
8270.65,106.998
8271.02,107.000
8271.38,107.002
8271.75,107.004
8272.12,107.007
8272.48,107.008
8272.85,107.010
8273.22,107.011
8273.58,107.014
8273.95,107.016
8274.31,107.018
8274.68,107.020
8275.05,107.022
8275.41,107.023
8275.78,107.025
8276.15,107.028
8276.51,107.029
8276.88,107.031
8277.24,107.034
8277.61,107.035
8277.98,107.037
8278.34,107.039
8278.71,107.041
8279.08,107.043
8279.44,107.044
8279.81,107.047
8280.17,107.048
8280.54,107.050
8280.91,107.052
8281.27,107.055
8281.64,107.056
8282.00,107.058
8282.37,107.060
8282.74,107.062
8283.10,107.064
8283.47,107.066
8283.84,107.068
8284.20,107.070
8284.57,107.072
8284.93,107.073
8285.30,107.076
8285.67,107.078
8286.03,107.079
8286.40,107.081
8286.77,107.083
8287.13,107.085
8287.50,107.087
8287.86,107.088
8288.23,107.090
8288.60,107.093
8288.96,107.094
8289.33,107.096
8289.70,107.099
8290.06,107.100
8290.43,107.102
8290.79,107.103
8291.16,107.106
8291.53,107.108
8291.89,107.109
8292.26,107.111
8292.62,107.113
8292.99,107.115
8293.36,107.117
8293.72,107.118
8294.09,107.121
8294.46,107.123
8294.82,107.124
8295.19,107.126
8295.55,107.129
8295.92,107.131
8296.29,107.132
8296.65,107.134
8297.02,107.136
8297.39,107.138
8297.75,107.139
8298.12,107.142
8298.48,107.143
8298.85,107.145
8299.22,107.147
8299.58,107.149
8299.95,107.150
8300.32,107.153
8300.68,107.154
8301.05,107.156
8301.41,107.158
8301.78,107.160
8302.15,107.161
8302.51,107.164
8302.88,107.165
8303.25,107.168
8303.61,107.169
8303.98,107.171
8304.34,107.173
8304.71,107.175
8305.08,107.177
8305.44,107.178
8305.81,107.180
8306.17,107.182
8306.54,107.184
8306.91,107.185
8307.27,107.188
8307.64,107.189
8308.01,107.191
8308.37,107.193
8308.74,107.195
8309.10,107.197
8309.47,107.198
8309.84,107.201
8310.20,107.203
8310.57,107.204
8310.94,107.206
8311.30,107.208
8311.67,107.209
8312.03,107.212
8312.40,107.213
8312.77,107.215
8313.13,107.216
8313.50,107.219
8313.87,107.220
8314.23,107.222
8314.60,107.224
8314.96,107.225
8315.33,107.228
8315.70,107.229
8316.06,107.231
8316.43,107.233
8316.79,107.235
8317.16,107.237
8317.53,107.239
8317.89,107.240
8318.26,107.242
8318.63,107.243
8318.99,107.245
8319.36,107.248
8319.72,107.249
8320.09,107.250
8320.46,107.252
8320.82,107.254
8321.19,107.256
8321.56,107.258
8321.92,107.260
8322.29,107.261
8322.65,107.263
8323.02,107.265
8323.39,107.267
8323.75,107.268
8324.12,107.270
8324.49,107.272
8324.85,107.274
8325.22,107.275
8325.58,107.278
8325.95,107.279
8326.32,107.280
8326.68,107.282
8327.05,107.284
8327.42,107.286
8327.78,107.288
8328.15,107.290
8328.51,107.291
8328.88,107.293
8329.25,107.295
8329.61,107.297
8329.98,107.298
8330.34,107.300
8330.71,107.302
8331.08,107.303
8331.44,107.305
8331.81,107.307
8332.18,107.309
8332.54,107.310
8332.91,107.312
8333.27,107.314
8333.64,107.316
8334.01,107.317
8334.37,107.319
8334.74,107.321
8335.11,107.322
8335.47,107.325
8335.84,107.326
8336.20,107.328
8336.57,107.329
8336.94,107.331
8337.30,107.333
8337.67,107.334
8338.04,107.336
8338.40,107.338
8338.77,107.340
8339.13,107.341
8339.50,107.343
8339.87,107.344
8340.23,107.346
8340.60,107.348
8340.96,107.350
8341.33,107.352
8341.70,107.353
8342.06,107.355
8342.43,107.356
8342.80,107.359
8343.16,107.360
8343.53,107.362
8343.89,107.363
8344.26,107.365
8344.63,107.367
8344.99,107.368
8345.36,107.370
8345.73,107.371
8346.09,107.373
8346.46,107.375
8346.82,107.376
8347.19,107.378
8347.56,107.380
8347.92,107.382
8348.29,107.383
8348.66,107.385
8349.02,107.386
8349.39,107.388
8349.75,107.389
8350.12,107.392
8350.49,107.393
8350.85,107.394
8351.22,107.397
8351.58,107.398
8351.95,107.400
8352.32,107.401
8352.68,107.403
8353.05,107.404
8353.42,107.406
8353.78,107.407
8354.15,107.410
8354.51,107.411
8354.88,107.412
8355.25,107.415
8355.61,107.416
8355.98,107.417
8356.35,107.419
8356.71,107.421
8357.08,107.422
8357.44,107.424
8357.81,107.425
8358.18,107.427
8358.54,107.429
8358.91,107.430
8359.28,107.432
8359.64,107.434
8360.01,107.435
8360.37,107.437
8360.74,107.439
8361.11,107.441
8361.47,107.442
8361.84,107.444
8362.21,107.445
8362.57,107.447
8362.94,107.448
8363.30,107.450
8363.67,107.451
8364.04,107.453
8364.40,107.454
8364.77,107.456
8365.13,107.458
8365.50,107.459
8365.87,107.460
8366.23,107.463
8366.60,107.464
8366.97,107.465
8367.33,107.467
8367.70,107.469
8368.06,107.470
8368.43,107.472
8368.80,107.474
8369.16,107.475
8369.53,107.476
8369.90,107.478
8370.26,107.480
8370.63,107.481
8370.99,107.482
8371.36,107.484
8371.73,107.486
8372.09,107.487
8372.46,107.489
8372.83,107.490
8373.19,107.492
8373.56,107.493
8373.92,107.495
8374.29,107.496
8374.66,107.498
8375.02,107.499
8375.39,107.501
8375.75,107.502
8376.12,107.505
8376.49,107.506
8376.85,107.507
8377.22,107.508
8377.59,107.510
8377.95,107.511
8378.32,107.513
8378.68,107.515
8379.05,107.517
8379.42,107.517
8379.78,107.519
8380.15,107.520
8380.52,107.522
8380.88,107.524
8381.25,107.525
8381.61,107.527
8381.98,107.528
8382.35,107.529
8382.71,107.531
8383.08,107.532
8383.45,107.534
8383.81,107.536
8384.18,107.537
8384.54,107.538
8384.91,107.540
8385.28,107.541
8385.64,107.543
8386.01,107.544
8386.37,107.546
8386.74,107.547
8387.11,107.549
8387.47,107.550
8387.84,107.552
8388.21,107.553
8388.57,107.555
8388.94,107.556
8389.30,107.558
8389.67,107.559
8390.04,107.561
8390.40,107.562
8390.77,107.563
8391.14,107.565
8391.50,107.566
8391.87,107.568
8392.23,107.570
8392.60,107.571
8392.97,107.572
8393.33,107.573
8393.70,107.575
8394.07,107.576
8394.43,107.578
8394.80,107.579
8395.16,107.581
8395.53,107.582
8395.90,107.583
8396.26,107.584
8396.63,107.586
8397.00,107.588
8397.36,107.589
8397.73,107.590
8398.09,107.592
8398.46,107.594
8398.83,107.595
8399.19,107.596
8399.56,107.597
8399.92,107.599
8400.29,107.600
8400.66,107.602
8401.02,107.603
8401.39,107.605
8401.76,107.606
8402.12,107.607
8402.49,107.608
8402.85,107.610
8403.22,107.611
8403.59,107.612
8403.95,107.614
8404.32,107.615
8404.69,107.617
8405.05,107.618
8405.42,107.620
8405.78,107.620
8406.15,107.622
8406.52,107.624
8406.88,107.625
8407.25,107.626
8407.62,107.627
8407.98,107.629
8408.35,107.630
8408.71,107.632
8409.08,107.633
8409.45,107.635
8409.81,107.636
8410.18,107.637
8410.54,107.638
8410.91,107.639
8411.28,107.641
8411.64,107.642
8412.01,107.644
8412.38,107.645
8412.74,107.647
8413.11,107.648
8413.47,107.649
8413.84,107.650
8414.21,107.651
8414.57,107.653
8414.94,107.654
8415.31,107.655
8415.67,107.656
8416.04,107.658
8416.40,107.659
8416.77,107.661
8417.14,107.662
8417.50,107.663
8417.87,107.665
8418.24,107.666
8418.60,107.667
8418.97,107.668
8419.33,107.669
8419.70,107.671
8420.07,107.672
8420.43,107.673
8420.80,107.674
8421.17,107.676
8421.53,107.677
8421.90,107.678
8422.26,107.679
8422.63,107.681
8423.00,107.683
8423.36,107.684
8423.73,107.684
8424.09,107.686
8424.46,107.687
8424.83,107.689
8425.19,107.690
8425.56,107.691
8425.93,107.692
8426.29,107.694
8426.66,107.695
8427.02,107.695
8427.39,107.697
8427.76,107.698
8428.12,107.700
8428.49,107.701
8428.86,107.702
8429.22,107.703
8429.59,107.704
8429.95,107.706
8430.32,107.707
8430.69,107.708
8431.05,107.709
8431.42,107.710
8431.79,107.712
8432.15,107.713
8432.52,107.714
8432.88,107.715
8433.25,107.716
8433.62,107.718
8433.98,107.719
8434.35,107.720
8434.71,107.721
8435.08,107.722
8435.45,107.724
8435.81,107.725
8436.18,107.726
8436.55,107.727
8436.91,107.728
8437.28,107.730
8437.64,107.731
8438.01,107.732
8438.38,107.733
8438.74,107.734
8439.11,107.735
8439.48,107.737
8439.84,107.737
8440.21,107.739
8440.57,107.739
8440.94,107.741
8441.31,107.742
8441.67,107.744
8442.04,107.744
8442.41,107.745
8442.77,107.746
8443.14,107.748
8443.50,107.749
8443.87,107.750
8444.24,107.751
8444.60,107.752
8444.97,107.754
8445.33,107.755
8445.70,107.755
8446.07,107.757
8446.43,107.758
8446.80,107.758
8447.17,107.760
8447.53,107.761
8447.90,107.762
8448.26,107.763
8448.63,107.764
8449.00,107.766
8449.36,107.766
8449.73,107.767
8450.10,107.768
8450.46,107.770
8450.83,107.771
8451.19,107.772
8451.56,107.773
8451.93,107.774
8452.29,107.775
8452.66,107.776
8453.03,107.778
8453.39,107.779
8453.76,107.779
8454.12,107.780
8454.49,107.781
8454.86,107.782
8455.22,107.784
8455.59,107.785
8455.96,107.786
8456.32,107.786
8456.69,107.788
8457.05,107.789
8457.42,107.790
8457.79,107.791
8458.15,107.792
8458.52,107.793
8458.88,107.794
8459.25,107.795
8459.62,107.796
8459.98,107.797
8460.35,107.798
8460.72,107.799
8461.08,107.800
8461.45,107.802
8461.81,107.802
8462.18,107.803
8462.55,107.804
8462.91,107.805
8463.28,107.806
8463.65,107.808
8464.01,107.808
8464.38,107.809
8464.74,107.811
8465.11,107.811
8465.48,107.812
8465.84,107.814
8466.21,107.814
8466.58,107.815
8466.94,107.816
8467.31,107.817
8467.67,107.818
8468.04,107.819
8468.41,107.820
8468.77,107.821
8469.14,107.822
8469.50,107.823
8469.87,107.823
8470.24,107.825
8470.60,107.826
8470.97,107.826
8471.34,107.828
8471.70,107.828
8472.07,107.829
8472.43,107.831
8472.80,107.831
8473.17,107.833
8473.53,107.833
8473.90,107.834
8474.27,107.835
8474.63,107.836
8475.00,107.837
8475.36,107.838
8475.73,107.839
8476.10,107.840
8476.46,107.840
8476.83,107.841
8477.20,107.842
8477.56,107.844
8477.93,107.844
8478.29,107.845
8478.66,107.846
8479.03,107.847
8479.39,107.847
8479.76,107.849
8480.12,107.850
8480.49,107.850
8480.86,107.852
8481.22,107.852
8481.59,107.853
8481.96,107.853
8482.32,107.855
8482.69,107.856
8483.05,107.856
8483.42,107.857
8483.79,107.858
8484.15,107.858
8484.52,107.860
8484.89,107.861
8485.25,107.862
8485.62,107.862
8485.98,107.863
8486.35,107.864
8486.72,107.865
8487.08,107.865
8487.45,107.867
8487.82,107.867
8488.18,107.868
8488.55,107.869
8488.91,107.870
8489.28,107.870
8489.65,107.871
8490.01,107.872
8490.38,107.873
8490.75,107.874
8491.11,107.875
8491.48,107.875
8491.84,107.876
8492.21,107.877
8492.58,107.878
8492.94,107.879
8493.31,107.880
8493.67,107.880
8494.04,107.882
8494.41,107.882
8494.77,107.882
8495.14,107.883
8495.51,107.884
8495.87,107.885
8496.24,107.886
8496.60,107.886
8496.97,107.887
8497.34,107.888
8497.70,107.889
8498.07,107.889
8498.44,107.891
8498.80,107.891
8499.17,107.892
8499.53,107.892
8499.90,107.894
8500.27,107.894
8500.63,107.894
8501.00,107.895
8501.37,107.896
8501.73,107.897
8502.10,107.898
8502.46,107.898
8502.83,107.900
8503.20,107.900
8503.56,107.901
8503.93,107.901
8504.29,107.902
8504.66,107.903
8505.03,107.904
8505.39,107.904
8505.76,107.905
8506.13,107.906
8506.49,107.906
8506.86,107.907
8507.22,107.907
8507.59,107.909
8507.96,107.909
8508.32,107.910
8508.69,107.911
8509.06,107.911
8509.42,107.912
8509.79,107.912
8510.15,107.913
8510.52,107.914
8510.89,107.915
8511.25,107.915
8511.62,107.916
8511.99,107.917
8512.35,107.917
8512.72,107.918
8513.08,107.918
8513.45,107.919
8513.82,107.920
8514.18,107.921
8514.55,107.921
8514.92,107.922
8515.28,107.923
8515.65,107.923
8516.01,107.924
8516.38,107.924
8516.75,107.924
8517.11,107.925
8517.48,107.926
8517.84,107.927
8518.21,107.927
8518.58,107.928
8518.94,107.929
8519.31,107.929
8519.68,107.930
8520.04,107.930
8520.41,107.931
8520.77,107.931
8521.14,107.933
8521.51,107.933
8521.87,107.933
8522.24,107.934
8522.61,107.935
8522.97,107.935
8523.34,107.936
8523.70,107.936
8524.07,107.937
8524.44,107.938
8524.80,107.938
8525.17,107.938
8525.54,107.939
8525.90,107.940
8526.27,107.940
8526.63,107.941
8527.00,107.941
8527.37,107.942
8527.73,107.942
8528.10,107.942
8528.46,107.944
8528.83,107.944
8529.20,107.945
8529.56,107.945
8529.93,107.946
8530.30,107.946
8530.66,107.947
8531.03,107.947
8531.39,107.947
8531.76,107.948
8532.13,107.949
8532.49,107.949
8532.86,107.950
8533.23,107.950
8533.59,107.951
8533.96,107.951
8534.32,107.951
8534.69,107.952
8535.06,107.953
8535.42,107.953
8535.79,107.954
8536.16,107.954
8536.52,107.954
8536.89,107.955
8537.25,107.956
8537.62,107.957
8537.99,107.957
8538.35,107.957
8538.72,107.957
8539.08,107.958
8539.45,107.958
8539.82,107.959
8540.18,107.959
8540.55,107.960
8540.92,107.960
8541.28,107.960
8541.65,107.961
8542.01,107.962
8542.38,107.962
8542.75,107.963
8543.11,107.963
8543.48,107.964
8543.85,107.964
8544.21,107.964
8544.58,107.965
8544.94,107.965
8545.31,107.965
8545.68,107.966
8546.04,107.966
8546.41,107.966
8546.78,107.967
8547.14,107.968
8547.51,107.968
8547.87,107.968
8548.24,107.969
8548.61,107.969
8548.97,107.969
8549.34,107.970
8549.71,107.971
8550.07,107.971
8550.44,107.971
8550.80,107.971
8551.17,107.971
8551.54,107.972
8551.90,107.972
8552.27,107.972
8552.63,107.973
8553.00,107.974
8553.37,107.974
8553.73,107.975
8554.10,107.975
8554.47,107.975
8554.83,107.976
8555.20,107.976
8555.56,107.976
8555.93,107.977
8556.30,107.977
8556.66,107.977
8557.03,107.977
8557.40,107.977
8557.76,107.978
8558.13,107.978
8558.49,107.978
8558.86,107.979
8559.23,107.979
8559.59,107.980
8559.96,107.980
8560.33,107.980
8560.69,107.981
8561.06,107.981
8561.42,107.981
8561.79,107.981
8562.16,107.982
8562.52,107.982
8562.89,107.982
8563.25,107.983
8563.62,107.983
8563.99,107.983
8564.35,107.983
8564.72,107.983
8565.09,107.983
8565.45,107.984
8565.82,107.984
8566.18,107.984
8566.55,107.985
8566.92,107.985
8567.28,107.986
8567.65,107.986
8568.02,107.986
8568.38,107.986
8568.75,107.987
8569.11,107.987
8569.48,107.987
8569.85,107.987
8570.21,107.988
8570.58,107.988
8570.95,107.988
8571.31,107.988
8571.68,107.989
8572.04,107.989
8572.41,107.989
8572.78,107.989
8573.14,107.989
8573.51,107.989
8573.87,107.989
8574.24,107.989
8574.61,107.990
8574.97,107.990
8575.34,107.990
8575.71,107.990
8576.07,107.991
8576.44,107.991
8576.80,107.992
8577.17,107.992
8577.54,107.992
8577.90,107.992
8578.27,107.992
8578.64,107.992
8579.00,107.992
8579.37,107.993
8579.73,107.993
8580.10,107.993
8580.47,107.993
8580.83,107.993
8581.20,107.993
8581.57,107.993
8581.93,107.994
8582.30,107.994
8582.66,107.994
8583.03,107.994
8583.40,107.994
8583.76,107.995
8584.13,107.994
8584.50,107.995
8584.86,107.995
8585.23,107.995
8585.59,107.995
8585.96,107.995
8586.33,107.995
8586.69,107.995
8587.06,107.995
8587.42,107.995
8587.79,107.995
8588.16,107.995
8588.52,107.996
8588.89,107.995
8589.26,107.996
8589.62,107.996
8589.99,107.996
8590.35,107.996
8590.72,107.996
8591.09,107.996
8591.45,107.996
8591.82,107.996
8592.19,107.996
8592.55,107.997
8592.92,107.996
8593.28,107.996
8593.65,107.997
8594.02,107.997
8594.38,107.997
8594.75,107.997
8595.12,107.997
8595.48,107.997
8595.85,107.997
8596.21,107.998
8596.58,107.997
8596.95,107.997
8597.31,107.998
8597.68,107.998
8598.04,107.998
8598.41,107.997
8598.78,107.998
8599.14,107.998
8599.51,107.998
8599.88,107.998
8600.24,107.998
8600.61,107.998
8600.97,107.998
8601.34,107.998
8601.71,107.998
8602.07,107.998
8602.44,107.998
8602.81,107.998
8603.17,107.998
8603.54,107.998
8603.90,107.998
8604.27,107.998
8604.64,107.998
8605.00,107.998
8605.37,107.998
8605.74,107.997
8606.10,107.998
8606.47,107.998
8606.83,107.997
8607.20,107.997
8607.57,107.998
8607.93,107.998
8608.30,107.997
8608.67,107.997
8609.03,107.997
8609.40,107.997
8609.76,107.997
8610.13,107.997
8610.50,107.996
8610.86,107.996
8611.23,107.996
8611.59,107.997
8611.96,107.996
8612.33,107.996
8612.69,107.996
8613.06,107.996
8613.43,107.996
8613.79,107.996
8614.16,107.996
8614.52,107.996
8614.89,107.996
8615.26,107.995
8615.62,107.995
8615.99,107.995
8616.36,107.995
8616.72,107.995
8617.09,107.995
8617.45,107.995
8617.82,107.995
8618.19,107.995
8618.55,107.995
8618.92,107.995
8619.29,107.994
8619.65,107.994
8620.02,107.994
8620.38,107.994
8620.75,107.994
8621.12,107.994
8621.48,107.993
8621.85,107.993
8622.21,107.993
8622.58,107.993
8622.95,107.993
8623.31,107.993
8623.68,107.993
8624.05,107.993
8624.41,107.993
8624.78,107.993
8625.14,107.992
8625.51,107.992
8625.88,107.992
8626.24,107.992
8626.61,107.992
8626.98,107.991
8627.34,107.991
8627.71,107.991
8628.07,107.990
8628.44,107.990
8628.81,107.990
8629.17,107.990
8629.54,107.989
8629.91,107.989
8630.27,107.989
8630.64,107.989
8631.00,107.989
8631.37,107.989
8631.74,107.989
8632.10,107.988
8632.47,107.988
8632.83,107.988
8633.20,107.987
8633.57,107.987
8633.93,107.987
8634.30,107.987
8634.67,107.987
8635.03,107.987
8635.40,107.986
8635.76,107.986
8636.13,107.986
8636.50,107.986
8636.86,107.986
8637.23,107.985
8637.60,107.985
8637.96,107.984
8638.33,107.984
8638.69,107.984
8639.06,107.984
8639.43,107.983
8639.79,107.983
8640.16,107.983
8640.53,107.983
8640.89,107.983
8641.26,107.983
8641.62,107.982
8641.99,107.981
8642.36,107.981
8642.72,107.981
8643.09,107.981
8643.46,107.981
8643.82,107.980
8644.19,107.980
8644.55,107.980
8644.92,107.980
8645.29,107.979
8645.65,107.979
8646.02,107.978
8646.38,107.978
8646.75,107.977
8647.12,107.977
8647.48,107.977
8647.85,107.977
8648.22,107.977
8648.58,107.976
8648.95,107.975
8649.31,107.975
8649.68,107.975
8650.05,107.975
8650.41,107.975
8650.78,107.974
8651.15,107.974
8651.51,107.973
8651.88,107.972
8652.24,107.972
8652.61,107.972
8652.98,107.972
8653.34,107.971
8653.71,107.971
8654.08,107.971
8654.44,107.970
8654.81,107.970
8655.17,107.970
8655.54,107.970
8655.91,107.969
8656.27,107.969
8656.64,107.968
8657.00,107.968
8657.37,107.968
8657.74,107.966
8658.10,107.966
8658.47,107.966
8658.84,107.966
8659.20,107.966
8659.57,107.965
8659.93,107.965
8660.30,107.964
8660.67,107.964
8661.03,107.963
8661.40,107.963
8661.77,107.963
8662.13,107.962
8662.50,107.961
8662.86,107.961
8663.23,107.960
8663.60,107.960
8663.96,107.959
8664.33,107.959
8664.70,107.959
8665.06,107.959
8665.43,107.957
8665.79,107.957
8666.16,107.957
8666.53,107.957
8666.89,107.956
8667.26,107.956
8667.62,107.955
8667.99,107.954
8668.36,107.954
8668.72,107.953
8669.09,107.953
8669.46,107.953
8669.82,107.952
8670.19,107.952
8670.55,107.951
8670.92,107.951
8671.29,107.951
8671.65,107.950
8672.02,107.949
8672.39,107.949
8672.75,107.948
8673.12,107.947
8673.48,107.947
8673.85,107.947
8674.22,107.946
8674.58,107.946
8674.95,107.945
8675.32,107.945
8675.68,107.945
8676.05,107.944
8676.41,107.943
8676.78,107.943
8677.15,107.942
8677.51,107.942
8677.88,107.941
8678.25,107.941
8678.61,107.940
8678.98,107.940
8679.34,107.939
8679.71,107.939
8680.08,107.938
8680.44,107.937
8680.81,107.937
8681.17,107.936
8681.54,107.935
8681.91,107.935
8682.27,107.934
8682.64,107.934
8683.01,107.933
8683.37,107.933
8683.74,107.932
8684.10,107.931
8684.47,107.931
8684.84,107.930
8685.20,107.930
8685.57,107.929
8685.94,107.928
8686.30,107.928
8686.67,107.928
8687.03,107.927
8687.40,107.926
8687.77,107.926
8688.13,107.925
8688.50,107.924
8688.87,107.923
8689.23,107.923
8689.60,107.923
8689.96,107.922
8690.33,107.922
8690.70,107.921
8691.06,107.921
8691.43,107.919
8691.79,107.919
8692.16,107.918
8692.53,107.917
8692.89,107.917
8693.26,107.917
8693.63,107.916
8693.99,107.915
8694.36,107.915
8694.72,107.914
8695.09,107.913
8695.46,107.912
8695.82,107.912
8696.19,107.912
8696.56,107.910
8696.92,107.910
8697.29,107.909
8697.65,107.909
8698.02,107.907
8698.39,107.907
8698.75,107.906
8699.12,107.906
8699.49,107.905
8699.85,107.905
8700.22,107.904
8700.58,107.904
8700.95,107.903
8701.32,107.901
8701.68,107.901
8702.05,107.900
8702.42,107.900
8702.78,107.899
8703.15,107.898
8703.51,107.898
8703.88,107.897
8704.25,107.896
8704.61,107.895
8704.98,107.895
8705.34,107.894
8705.71,107.894
8706.08,107.892
8706.44,107.892
8706.81,107.891
8707.18,107.890
8707.54,107.890
8707.91,107.889
8708.27,107.888
8708.64,107.887
8709.01,107.887
8709.37,107.886
8709.74,107.885
8710.11,107.885
8710.47,107.884
8710.84,107.883
8711.20,107.882
8711.57,107.882
8711.94,107.880
8712.30,107.880
8712.67,107.879
8713.04,107.879
8713.40,107.877
8713.77,107.877
8714.13,107.876
8714.50,107.876
8714.87,107.874
8715.23,107.874
8715.60,107.873
8715.96,107.872
8716.33,107.871
8716.70,107.870
8717.06,107.869
8717.43,107.869
8717.80,107.869
8718.16,107.868
8718.53,107.867
8718.89,107.866
8719.26,107.865
8719.63,107.864
8719.99,107.864
8720.36,107.862
8720.73,107.862
8721.09,107.861
8721.46,107.860
8721.82,107.859
8722.19,107.858
8722.56,107.858
8722.92,107.858
8723.29,107.856
8723.66,107.856
8724.02,107.855
8724.39,107.854
8724.75,107.853
8725.12,107.852
8725.49,107.851
8725.85,107.851
8726.22,107.850
8726.58,107.849
8726.95,107.848
8727.32,107.847
8727.68,107.846
8728.05,107.845
8728.42,107.844
8728.78,107.844
8729.15,107.843
8729.51,107.841
8729.88,107.841
8730.25,107.840
8730.61,107.839
8730.98,107.838
8731.35,107.838
8731.71,107.837
8732.08,107.835
8732.44,107.834
8732.81,107.834
8733.18,107.833
8733.54,107.832
8733.91,107.831
8734.28,107.830
8734.64,107.829
8735.01,107.828
8735.37,107.827
8735.74,107.827
8736.11,107.826
8736.47,107.825
8736.84,107.824
8737.21,107.823
8737.57,107.822
8737.94,107.821
8738.30,107.820
8738.67,107.820
8739.04,107.819
8739.40,107.817
8739.77,107.816
8740.13,107.816
8740.50,107.815
8740.87,107.814
8741.23,107.813
8741.60,107.812
8741.97,107.811
8742.33,107.810
8742.70,107.809
8743.06,107.809
8743.43,107.808
8743.80,107.806
8744.16,107.805
8744.53,107.805
8744.90,107.803
8745.26,107.803
8745.63,107.802
8745.99,107.801
8746.36,107.800
8746.73,107.798
8747.09,107.798
8747.46,107.797
8747.83,107.796
8748.19,107.795
8748.56,107.794
8748.92,107.793
8749.29,107.792
8749.66,107.791
8750.02,107.790
8750.39,107.789
8750.75,107.788
8751.12,107.787
8751.49,107.787
8751.85,107.785
8752.22,107.784
8752.59,107.783
8752.95,107.782
8753.32,107.781
8753.68,107.780
8754.05,107.779
8754.42,107.778
8754.78,107.777
8755.15,107.776
8755.52,107.775
8755.88,107.775
8756.25,107.773
8756.61,107.772
8756.98,107.771
8757.35,107.770
8757.71,107.769
8758.08,107.768
8758.45,107.767
8758.81,107.766
8759.18,107.765
8759.54,107.764
8759.91,107.762
8760.28,107.762
8760.64,107.761
8761.01,107.760
8761.38,107.758
8761.74,107.757
8762.11,107.756
8762.47,107.756
8762.84,107.754
8763.21,107.753
8763.57,107.752
8763.94,107.751
8764.30,107.750
8764.67,107.749
8765.04,107.748
8765.40,107.747
8765.77,107.745
8766.14,107.745
8766.50,107.743
8766.87,107.743
8767.23,107.742
8767.60,107.740
8767.97,107.739
8768.33,107.738
8768.70,107.737
8769.07,107.736
8769.43,107.735
8769.80,107.734
8770.16,107.733
8770.53,107.731
8770.90,107.731
8771.26,107.730
8771.63,107.728
8772.00,107.727
8772.36,107.727
8772.73,107.725
8773.09,107.724
8773.46,107.723
8773.83,107.722
8774.19,107.721
8774.56,107.720
8774.92,107.719
8775.29,107.718
8775.66,107.716
8776.02,107.715
8776.39,107.714
8776.76,107.713
8777.12,107.712
8777.49,107.710
8777.85,107.709
8778.22,107.708
8778.59,107.708
8778.95,107.706
8779.32,107.705
8779.69,107.704
8780.05,107.703
8780.42,107.702
8780.78,107.700
8781.15,107.699
8781.52,107.698
8781.88,107.697
8782.25,107.696
8782.62,107.695
8782.98,107.694
8783.35,107.692
8783.71,107.692
8784.08,107.690
8784.45,107.689
8784.81,107.688
8785.18,107.686
8785.54,107.686
8785.91,107.684
8786.28,107.683
8786.64,107.682
8787.01,107.680
8787.38,107.680
8787.74,107.678
8788.11,107.677
8788.47,107.676
8788.84,107.675
8789.21,107.674
8789.57,107.672
8789.94,107.671
8790.31,107.670
8790.67,107.669
8791.04,107.668
8791.40,107.666
8791.77,107.666
8792.14,107.664
8792.50,107.662
8792.87,107.662
8793.24,107.660
8793.60,107.660
8793.97,107.658
8794.33,107.656
8794.70,107.656
8795.07,107.654
8795.43,107.653
8795.80,107.652
8796.17,107.650
8796.53,107.650
8796.90,107.648
8797.26,107.647
8797.63,107.646
8798.00,107.644
8798.36,107.643
8798.73,107.642
8799.09,107.641
8799.46,107.640
8799.83,107.638
8800.19,107.637
8800.56,107.636
8800.93,107.635
8801.29,107.633
8801.66,107.632
8802.02,107.631
8802.39,107.630
8802.76,107.629
8803.12,107.627
8803.49,107.626
8803.86,107.625
8804.22,107.624
8804.59,107.623
8804.95,107.620
8805.32,107.619
8805.69,107.619
8806.05,107.618
8806.42,107.615
8806.79,107.614
8807.15,107.613
8807.52,107.612
8807.88,107.611
8808.25,107.609
8808.62,107.608
8808.98,107.607
8809.35,107.606
8809.71,107.605
8810.08,107.603
8810.45,107.601
8810.81,107.601
8811.18,107.599
8811.55,107.598
8811.91,107.596
8812.28,107.595
8812.64,107.594
8813.01,107.593
8813.38,107.591
8813.74,107.590
8814.11,107.589
8814.48,107.587
8814.84,107.586
8815.21,107.585
8815.57,107.584
8815.94,107.582
8816.31,107.581
8816.67,107.580
8817.04,107.578
8817.41,107.577
8817.77,107.576
8818.14,107.574
8818.50,107.573
8818.87,107.572
8819.24,107.570
8819.60,107.569
8819.97,107.568
8820.33,107.566
8820.70,107.565
8821.07,107.564
8821.43,107.562
8821.80,107.561
8822.17,107.560
8822.53,107.558
8822.90,107.557
8823.26,107.556
8823.63,107.555
8824.00,107.553
8824.36,107.552
8824.73,107.550
8825.10,107.549
8825.46,107.547
8825.83,107.546
8826.19,107.545
8826.56,107.543
8826.93,107.542
8827.29,107.541
8827.66,107.540
8828.03,107.538
8828.39,107.537
8828.76,107.535
8829.12,107.534
8829.49,107.532
8829.86,107.531
8830.22,107.530
8830.59,107.529
8830.96,107.527
8831.32,107.526
8831.69,107.525
8832.05,107.523
8832.42,107.522
8832.79,107.520
8833.15,107.519
8833.52,107.517
8833.88,107.516
8834.25,107.515
8834.62,107.513
8834.98,107.512
8835.35,107.511
8835.72,107.509
8836.08,107.508
8836.45,107.506
8836.81,107.505
8837.18,107.504
8837.55,107.502
8837.91,107.501
8838.28,107.499
8838.65,107.498
8839.01,107.497
8839.38,107.495
8839.74,107.494
8840.11,107.492
8840.48,107.491
8840.84,107.489
8841.21,107.488
8841.58,107.487
8841.94,107.485
8842.31,107.484
8842.67,107.482
8843.04,107.481
8843.41,107.480
8843.77,107.478
8844.14,107.477
8844.50,107.476
8844.87,107.474
8845.24,107.472
8845.60,107.471
8845.97,107.470
8846.34,107.469
8846.70,107.466
8847.07,107.465
8847.43,107.464
8847.80,107.463
8848.17,107.461
8848.53,107.459
8848.90,107.458
8849.27,107.457
8849.63,107.456
8850.00,107.453
8850.36,107.452
8850.73,107.451
8851.10,107.450
8851.46,107.448
8851.83,107.447
8852.20,107.445
8852.56,107.444
8852.93,107.442
8853.29,107.441
8853.66,107.439
8854.03,107.438
8854.39,107.436
8854.76,107.435
8855.13,107.434
8855.49,107.432
8855.86,107.431
8856.22,107.429
8856.59,107.428
8856.96,107.426
8857.32,107.425
8857.69,107.423
8858.05,107.422
8858.42,107.420
8858.79,107.419
8859.15,107.418
8859.52,107.416
8859.89,107.415
8860.25,107.412
8860.62,107.412
8860.98,107.410
8861.35,107.409
8861.72,107.406
8862.08,107.406
8862.45,107.404
8862.82,107.403
8863.18,107.401
8863.55,107.400
8863.91,107.398
8864.28,107.397
8864.65,107.395
8865.01,107.394
8865.38,107.392
8865.75,107.391
8866.11,107.389
8866.48,107.388
8866.84,107.386
8867.21,107.385
8867.58,107.383
8867.94,107.382
8868.31,107.380
8868.67,107.379
8869.04,107.377
8869.41,107.376
8869.77,107.374
8870.14,107.373
8870.51,107.370
8870.87,107.370
8871.24,107.368
8871.60,107.367
8871.97,107.364
8872.34,107.364
8872.70,107.362
8873.07,107.361
8873.44,107.359
8873.80,107.357
8874.17,107.356
8874.53,107.354
8874.90,107.353
8875.27,107.351
8875.63,107.350
8876.00,107.348
8876.37,107.346
8876.73,107.345
8877.10,107.344
8877.46,107.342
8877.83,107.340
8878.20,107.339
8878.56,107.338
8878.93,107.335
8879.29,107.334
8879.66,107.333
8880.03,107.331
8880.39,107.329
8880.76,107.328
8881.13,107.327
8881.49,107.325
8881.86,107.323
8882.22,107.322
8882.59,107.320
8882.96,107.319
8883.32,107.317
8883.69,107.316
8884.06,107.314
8884.42,107.312
8884.79,107.311
8885.15,107.309
8885.52,107.308
8885.89,107.306
8886.25,107.304
8886.62,107.303
8886.99,107.302
8887.35,107.300
8887.72,107.299
8888.08,107.297
8888.45,107.295
8888.82,107.294
8889.18,107.292
8889.55,107.291
8889.92,107.289
8890.28,107.287
8890.65,107.286
8891.01,107.285
8891.38,107.282
8891.75,107.281
8892.11,107.279
8892.48,107.278
8892.84,107.276
8893.21,107.275
8893.58,107.273
8893.94,107.272
8894.31,107.270
8894.68,107.269
8895.04,107.267
8895.41,107.266
8895.77,107.264
8896.14,107.262
8896.51,107.261
8896.87,107.260
8897.24,107.257
8897.61,107.256
8897.97,107.255
8898.34,107.253
8898.70,107.251
8899.07,107.250
8899.44,107.248
8899.80,107.246
8900.17,107.245
8900.54,107.243
8900.90,107.242
8901.27,107.240
8901.63,107.239
8902.00,107.237
8902.37,107.236
8902.73,107.233
8903.10,107.232
8903.46,107.231
8903.83,107.229
8904.20,107.227
8904.56,107.226
8904.93,107.224
8905.30,107.222
8905.66,107.221
8906.03,107.219
8906.39,107.218
8906.76,107.215
8907.13,107.215
8907.49,107.213
8907.86,107.211
8908.23,107.209
8908.59,107.208
8908.96,107.206
8909.32,107.205
8909.69,107.203
8910.06,107.202
8910.42,107.200
8910.79,107.198
8911.16,107.196
8911.52,107.195
8911.89,107.194
8912.25,107.191
8912.62,107.190
8912.99,107.189
8913.35,107.187
8913.72,107.185
8914.08,107.184
8914.45,107.182
8914.82,107.180
8915.18,107.178
8915.55,107.177
8915.92,107.175
8916.28,107.174
8916.65,107.172
8917.01,107.171
8917.38,107.169
8917.75,107.167
8918.11,107.166
8918.48,107.164
8918.85,107.162
8919.21,107.160
8919.58,107.159
8919.94,107.157
8920.31,107.156
8920.68,107.154
8921.04,107.153
8921.41,107.151
8921.78,107.149
8922.14,107.148
8922.51,107.146
8922.87,107.144
8923.24,107.143
8923.61,107.141
8923.97,107.139
8924.34,107.137
8924.71,107.136
8925.07,107.135
8925.44,107.132
8925.80,107.131
8926.17,107.129
8926.54,107.128
8926.90,107.126
8927.27,107.124
8927.63,107.123
8928.00,107.121
8928.37,107.120
8928.73,107.118
8929.10,107.116
8929.47,107.114
8929.83,107.113
8930.20,107.111
8930.56,107.109
8930.93,107.108
8931.30,107.106
8931.66,107.105
8932.03,107.102
8932.40,107.102
8932.76,107.100
8933.13,107.098
8933.49,107.096
8933.86,107.095
8934.23,107.093
8934.59,107.091
8934.96,107.089
8935.33,107.088
8935.69,107.087
8936.06,107.084
8936.42,107.083
8936.79,107.081
8937.16,107.079
8937.52,107.078
8937.89,107.076
8938.25,107.075
8938.62,107.073
8938.99,107.072
8939.35,107.070
8939.72,107.067
8940.09,107.066
8940.45,107.064
8940.82,107.063
8941.18,107.061
8941.55,107.059
8941.92,107.058
8942.28,107.056
8942.65,107.055
8943.02,107.053
8943.38,107.051
8943.75,107.049
8944.11,107.048
8944.48,107.046
8944.85,107.044
8945.21,107.043
8945.58,107.041
8945.95,107.040
8946.31,107.037
8946.68,107.036
8947.04,107.035
8947.41,107.032
8947.78,107.031
8948.14,107.029
8948.51,107.028
8948.88,107.026
8949.24,107.024
8949.61,107.023
8949.97,107.020
8950.34,107.019
8950.71,107.017
8951.07,107.016
8951.44,107.014
8951.80,107.012
8952.17,107.011
8952.54,107.009
8952.90,107.007
8953.27,107.005
8953.64,107.004
8954.00,107.002
8954.37,107.001
8954.73,106.999
8955.10,106.997
8955.47,106.995
8955.83,106.994
8956.20,106.992
8956.57,106.990
8956.93,106.988
8957.30,106.987
8957.66,106.985
8958.03,106.983
8958.40,106.982
8958.76,106.980
8959.13,106.978
8959.50,106.977
8959.86,106.975
8960.23,106.973
8960.59,106.971
8960.96,106.970
8961.33,106.968
8961.69,106.966
8962.06,106.965
8962.42,106.963
8962.79,106.962
8963.16,106.959
8963.52,106.958
8963.89,106.956
8964.26,106.954
8964.62,106.953
8964.99,106.951
8965.35,106.950
8965.72,106.947
8966.09,106.946
8966.45,106.944
8966.82,106.942
8967.19,106.941
8967.55,106.939
8967.92,106.938
8968.28,106.936
8968.65,106.933
8969.02,106.933
8969.38,106.930
8969.75,106.929
8970.12,106.927
8970.48,106.925
8970.85,106.924
8971.21,106.922
8971.58,106.921
8971.95,106.918
8972.31,106.917
8972.68,106.915
8973.04,106.913
8973.41,106.912
8973.78,106.910
8974.14,106.909
8974.51,106.906
8974.88,106.905
8975.24,106.903
8975.61,106.901
8975.97,106.900
8976.34,106.898
8976.71,106.897
8977.07,106.894
8977.44,106.892
8977.81,106.891
8978.17,106.889
8978.54,106.888
8978.90,106.886
8979.27,106.884
8979.64,106.882
8980.00,106.880
8980.37,106.880
8980.74,106.877
8981.10,106.876
8981.47,106.874
8981.83,106.872
8982.20,106.870
8982.57,106.869
8982.93,106.868
8983.30,106.865
8983.67,106.863
8984.03,106.862
8984.40,106.860
8984.76,106.858
8985.13,106.856
8985.50,106.855
8985.86,106.853
8986.23,106.852
8986.59,106.850
8986.96,106.848
8987.33,106.846
8987.69,106.844
8988.06,106.843
8988.43,106.841
8988.79,106.840
8989.16,106.838
8989.52,106.836
8989.89,106.834
8990.26,106.833
8990.62,106.831
8990.99,106.829
8991.36,106.828
8991.72,106.826
8992.09,106.824
8992.45,106.822
8992.82,106.820
8993.19,106.819
8993.55,106.817
8993.92,106.816
8994.29,106.814
8994.65,106.812
8995.02,106.810
8995.38,106.808
8995.75,106.806
8996.12,106.805
8996.48,106.803
8996.85,106.802
8997.21,106.800
8997.58,106.798
8997.95,106.796
8998.31,106.794
8998.68,106.793
8999.05,106.791
8999.41,106.790
8999.78,106.787
9000.14,106.786
9000.51,106.784
9000.88,106.782
9001.24,106.781
9001.61,106.779
9001.98,106.778
9002.34,106.775
9002.71,106.774
9003.07,106.772
9003.44,106.770
9003.81,106.769
9004.17,106.767
9004.54,106.766
9004.91,106.763
9005.27,106.762
9005.64,106.760
9006.00,106.758
9006.37,106.756
9006.74,106.755
9007.10,106.753
9007.47,106.751
9007.83,106.750
9008.20,106.748
9008.57,106.746
9008.93,106.745
9009.30,106.743
9009.67,106.741
9010.03,106.739
9010.40,106.737
9010.76,106.736
9011.13,106.734
9011.50,106.733
9011.86,106.731
9012.23,106.728
9012.60,106.727
9012.96,106.725
9013.33,106.724
9013.69,106.722
9014.06,106.720
9014.43,106.719
9014.79,106.716
9015.16,106.715
9015.53,106.713
9015.89,106.712
9016.26,106.710
9016.62,106.708
9016.99,106.707
9017.36,106.704
9017.72,106.703
9018.09,106.701
9018.46,106.700
9018.82,106.697
9019.19,106.696
9019.55,106.695
9019.92,106.692
9020.29,106.691
9020.65,106.689
9021.02,106.688
9021.38,106.685
9021.75,106.684
9022.12,106.682
9022.48,106.680
9022.85,106.679
9023.22,106.677
9023.58,106.675
9023.95,106.674
9024.31,106.671
9024.68,106.670
9025.05,106.668
9025.41,106.667
9025.78,106.665
9026.15,106.663
9026.51,106.661
9026.88,106.660
9027.24,106.658
9027.61,106.656
9027.98,106.654
9028.34,106.653
9028.71,106.651
9029.08,106.649
9029.44,106.648
9029.81,106.646
9030.17,106.644
9030.54,106.642
9030.91,106.641
9031.27,106.638
9031.64,106.638
9032.00,106.636
9032.37,106.634
9032.74,106.632
9033.10,106.630
9033.47,106.629
9033.84,106.626
9034.20,106.625
9034.57,106.623
9034.93,106.622
9035.30,106.620
9035.67,106.619
9036.03,106.617
9036.40,106.614
9036.77,106.613
9037.13,106.611
9037.50,106.609
9037.86,106.608
9038.23,106.606
9038.60,106.605
9038.96,106.602
9039.33,106.601
9039.70,106.599
9040.06,106.597
9040.43,106.596
9040.79,106.594
9041.16,106.593
9041.53,106.591
9041.89,106.589
9042.26,106.587
9042.63,106.585
9042.99,106.584
9043.36,106.582
9043.72,106.580
9044.09,106.579
9044.46,106.577
9044.82,106.575
9045.19,106.573
9045.55,106.572
9045.92,106.570
9046.29,106.568
9046.65,106.566
9047.02,106.565
9047.39,106.564
9047.75,106.561
9048.12,106.559
9048.48,106.558
9048.85,106.556
9049.22,106.554
9049.58,106.553
9049.95,106.551
9050.32,106.549
9050.68,106.548
9051.05,106.546
9051.41,106.544
9051.78,106.543
9052.15,106.540
9052.51,106.539
9052.88,106.537
9053.25,106.536
9053.61,106.534
9053.98,106.532
9054.34,106.530
9054.71,106.529
9055.08,106.527
9055.44,106.525
9055.81,106.523
9056.17,106.522
9056.54,106.520
9056.91,106.518
9057.27,106.517
9057.64,106.515
9058.01,106.513
9058.37,106.511
9058.74,106.510
9059.10,106.508
9059.47,106.507
9059.84,106.505
9060.20,106.503
9060.57,106.501
9060.94,106.499
9061.30,106.498
9061.67,106.496
9062.03,106.495
9062.40,106.493
9062.77,106.492
9063.13,106.489
9063.50,106.488
9063.87,106.486
9064.23,106.484
9064.60,106.483
9064.96,106.481
9065.33,106.480
9065.70,106.478
9066.06,106.476
9066.43,106.474
9066.79,106.472
9067.16,106.471
9067.53,106.470
9067.89,106.468
9068.26,106.465
9068.63,106.464
9068.99,106.462
9069.36,106.460
9069.72,106.459
9070.09,106.457
9070.46,106.456
9070.82,106.454
9071.19,106.452
9071.56,106.451
9071.92,106.448
9072.29,106.447
9072.65,106.445
9073.02,106.444
9073.39,106.442
9073.75,106.441
9074.12,106.439
9074.49,106.436
9074.85,106.435
9075.22,106.433
9075.58,106.431
9075.95,106.430
9076.32,106.428
9076.68,106.427
9077.05,106.425
9077.42,106.423
9077.78,106.421
9078.15,106.419
9078.51,106.418
9078.88,106.416
9079.25,106.415
9079.61,106.413
9079.98,106.411
9080.34,106.410
9080.71,106.408
9081.08,106.406
9081.44,106.405
9081.81,106.403
9082.18,106.401
9082.54,106.399
9082.91,106.398
9083.27,106.396
9083.64,106.395
9084.01,106.393
9084.37,106.391
9084.74,106.389
9085.11,106.388
9085.47,106.386
9085.84,106.385
9086.20,106.383
9086.57,106.381
9086.94,106.380
9087.30,106.377
9087.67,106.376
9088.04,106.374
9088.40,106.373
9088.77,106.371
9089.13,106.370
9089.50,106.368
9089.87,106.366
9090.23,106.364
9090.60,106.362
9090.96,106.361
9091.33,106.359
9091.70,106.358
9092.06,106.356
9092.43,106.354
9092.80,106.352
9093.16,106.351
9093.53,106.350
9093.89,106.347
9094.26,106.346
9094.63,106.344
9094.99,106.343
9095.36,106.341
9095.73,106.340
9096.09,106.338
9096.46,106.336
9096.82,106.334
9097.19,106.332
9097.56,106.331
9097.92,106.329
9098.29,106.328
9098.66,106.326
9099.02,106.325
9099.39,106.322
9099.75,106.322
9100.12,106.320
9100.49,106.318
9100.85,106.316
9101.22,106.315
9101.58,106.312
9101.95,106.311
9102.32,106.309
9102.68,106.308
9103.05,106.306
9103.42,106.305
9103.78,106.302
9104.15,106.302
9104.51,106.299
9104.88,106.298
9105.25,106.296
9105.61,106.294
9105.98,106.292
9106.35,106.291
9106.71,106.290
9107.08,106.288
9107.44,106.286
9107.81,106.285
9108.18,106.284
9108.54,106.281
9108.91,106.280
9109.28,106.278
9109.64,106.276
9110.01,106.275
9110.37,106.273
9110.74,106.272
9111.11,106.270
9111.47,106.268
9111.84,106.267
9112.21,106.265
9112.57,106.263
9112.94,106.262
9113.30,106.260
9113.67,106.258
9114.04,106.257
9114.40,106.255
9114.77,106.254
9115.13,106.252
9115.50,106.250
9115.87,106.249
9116.23,106.247
9116.60,106.245
9116.97,106.243
9117.33,106.242
9117.70,106.240
9118.06,106.239
9118.43,106.238
9118.80,106.236
9119.16,106.234
9119.53,106.232
9119.90,106.231
9120.26,106.229
9120.63,106.227
9120.99,106.226
9121.36,106.224
9121.73,106.223
9122.09,106.221
9122.46,106.219
9122.83,106.218
9123.19,106.216
9123.56,106.215
9123.92,106.213
9124.29,106.212
9124.66,106.209
9125.02,106.209
9125.39,106.207
9125.75,106.205
9126.12,106.203
9126.49,106.202
9126.85,106.200
9127.22,106.198
9127.59,106.197
9127.95,106.195
9128.32,106.194
9128.68,106.192
9129.05,106.191
9129.42,106.189
9129.78,106.187
9130.15,106.186
9130.52,106.184
9130.88,106.183
9131.25,106.180
9131.61,106.179
9131.98,106.178
9132.35,106.176
9132.71,106.174
9133.08,106.172
9133.45,106.172
9133.81,106.169
9134.18,106.168
9134.54,106.166
9134.91,106.165
9135.28,106.163
9135.64,106.162
9136.01,106.160
9136.38,106.158
9136.74,106.157
9137.11,106.155
9137.47,106.154
9137.84,106.152
9138.21,106.150
9138.57,106.149
9138.94,106.148
9139.30,106.145
9139.67,106.144
9140.04,106.142
9140.40,106.141
9140.77,106.139
9141.14,106.138
9141.50,106.136
9141.87,106.135
9142.23,106.133
9142.60,106.132
9142.97,106.130
9143.33,106.129
9143.70,106.126
9144.07,106.125
9144.43,106.124
9144.80,106.122
9145.16,106.120
9145.53,106.119
9145.90,106.118
9146.26,106.115
9146.63,106.114
9147.00,106.113
9147.36,106.111
9147.73,106.109
9148.09,106.108
9148.46,106.106
9148.83,106.105
9149.19,106.103
9149.56,106.101
9149.92,106.101
9150.29,106.099
9150.66,106.097
9151.02,106.096
9151.39,106.094
9151.76,106.093
9152.12,106.090
9152.49,106.090
9152.85,106.088
9153.22,106.086
9153.59,106.085
9153.95,106.083
9154.32,106.082
9154.69,106.080
9155.05,106.079
9155.42,106.077
9155.78,106.076
9156.15,106.073
9156.52,106.072
9156.88,106.071
9157.25,106.069
9157.62,106.067
9157.98,106.066
9158.35,106.065
9158.71,106.063
9159.08,106.061
9159.45,106.060
9159.81,106.058
9160.18,106.056
9160.54,106.055
9160.91,106.053
9161.28,106.052
9161.64,106.051
9162.01,106.049
9162.38,106.047
9162.74,106.047
9163.11,106.044
9163.47,106.043
9163.84,106.041
9164.21,106.040
9164.57,106.038
9164.94,106.036
9165.31,106.035
9165.67,106.034
9166.04,106.032
9166.40,106.031
9166.77,106.029
9167.14,106.028
9167.50,106.026
9167.87,106.025
9168.24,106.023
9168.60,106.022
9168.97,106.020
9169.33,106.018
9169.70,106.017
9170.07,106.016
9170.43,106.014
9170.80,106.013
9171.17,106.011
9171.53,106.010
9171.90,106.008
9172.26,106.007
9172.63,106.005
9173.00,106.004
9173.36,106.002
9173.73,106.001
9174.09,105.999
9174.46,105.998
9174.83,105.996
9175.19,105.994
9175.56,105.994
9175.93,105.992
9176.29,105.990
9176.66,105.989
9177.02,105.987
9177.39,105.986
9177.76,105.984
9178.12,105.983
9178.49,105.981
9178.86,105.980
9179.22,105.978
9179.59,105.977
9179.95,105.975
9180.32,105.974
9180.69,105.972
9181.05,105.971
9181.42,105.970
9181.79,105.968
9182.15,105.966
9182.52,105.965
9182.88,105.963
9183.25,105.962
9183.62,105.960
9183.98,105.959
9184.35,105.957
9184.71,105.956
9185.08,105.954
9185.45,105.953
9185.81,105.951
9186.18,105.951
9186.55,105.948
9186.91,105.947
9187.28,105.946
9187.64,105.944
9188.01,105.943
9188.38,105.941
9188.74,105.940
9189.11,105.939
9189.48,105.937
9189.84,105.935
9190.21,105.934
9190.57,105.933
9190.94,105.931
9191.31,105.929
9191.67,105.928
9192.04,105.927
9192.41,105.925
9192.77,105.924
9193.14,105.922
9193.50,105.921
9193.87,105.919
9194.24,105.918
9194.60,105.917
9194.97,105.916
9195.33,105.913
9195.70,105.912
9196.07,105.911
9196.43,105.909
9196.80,105.908
9197.17,105.906
9197.53,105.905
9197.90,105.904
9198.26,105.902
9198.63,105.901
9199.00,105.900
9199.36,105.898
9199.73,105.897
9200.10,105.895
9200.46,105.894
9200.83,105.892
9201.19,105.891
9201.56,105.889
9201.93,105.887
9202.29,105.887
9202.66,105.885
9203.03,105.884
9203.39,105.882
9203.76,105.880
9204.12,105.880
9204.49,105.878
9204.86,105.876
9205.22,105.875
9205.59,105.874
9205.96,105.873
9206.32,105.870
9206.69,105.870
9207.05,105.868
9207.42,105.867
9207.79,105.865
9208.15,105.864
9208.52,105.863
9208.88,105.861
9209.25,105.859
9209.62,105.858
9209.98,105.857
9210.35,105.856
9210.72,105.855
9211.08,105.852
9211.45,105.851
9211.81,105.850
9212.18,105.849
9212.55,105.847
9212.91,105.846
9213.28,105.844
9213.65,105.843
9214.01,105.841
9214.38,105.840
9214.74,105.839
9215.11,105.838
9215.48,105.836
9215.84,105.834
9216.21,105.833
9216.58,105.832
9216.94,105.831
9217.31,105.829
9217.67,105.828
9218.04,105.826
9218.41,105.825
9218.77,105.824
9219.14,105.822
9219.50,105.821
9219.87,105.820
9220.24,105.819
9220.60,105.816
9220.97,105.815
9221.34,105.814
9221.70,105.812
9222.07,105.811
9222.43,105.810
9222.80,105.809
9223.17,105.807
9223.53,105.806
9223.90,105.805
9224.27,105.803
9224.63,105.802
9225.00,105.800
9225.36,105.799
9225.73,105.798
9226.10,105.796
9226.46,105.795
9226.83,105.793
9227.20,105.793
9227.56,105.791
9227.93,105.790
9228.29,105.788
9228.66,105.787
9229.03,105.786
9229.39,105.785
9229.76,105.783
9230.13,105.781
9230.49,105.780
9230.86,105.779
9231.22,105.778
9231.59,105.776
9231.96,105.775
9232.32,105.773
9232.69,105.772
9233.05,105.771
9233.42,105.769
9233.79,105.769
9234.15,105.767
9234.52,105.766
9234.89,105.764
9235.25,105.763
9235.62,105.762
9235.98,105.761
9236.35,105.759
9236.72,105.757
9237.08,105.756
9237.45,105.755
9237.82,105.754
9238.18,105.752
9238.55,105.751
9238.91,105.749
9239.28,105.749
9239.65,105.747
9240.01,105.746
9240.38,105.745
9240.75,105.743
9241.11,105.742
9241.48,105.740
9241.84,105.739
9242.21,105.738
9242.58,105.737
9242.94,105.736
9243.31,105.734
9243.67,105.733
9244.04,105.732
9244.41,105.731
9244.77,105.729
9245.14,105.728
9245.51,105.726
9245.87,105.725
9246.24,105.724
9246.60,105.722
9246.97,105.721
9247.34,105.720
9247.70,105.719
9248.07,105.718
9248.44,105.716
9248.80,105.715
9249.17,105.713
9249.53,105.713
9249.90,105.711
9250.27,105.710
9250.63,105.708
9251.00,105.707
9251.37,105.706
9251.73,105.704
9252.10,105.703
9252.46,105.702
9252.83,105.701
9253.20,105.700
9253.56,105.698
9253.93,105.698
9254.29,105.695
9254.66,105.695
9255.03,105.694
9255.39,105.692
9255.76,105.691
9256.13,105.690
9256.49,105.689
9256.86,105.688
9257.22,105.685
9257.59,105.684
9257.96,105.683
9258.32,105.682
9258.69,105.681
9259.06,105.679
9259.42,105.678
9259.79,105.678
9260.15,105.676
9260.52,105.675
9260.89,105.673
9261.25,105.672
9261.62,105.671
9261.99,105.669
9262.35,105.668
9262.72,105.668
9263.08,105.666
9263.45,105.665
9263.82,105.664
9264.18,105.662
9264.55,105.662
9264.92,105.660
9265.28,105.659
9265.65,105.657
9266.01,105.656
9266.38,105.655
9266.75,105.654
9267.11,105.653
9267.48,105.651
9267.84,105.650
9268.21,105.649
9268.58,105.648
9268.94,105.647
9269.31,105.645
9269.68,105.644
9270.04,105.643
9270.41,105.642
9270.77,105.641
9271.14,105.639
9271.51,105.638
9271.87,105.637
9272.24,105.636
9272.61,105.635
9272.97,105.633
9273.34,105.632
9273.70,105.631
9274.07,105.630
9274.44,105.629
9274.80,105.627
9275.17,105.626
9275.54,105.625
9275.90,105.624
9276.27,105.623
9276.63,105.621
9277.00,105.620
9277.37,105.619
9277.73,105.618
9278.10,105.617
9278.46,105.615
9278.83,105.614
9279.20,105.614
9279.56,105.612
9279.93,105.611
9280.30,105.610
9280.66,105.608
9281.03,105.608
9281.39,105.606
9281.76,105.605
9282.13,105.603
9282.49,105.602
9282.86,105.602
9283.23,105.600
9283.59,105.599
9283.96,105.598
9284.32,105.597
9284.69,105.595
9285.06,105.595
9285.42,105.594
9285.79,105.593
9286.16,105.591
9286.52,105.590
9286.89,105.589
9287.25,105.588
9287.62,105.587
9287.99,105.585
9288.35,105.585
9288.72,105.583
9289.09,105.582
9289.45,105.581
9289.82,105.580
9290.18,105.578
9290.55,105.578
9290.92,105.577
9291.28,105.576
9291.65,105.574
9292.01,105.573
9292.38,105.572
9292.75,105.571
9293.11,105.570
9293.48,105.569
9293.85,105.567
9294.21,105.566
9294.58,105.566
9294.94,105.564
9295.31,105.563
9295.68,105.562
9296.04,105.561
9296.41,105.559
9296.78,105.558
9297.14,105.558
9297.51,105.556
9297.87,105.555
9298.24,105.554
9298.61,105.553
9298.97,105.552
9299.34,105.551
9299.71,105.549
9300.07,105.548
9300.44,105.547
9300.80,105.547
9301.17,105.546
9301.54,105.544
9301.90,105.543
9302.27,105.542
9302.63,105.541
9303.00,105.540
9303.37,105.538
9303.73,105.537
9304.10,105.536
9304.47,105.535
9304.83,105.535
9305.20,105.533
9305.56,105.532
9305.93,105.531
9306.30,105.530
9306.66,105.529
9307.03,105.528
9307.40,105.526
9307.76,105.525
9308.13,105.525
9308.49,105.523
9308.86,105.523
9309.23,105.522
9309.59,105.520
9309.96,105.519
9310.33,105.519
9310.69,105.517
9311.06,105.517
9311.42,105.516
9311.79,105.514
9312.16,105.513
9312.52,105.512
9312.89,105.511
9313.25,105.510
9313.62,105.509
9313.99,105.507
9314.35,105.506
9314.72,105.506
9315.09,105.505
9315.45,105.504
9315.82,105.502
9316.18,105.501
9316.55,105.500
9316.92,105.499
9317.28,105.499
9317.65,105.498
9318.02,105.496
9318.38,105.495
9318.75,105.495
9319.11,105.493
9319.48,105.492
9319.85,105.491
9320.21,105.490
9320.58,105.489
9320.95,105.488
9321.31,105.487
9321.68,105.486
9322.04,105.485
9322.41,105.484
9322.78,105.483
9323.14,105.482
9323.51,105.481
9323.88,105.480
9324.24,105.479
9324.61,105.478
9324.97,105.477
9325.34,105.476
9325.71,105.475
9326.07,105.474
9326.44,105.472
9326.80,105.472
9327.17,105.471
9327.54,105.470
9327.90,105.469
9328.27,105.468
9328.64,105.467
9329.00,105.466
9329.37,105.465
9329.73,105.464
9330.10,105.463
9330.47,105.462
9330.83,105.462
9331.20,105.460
9331.57,105.459
9331.93,105.458
9332.30,105.457
9332.66,105.456
9333.03,105.455
9333.40,105.454
9333.76,105.453
9334.13,105.453
9334.50,105.452
9334.86,105.451
9335.23,105.450
9335.59,105.448
9335.96,105.447
9336.33,105.447
9336.69,105.446
9337.06,105.445
9337.42,105.444
9337.79,105.443
9338.16,105.442
9338.52,105.441
9338.89,105.440
9339.26,105.439
9339.62,105.438
9339.99,105.436
9340.35,105.436
9340.72,105.435
9341.09,105.434
9341.45,105.433
9341.82,105.432
9342.19,105.431
9342.55,105.430
9342.92,105.429
9343.28,105.428
9343.65,105.427
9344.02,105.427
9344.38,105.425
9344.75,105.424
9345.12,105.424
9345.48,105.422
9345.85,105.422
9346.21,105.421
9346.58,105.420
9346.95,105.419
9347.31,105.418
9347.68,105.417
9348.04,105.416
9348.41,105.416
9348.78,105.415
9349.14,105.413
9349.51,105.412
9349.88,105.411
9350.24,105.410
9350.61,105.410
9350.97,105.409
9351.34,105.408
9351.71,105.407
9352.07,105.406
9352.44,105.405
9352.81,105.404
9353.17,105.404
9353.54,105.403
9353.90,105.402
9354.27,105.401
9354.64,105.400
9355.00,105.399
9355.37,105.398
9355.74,105.398
9356.10,105.397
9356.47,105.395
9356.83,105.394
9357.20,105.394
9357.57,105.393
9357.93,105.392
9358.30,105.391
9358.67,105.390
9359.03,105.389
9359.40,105.388
9359.76,105.388
9360.13,105.387
9360.50,105.386
9360.86,105.385
9361.23,105.384
9361.59,105.383
9361.96,105.382
9362.33,105.382
9362.69,105.380
9363.06,105.380
9363.43,105.379
9363.79,105.378
9364.16,105.377
9364.52,105.376
9364.89,105.376
9365.26,105.375
9365.62,105.374
9365.99,105.373
9366.36,105.372
9366.72,105.371
9367.09,105.370
9367.45,105.370
9367.82,105.369
9368.19,105.368
9368.55,105.367
9368.92,105.367
9369.29,105.365
9369.65,105.364
9370.02,105.364
9370.38,105.362
9370.75,105.362
9371.12,105.362
9371.48,105.361
9371.85,105.359
9372.21,105.358
9372.58,105.358
9372.95,105.357
9373.31,105.356
9373.68,105.355
9374.05,105.355
9374.41,105.354
9374.78,105.353
9375.14,105.352
9375.51,105.351
9375.88,105.351
9376.24,105.350
9376.61,105.349
9376.98,105.348
9377.34,105.347
9377.71,105.346
9378.07,105.346
9378.44,105.345
9378.81,105.345
9379.17,105.344
9379.54,105.343
9379.91,105.341
9380.27,105.340
9380.64,105.340
9381.00,105.340
9381.37,105.339
9381.74,105.338
9382.10,105.337
9382.47,105.336
9382.84,105.335
9383.20,105.334
9383.57,105.334
9383.93,105.333
9384.30,105.332
9384.67,105.331
9385.03,105.331
9385.40,105.330
9385.76,105.329
9386.13,105.328
9386.50,105.328
9386.86,105.327
9387.23,105.326
9387.60,105.325
9387.96,105.325
9388.33,105.323
9388.69,105.323
9389.06,105.322
9389.43,105.322
9389.79,105.320
9390.16,105.320
9390.53,105.320
9390.89,105.319
9391.26,105.317
9391.62,105.317
9391.99,105.317
9392.36,105.316
9392.72,105.314
9393.09,105.314
9393.46,105.314
9393.82,105.312
9394.19,105.311
9394.55,105.311
9394.92,105.311
9395.29,105.309
9395.65,105.308
9396.02,105.308
9396.38,105.308
9396.75,105.306
9397.12,105.305
9397.48,105.305
9397.85,105.305
9398.22,105.303
9398.58,105.303
9398.95,105.302
9399.31,105.302
9399.68,105.300
9400.05,105.300
9400.41,105.299
9400.78,105.299
9401.15,105.298
9401.51,105.297
9401.88,105.296
9402.24,105.296
9402.61,105.295
9402.98,105.294
9403.34,105.293
9403.71,105.293
9404.08,105.292
9404.44,105.291
9404.81,105.291
9405.17,105.290
9405.54,105.289
9405.91,105.288
9406.27,105.288
9406.64,105.287
9407.00,105.287
9407.37,105.286
9407.74,105.285
9408.10,105.284
9408.47,105.284
9408.84,105.283
9409.20,105.282
9409.57,105.282
9409.93,105.281
9410.30,105.280
9410.67,105.280
9411.03,105.279
9411.40,105.278
9411.77,105.278
9412.13,105.277
9412.50,105.276
9412.86,105.275
9413.23,105.275
9413.60,105.274
9413.96,105.273
9414.33,105.273
9414.70,105.272
9415.06,105.272
9415.43,105.271
9415.79,105.270
9416.16,105.269
9416.53,105.269
9416.89,105.269
9417.26,105.267
9417.63,105.267
9417.99,105.267
9418.36,105.266
9418.72,105.265
9419.09,105.264
9419.46,105.263
9419.82,105.263
9420.19,105.263
9420.55,105.261
9420.92,105.261
9421.29,105.261
9421.65,105.260
9422.02,105.260
9422.39,105.258
9422.75,105.257
9423.12,105.257
9423.48,105.257
9423.85,105.257
9424.22,105.255
9424.58,105.255
9424.95,105.255
9425.32,105.254
9425.68,105.253
9426.05,105.252
9426.41,105.251
9426.78,105.251
9427.15,105.251
9427.51,105.250
9427.88,105.249
9428.25,105.249
9428.61,105.248
9428.98,105.248
9429.34,105.247
9429.71,105.246
9430.08,105.246
9430.44,105.245
9430.81,105.244
9431.17,105.244
9431.54,105.243
9431.91,105.243
9432.27,105.242
9432.64,105.242
9433.01,105.241
9433.37,105.240
9433.74,105.239
9434.10,105.239
9434.47,105.238
9434.84,105.238
9435.20,105.238
9435.57,105.237
9435.94,105.237
9436.30,105.236
9436.67,105.234
9437.03,105.234
9437.40,105.233
9437.77,105.233
9438.13,105.232
9438.50,105.232
9438.87,105.232
9439.23,105.231
9439.60,105.230
9439.96,105.230
9440.33,105.229
9440.70,105.229
9441.06,105.228
9441.43,105.227
9441.79,105.227
9442.16,105.227
9442.53,105.226
9442.89,105.226
9443.26,105.225
9443.63,105.225
9443.99,105.224
9444.36,105.224
9444.72,105.222
9445.09,105.222
9445.46,105.221
9445.82,105.221
9446.19,105.221
9446.56,105.220
9446.92,105.219
9447.29,105.219
9447.65,105.218
9448.02,105.218
9448.39,105.217
9448.75,105.216
9449.12,105.216
9449.49,105.216
9449.85,105.215
9450.22,105.215
9450.58,105.213
9450.95,105.213
9451.32,105.213
9451.68,105.213
9452.05,105.212
9452.42,105.212
9452.78,105.210
9453.15,105.210
9453.51,105.210
9453.88,105.209
9454.25,105.209
9454.61,105.208
9454.98,105.208
9455.34,105.207
9455.71,105.207
9456.08,105.206
9456.44,105.206
9456.81,105.205
9457.18,105.204
9457.54,105.204
9457.91,105.203
9458.27,105.203
9458.64,105.203
9459.01,105.202
9459.37,105.202
9459.74,105.201
9460.11,105.201
9460.47,105.200
9460.84,105.200
9461.20,105.199
9461.57,105.198
9461.94,105.198
9462.30,105.197
9462.67,105.197
9463.04,105.197
9463.40,105.196
9463.77,105.196
9464.13,105.195
9464.50,105.195
9464.87,105.194
9465.23,105.194
9465.60,105.194
9465.96,105.193
9466.33,105.192
9466.70,105.192
9467.06,105.192
9467.43,105.191
9467.80,105.191
9468.16,105.190
9468.53,105.189
9468.89,105.189
9469.26,105.189
9469.63,105.188
9469.99,105.188
9470.36,105.188
9470.73,105.187
9471.09,105.186
9471.46,105.185
9471.82,105.185
9472.19,105.185
9472.56,105.184
9472.92,105.184
9473.29,105.184
9473.66,105.183
9474.02,105.183
9474.39,105.183
9474.75,105.182
9475.12,105.181
9475.49,105.181
9475.85,105.180
9476.22,105.180
9476.59,105.180
9476.95,105.179
9477.32,105.179
9477.68,105.178
9478.05,105.178
9478.42,105.177
9478.78,105.177
9479.15,105.177
9479.51,105.177
9479.88,105.176
9480.25,105.175
9480.61,105.175
9480.98,105.175
9481.35,105.174
9481.71,105.174
9482.08,105.173
9482.44,105.173
9482.81,105.172
9483.18,105.172
9483.54,105.172
9483.91,105.172
9484.28,105.171
9484.64,105.171
9485.01,105.170
9485.37,105.170
9485.74,105.169
9486.11,105.168
9486.47,105.168
9486.84,105.168
9487.21,105.168
9487.57,105.167
9487.94,105.167
9488.30,105.166
9488.67,105.166
9489.04,105.165
9489.40,105.165
9489.77,105.165
9490.13,105.165
9490.50,105.164
9490.87,105.164
9491.23,105.163
9491.60,105.163
9491.97,105.162
9492.33,105.162
9492.70,105.162
9493.06,105.161
9493.43,105.161
9493.80,105.161
9494.16,105.160
9494.53,105.160
9494.90,105.160
9495.26,105.160
9495.63,105.160
9495.99,105.159
9496.36,105.159
9496.73,105.158
9497.09,105.158
9497.46,105.157
9497.83,105.157
9498.19,105.156
9498.56,105.156
9498.92,105.156
9499.29,105.156
9499.66,105.155
9500.02,105.155
9500.39,105.155
9500.75,105.155
9501.12,105.154
9501.49,105.154
9501.85,105.153
9502.22,105.153
9502.59,105.152
9502.95,105.152
9503.32,105.151
9503.68,105.151
9504.05,105.151
9504.42,105.150
9504.78,105.150
9505.15,105.150
9505.52,105.150
9505.88,105.150
9506.25,105.150
9506.61,105.148
9506.98,105.148
9507.35,105.148
9507.71,105.148
9508.08,105.148
9508.45,105.147
9508.81,105.147
9509.18,105.147
9509.54,105.146
9509.91,105.146
9510.28,105.146
9510.64,105.145
9511.01,105.145
9511.38,105.144
9511.74,105.144
9512.11,105.144
9512.47,105.144
9512.84,105.144
9513.21,105.143
9513.57,105.142
9513.94,105.142
9514.30,105.142
9514.67,105.142
9515.04,105.142
9515.40,105.142
9515.77,105.141
9516.14,105.141
9516.50,105.141
9516.87,105.140
9517.23,105.140
9517.60,105.139
9517.97,105.139
9518.33,105.139
9518.70,105.138
9519.07,105.138
9519.43,105.138
9519.80,105.138
9520.16,105.138
9520.53,105.138
9520.90,105.138
9521.26,105.137
9521.63,105.136
9522.00,105.136
9522.36,105.136
9522.73,105.136
9523.09,105.136
9523.46,105.135
9523.83,105.135
9524.19,105.135
9524.56,105.135
9524.92,105.135
9525.29,105.134
9525.66,105.133
9526.02,105.133
9526.39,105.133
9526.76,105.133
9527.12,105.132
9527.49,105.132
9527.85,105.132
9528.22,105.132
9528.59,105.131
9528.95,105.131
9529.32,105.131
9529.69,105.131
9530.05,105.131
9530.42,105.130
9530.78,105.130
9531.15,105.130
9531.52,105.130
9531.88,105.130
9532.25,105.129
9532.62,105.129
9532.98,105.129
9533.35,105.129
9533.71,105.128
9534.08,105.128
9534.45,105.128
9534.81,105.127
9535.18,105.127
9535.54,105.127
9535.91,105.127
9536.28,105.127
9536.64,105.126
9537.01,105.126
9537.38,105.126
9537.74,105.126
9538.11,105.126
9538.47,105.126
9538.84,105.126
9539.21,105.125
9539.57,105.125
9539.94,105.125
9540.31,105.124
9540.67,105.124
9541.04,105.124
9541.40,105.124
9541.77,105.123
9542.14,105.123
9542.50,105.123
9542.87,105.123
9543.24,105.123
9543.60,105.122
9543.97,105.122
9544.33,105.122
9544.70,105.121
9545.07,105.121
9545.43,105.121
9545.80,105.121
9546.17,105.121
9546.53,105.121
9546.90,105.121
9547.26,105.120
9547.63,105.120
9548.00,105.120
9548.36,105.120
9548.73,105.120
9549.09,105.120
9549.46,105.120
9549.83,105.120
9550.19,105.119
9550.56,105.119
9550.93,105.119
9551.29,105.119
9551.66,105.119
9552.02,105.118
9552.39,105.118
9552.76,105.118
9553.12,105.118
9553.49,105.118
9553.86,105.117
9554.22,105.117
9554.59,105.117
9554.95,105.117
9555.32,105.117
9555.69,105.117
9556.05,105.117
9556.42,105.117
9556.79,105.116
9557.15,105.116
9557.52,105.116
9557.88,105.115
9558.25,105.115
9558.62,105.115
9558.98,105.115
9559.35,105.115
9559.71,105.114
9560.08,105.114
9560.45,105.114
9560.81,105.114
9561.18,105.114
9561.55,105.114
9561.91,105.114
9562.28,105.114
9562.64,105.114
9563.01,105.114
9563.38,105.113
9563.74,105.113
9564.11,105.114
9564.48,105.113
9564.84,105.113
9565.21,105.113
9565.57,105.113
9565.94,105.113
9566.31,105.113
9566.67,105.112
9567.04,105.112
9567.41,105.112
9567.77,105.112
9568.14,105.112
9568.50,105.112
9568.87,105.112
9569.24,105.112
9569.60,105.111
9569.97,105.111
9570.34,105.112
9570.70,105.111
9571.07,105.111
9571.43,105.111
9571.80,105.111
9572.17,105.111
9572.53,105.110
9572.90,105.111
9573.26,105.111
9573.63,105.110
9574.00,105.110
9574.36,105.110
9574.73,105.109
9575.10,105.109
9575.46,105.109
9575.83,105.109
9576.19,105.109
9576.56,105.109
9576.93,105.109
9577.29,105.109
9577.66,105.109
9578.03,105.109
9578.39,105.109
9578.76,105.108
9579.12,105.108
9579.49,105.108
9579.86,105.108
9580.22,105.108
9580.59,105.108
9580.96,105.108
9581.32,105.108
9581.69,105.108
9582.05,105.108
9582.42,105.108
9582.79,105.107
9583.15,105.107
9583.52,105.108
9583.88,105.108
9584.25,105.108
9584.62,105.108
9584.98,105.107
9585.35,105.108
9585.72,105.108
9586.08,105.107
9586.45,105.107
9586.81,105.107
9587.18,105.107
9587.55,105.107
9587.91,105.107
9588.28,105.106
9588.65,105.106
9589.01,105.107
9589.38,105.106
9589.74,105.106
9590.11,105.106
9590.48,105.107
9590.84,105.107
9591.21,105.107
9591.58,105.106
9591.94,105.106
9592.31,105.106
9592.67,105.106
9593.04,105.106
9593.41,105.106
9593.77,105.106
9594.14,105.106
9594.50,105.106
9594.87,105.106
9595.24,105.106
9595.60,105.106
9595.97,105.106
9596.34,105.106
9596.70,105.106
9597.07,105.106
9597.43,105.106
9597.80,105.106
9598.17,105.106
9598.53,105.106
9598.90,105.106
9599.27,105.106
9599.63,105.106
9600.00,105.106
9600.36,105.105
9600.73,105.106
9601.10,105.106
9601.46,105.105
9601.83,105.105
9602.20,105.106
9602.56,105.105
9602.93,105.105
9603.29,105.106
9603.66,105.105
9604.03,105.105
9604.39,105.105
9604.76,105.106
9605.13,105.105
9605.49,105.105
9605.86,105.106
9606.22,105.105
9606.59,105.105
9606.96,105.106
9607.32,105.105
9607.69,105.105
9608.05,105.105
9608.42,105.105
9608.79,105.105
9609.15,105.105
9609.52,105.105
9609.89,105.105
9610.25,105.105
9610.62,105.105
9610.98,105.105
9611.35,105.105
9611.72,105.106
9612.08,105.105
9612.45,105.105
9612.82,105.106
9613.18,105.105
9613.55,105.105
9613.91,105.106
9614.28,105.105
9614.65,105.105
9615.01,105.106
9615.38,105.105
9615.75,105.105
9616.11,105.106
9616.48,105.105
9616.84,105.105
9617.21,105.106
9617.58,105.106
9617.94,105.105
9618.31,105.106
9618.67,105.106
9619.04,105.105
9619.41,105.106
9619.77,105.106
9620.14,105.106
9620.51,105.106
9620.87,105.106
9621.24,105.106
9621.60,105.106
9621.97,105.106
9622.34,105.106
9622.70,105.106
9623.07,105.106
9623.44,105.106
9623.80,105.106
9624.17,105.106
9624.53,105.106
9624.90,105.106
9625.27,105.106
9625.63,105.106
9626.00,105.107
9626.37,105.106
9626.73,105.106
9627.10,105.106
9627.46,105.106
9627.83,105.106
9628.20,105.107
9628.56,105.106
9628.93,105.107
9629.29,105.107
9629.66,105.107
9630.03,105.106
9630.39,105.106
9630.76,105.107
9631.13,105.107
9631.49,105.107
9631.86,105.107
9632.22,105.107
9632.59,105.107
9632.96,105.107
9633.32,105.108
9633.69,105.107
9634.06,105.107
9634.42,105.108
9634.79,105.107
9635.15,105.108
9635.52,105.108
9635.89,105.108
9636.25,105.108
9636.62,105.108
9636.99,105.108
9637.35,105.108
9637.72,105.108
9638.08,105.108
9638.45,105.108
9638.82,105.108
9639.18,105.108
9639.55,105.109
9639.92,105.108
9640.28,105.108
9640.65,105.108
9641.01,105.109
9641.38,105.108
9641.75,105.109
9642.11,105.109
9642.48,105.109
9642.84,105.109
9643.21,105.109
9643.58,105.109
9643.94,105.109
9644.31,105.109
9644.68,105.109
9645.04,105.109
9645.41,105.109
9645.77,105.110
9646.14,105.110
9646.51,105.110
9646.87,105.110
9647.24,105.110
9647.61,105.110
9647.97,105.110
9648.34,105.111
9648.70,105.111
9649.07,105.111
9649.44,105.111
9649.80,105.111
9650.17,105.111
9650.54,105.111
9650.90,105.111
9651.27,105.112
9651.63,105.111
9652.00,105.112
9652.37,105.112
9652.73,105.112
9653.10,105.112
9653.46,105.112
9653.83,105.112
9654.20,105.112
9654.56,105.112
9654.93,105.113
9655.30,105.113
9655.66,105.112
9656.03,105.112
9656.39,105.113
9656.76,105.112
9657.13,105.113
9657.49,105.113
9657.86,105.113
9658.23,105.113
9658.59,105.114
9658.96,105.114
9659.32,105.114
9659.69,105.114
9660.06,105.114
9660.42,105.114
9660.79,105.114
9661.16,105.114
9661.52,105.114
9661.89,105.115
9662.25,105.114
9662.62,105.115
9662.99,105.115
9663.35,105.115
9663.72,105.115
9664.09,105.115
9664.45,105.115
9664.82,105.115
9665.18,105.115
9665.55,105.116
9665.92,105.116
9666.28,105.116
9666.65,105.117
9667.01,105.117
9667.38,105.117
9667.75,105.117
9668.11,105.117
9668.48,105.117
9668.85,105.117
9669.21,105.117
9669.58,105.118
9669.94,105.118
9670.31,105.118
9670.68,105.118
9671.04,105.118
9671.41,105.119
9671.78,105.118
9672.14,105.118
9672.51,105.119
9672.87,105.118
9673.24,105.119
9673.61,105.119
9673.97,105.119
9674.34,105.119
9674.71,105.120
9675.07,105.120
9675.44,105.120
9675.80,105.120
9676.17,105.120
9676.54,105.120
9676.90,105.120
9677.27,105.120
9677.63,105.121
9678.00,105.121
9678.37,105.121
9678.73,105.121
9679.10,105.121
9679.47,105.122
9679.83,105.121
9680.20,105.122
9680.56,105.122
9680.93,105.123
9681.30,105.123
9681.66,105.123
9682.03,105.123
9682.40,105.123
9682.76,105.123
9683.13,105.124
9683.49,105.124
9683.86,105.124
9684.23,105.124
9684.59,105.124
9684.96,105.124
9685.33,105.124
9685.69,105.124
9686.06,105.124
9686.42,105.125
9686.79,105.125
9687.16,105.125
9687.52,105.126
9687.89,105.126
9688.25,105.126
9688.62,105.126
9688.99,105.126
9689.35,105.126
9689.72,105.126
9690.09,105.126
9690.45,105.127
9690.82,105.127
9691.18,105.127
9691.55,105.127
9691.92,105.128
9692.28,105.128
9692.65,105.128
9693.02,105.128
9693.38,105.129
9693.75,105.129
9694.11,105.129
9694.48,105.129
9694.85,105.130
9695.21,105.129
9695.58,105.130
9695.95,105.130
9696.31,105.130
9696.68,105.130
9697.04,105.130
9697.41,105.130
9697.78,105.131
9698.14,105.131
9698.51,105.131
9698.88,105.131
9699.24,105.131
9699.61,105.132
9699.97,105.132
9700.34,105.132
9700.71,105.132
9701.07,105.132
9701.44,105.132
9701.80,105.133
9702.17,105.133
9702.54,105.133
9702.90,105.133
9703.27,105.134
9703.64,105.135
9704.00,105.134
9704.37,105.135
9704.73,105.135
9705.10,105.135
9705.47,105.135
9705.83,105.136
9706.20,105.136
9706.57,105.136
9706.93,105.136
9707.30,105.136
9707.66,105.136
9708.03,105.137
9708.40,105.137
9708.76,105.137
9709.13,105.138
9709.50,105.137
9709.86,105.138
9710.23,105.138
9710.59,105.138
9710.96,105.138
9711.33,105.138
9711.69,105.139
9712.06,105.139
9712.42,105.139
9712.79,105.139
9713.16,105.139
9713.52,105.140
9713.89,105.140
9714.26,105.141
9714.62,105.141
9714.99,105.141
9715.35,105.141
9715.72,105.141
9716.09,105.142
9716.45,105.142
9716.82,105.142
9717.19,105.142
9717.55,105.143
9717.92,105.143
9718.28,105.142
9718.65,105.143
9719.02,105.144
9719.38,105.144
9719.75,105.143
9720.12,105.144
9720.48,105.144
9720.85,105.144
9721.21,105.144
9721.58,105.145
9721.95,105.145
9722.31,105.145
9722.68,105.145
9723.05,105.146
9723.41,105.147
9723.78,105.146
9724.14,105.147
9724.51,105.147
9724.88,105.147
9725.24,105.147
9725.61,105.148
9725.97,105.148
9726.34,105.148
9726.71,105.148
9727.07,105.148
9727.44,105.149
9727.81,105.149
9728.17,105.149
9728.54,105.149
9728.90,105.150
9729.27,105.150
9729.64,105.150
9730.00,105.150
9730.37,105.151
9730.74,105.151
9731.10,105.151
9731.47,105.151
9731.83,105.152
9732.20,105.152
9732.57,105.152
9732.93,105.153
9733.30,105.153
9733.67,105.153
9734.03,105.153
9734.40,105.154
9734.76,105.154
9735.13,105.154
9735.50,105.154
9735.86,105.154
9736.23,105.155
9736.59,105.155
9736.96,105.155
9737.33,105.155
9737.69,105.156
9738.06,105.156
9738.43,105.156
9738.79,105.156
9739.16,105.157
9739.52,105.157
9739.89,105.157
9740.26,105.157
9740.62,105.158
9740.99,105.159
9741.36,105.159
9741.72,105.159
9742.09,105.159
9742.45,105.159
9742.82,105.160
9743.19,105.160
9743.55,105.160
9743.92,105.160
9744.29,105.160
9744.65,105.161
9745.02,105.161
9745.38,105.161
9745.75,105.161
9746.12,105.162
9746.48,105.162
9746.85,105.162
9747.21,105.162
9747.58,105.163
9747.95,105.163
9748.31,105.163
9748.68,105.163
9749.05,105.164
9749.41,105.165
9749.78,105.165
9750.14,105.165
9750.51,105.165
9750.88,105.165
9751.24,105.166
9751.61,105.166
9751.98,105.166
9752.34,105.167
9752.71,105.166
9753.07,105.167
9753.44,105.167
9753.81,105.168
9754.17,105.168
9754.54,105.168
9754.91,105.168
9755.27,105.169
9755.64,105.169
9756.00,105.169
9756.37,105.169
9756.74,105.170
9757.10,105.170
9757.47,105.171
9757.84,105.171
9758.20,105.172
9758.57,105.171
9758.93,105.171
9759.30,105.172
9759.67,105.172
9760.03,105.172
9760.40,105.172
9760.76,105.173
9761.13,105.173
9761.50,105.173
9761.86,105.174
9762.23,105.174
9762.60,105.174
9762.96,105.174
9763.33,105.175
9763.69,105.175
9764.06,105.175
9764.43,105.176
9764.79,105.176
9765.16,105.177
9765.53,105.177
9765.89,105.177
9766.26,105.178
9766.62,105.178
9766.99,105.177
9767.36,105.178
9767.72,105.178
9768.09,105.179
9768.46,105.179
9768.82,105.180
9769.19,105.180
9769.55,105.180
9769.92,105.180
9770.29,105.180
9770.65,105.181
9771.02,105.181
9771.38,105.181
9771.75,105.181
9772.12,105.182
9772.48,105.182
9772.85,105.183
9773.22,105.183
9773.58,105.184
9773.95,105.183
9774.31,105.184
9774.68,105.184
9775.05,105.184
9775.41,105.184
9775.78,105.185
9776.15,105.185
9776.51,105.185
9776.88,105.186
9777.24,105.186
9777.61,105.186
9777.98,105.187
9778.34,105.187
9778.71,105.188
9779.08,105.188
9779.44,105.188
9779.81,105.188
9780.17,105.189
9780.54,105.189
9780.91,105.189
9781.27,105.190
9781.64,105.190
9782.00,105.190
9782.37,105.190
9782.74,105.191
9783.10,105.191
9783.47,105.191
9783.84,105.191
9784.20,105.192
9784.57,105.192
9784.93,105.192
9785.30,105.192
9785.67,105.193
9786.03,105.194
9786.40,105.194
9786.77,105.194
9787.13,105.195
9787.50,105.195
9787.86,105.195
9788.23,105.195
9788.60,105.196
9788.96,105.196
9789.33,105.196
9789.70,105.197
9790.06,105.197
9790.43,105.197
9790.79,105.197
9791.16,105.197
9791.53,105.198
9791.89,105.198
9792.26,105.198
9792.63,105.199
9792.99,105.200
9793.36,105.199
9793.72,105.200
9794.09,105.200
9794.46,105.201
9794.82,105.201
9795.19,105.201
9795.55,105.201
9795.92,105.202
9796.29,105.202
9796.65,105.202
9797.02,105.203
9797.39,105.203
9797.75,105.203
9798.12,105.203
9798.48,105.204
9798.85,105.204
9799.22,105.204
9799.58,105.205
9799.95,105.204
9800.32,105.205
9800.68,105.206
9801.05,105.206
9801.41,105.206
9801.78,105.207
9802.15,105.207
9802.51,105.208
9802.88,105.207
9803.25,105.207
9803.61,105.208
9803.98,105.208
9804.34,105.209
9804.71,105.209
9805.08,105.210
9805.44,105.209
9805.81,105.210
9806.17,105.210
9806.54,105.211
9806.91,105.210
9807.27,105.211
9807.64,105.212
9808.01,105.212
9808.37,105.212
9808.74,105.213
9809.10,105.213
9809.47,105.213
9809.84,105.214
9810.20,105.214
9810.57,105.213
9810.94,105.214
9811.30,105.215
9811.67,105.215
9812.03,105.215
9812.40,105.216
9812.77,105.216
9813.13,105.216
9813.50,105.216
9813.87,105.217
9814.23,105.217
9814.60,105.217
9814.96,105.218
9815.33,105.218
9815.70,105.219
9816.06,105.219
9816.43,105.219
9816.80,105.220
9817.16,105.220
9817.53,105.220
9817.89,105.221
9818.26,105.221
9818.63,105.221
9818.99,105.221
9819.36,105.221
9819.72,105.222
9820.09,105.222
9820.46,105.222
9820.82,105.223
9821.19,105.223
9821.56,105.224
9821.92,105.224
9822.29,105.224
9822.65,105.224
9823.02,105.225
9823.39,105.225
9823.75,105.225
9824.12,105.226
9824.49,105.226
9824.85,105.226
9825.22,105.227
9825.58,105.227
9825.95,105.227
9826.32,105.227
9826.68,105.228
9827.05,105.228
9827.42,105.228
9827.78,105.228
9828.15,105.229
9828.51,105.230
9828.88,105.230
9829.25,105.230
9829.61,105.231
9829.98,105.231
9830.34,105.231
9830.71,105.231
9831.08,105.232
9831.44,105.232
9831.81,105.232
9832.18,105.233
9832.54,105.233
9832.91,105.233
9833.27,105.233
9833.64,105.233
9834.01,105.234
9834.37,105.234
9834.74,105.235
9835.11,105.235
9835.47,105.236
9835.84,105.236
9836.20,105.236
9836.57,105.236
9836.94,105.237
9837.30,105.237
9837.67,105.237
9838.04,105.237
9838.40,105.238
9838.77,105.238
9839.13,105.239
9839.50,105.239
9839.87,105.239
9840.23,105.239
9840.60,105.240
9840.96,105.240
9841.33,105.240
9841.70,105.240
9842.06,105.241
9842.43,105.241
9842.80,105.242
9843.16,105.242
9843.53,105.242
9843.89,105.243
9844.26,105.243
9844.63,105.243
9844.99,105.243
9845.36,105.244
9845.73,105.244
9846.09,105.244
9846.46,105.245
9846.82,105.245
9847.19,105.245
9847.56,105.245
9847.92,105.246
9848.29,105.246
9848.66,105.246
9849.02,105.247
9849.39,105.247
9849.75,105.248
9850.12,105.248
9850.49,105.249
9850.85,105.249
9851.22,105.249
9851.59,105.249
9851.95,105.249
9852.32,105.249
9852.68,105.250
9853.05,105.250
9853.42,105.251
9853.78,105.251
9854.15,105.251
9854.51,105.251
9854.88,105.252
9855.25,105.252
9855.61,105.252
9855.98,105.253
9856.35,105.253
9856.71,105.253
9857.08,105.254
9857.44,105.254
9857.81,105.254
9858.18,105.255
9858.54,105.255
9858.91,105.255
9859.28,105.255
9859.64,105.256
9860.01,105.256
9860.37,105.257
9860.74,105.257
9861.11,105.257
9861.47,105.257
9861.84,105.257
9862.21,105.257
9862.57,105.258
9862.94,105.258
9863.30,105.258
9863.67,105.259
9864.04,105.260
9864.40,105.260
9864.77,105.260
9865.13,105.261
9865.50,105.261
9865.87,105.261
9866.23,105.261
9866.60,105.261
9866.97,105.262
9867.33,105.262
9867.70,105.263
9868.06,105.263
9868.43,105.263
9868.80,105.263
9869.16,105.263
9869.53,105.264
9869.90,105.264
9870.26,105.264
9870.63,105.265
9870.99,105.266
9871.36,105.266
9871.73,105.266
9872.09,105.266
9872.46,105.266
9872.83,105.267
9873.19,105.267
9873.56,105.267
9873.92,105.268
9874.29,105.268
9874.66,105.268
9875.02,105.269
9875.39,105.269
9875.75,105.269
9876.12,105.269
9876.49,105.270
9876.85,105.269
9877.22,105.270
9877.59,105.270
9877.95,105.270
9878.32,105.271
9878.68,105.272
9879.05,105.272
9879.42,105.272
9879.78,105.273
9880.15,105.273
9880.52,105.273
9880.88,105.274
9881.25,105.273
9881.61,105.273
9881.98,105.274
9882.35,105.274
9882.71,105.274
9883.08,105.275
9883.45,105.275
9883.81,105.275
9884.18,105.276
9884.54,105.276
9884.91,105.276
9885.28,105.277
9885.64,105.277
9886.01,105.278
9886.38,105.277
9886.74,105.278
9887.11,105.278
9887.47,105.278
9887.84,105.279
9888.21,105.279
9888.57,105.279
9888.94,105.279
9889.30,105.280
9889.67,105.280
9890.04,105.281
9890.40,105.281
9890.77,105.280
9891.14,105.281
9891.50,105.281
9891.87,105.281
9892.23,105.282
9892.60,105.282
9892.97,105.282
9893.33,105.283
9893.70,105.283
9894.07,105.284
9894.43,105.284
9894.80,105.284
9895.16,105.284
9895.53,105.284
9895.90,105.285
9896.26,105.285
9896.63,105.285
9897.00,105.285
9897.36,105.286
9897.73,105.286
9898.09,105.286
9898.46,105.287
9898.83,105.287
9899.19,105.287
9899.56,105.287
9899.92,105.287
9900.29,105.288
9900.66,105.288
9901.02,105.288
9901.39,105.289
9901.76,105.290
9902.12,105.290
9902.49,105.290
9902.85,105.290
9903.22,105.290
9903.59,105.291
9903.95,105.290
9904.32,105.291
9904.69,105.291
9905.05,105.291
9905.42,105.292
9905.78,105.292
9906.15,105.292
9906.52,105.293
9906.88,105.292
9907.25,105.293
9907.62,105.293
9907.98,105.293
9908.35,105.294
9908.71,105.294
9909.08,105.294
9909.45,105.295
9909.81,105.295
9910.18,105.296
9910.55,105.296
9910.91,105.296
9911.28,105.296
9911.64,105.297
9912.01,105.297
9912.38,105.297
9912.74,105.297
9913.11,105.297
9913.47,105.298
9913.84,105.298
9914.21,105.298
9914.57,105.298
9914.94,105.298
9915.31,105.299
9915.67,105.299
9916.04,105.299
9916.40,105.300
9916.77,105.300
9917.14,105.300
9917.50,105.300
9917.87,105.300
9918.24,105.301
9918.60,105.301
9918.97,105.302
9919.33,105.302
9919.70,105.302
9920.07,105.303
9920.43,105.303
9920.80,105.303
9921.17,105.303
9921.53,105.303
9921.90,105.303
9922.26,105.303
9922.63,105.304
9923.00,105.305
9923.36,105.304
9923.73,105.304
9924.09,105.304
9924.46,105.305
9924.83,105.305
9925.19,105.305
9925.56,105.306
9925.93,105.306
9926.29,105.306
9926.66,105.307
9927.02,105.306
9927.39,105.307
9927.76,105.307
9928.12,105.308
9928.49,105.308
9928.86,105.308
9929.22,105.309
9929.59,105.308
9929.95,105.309
9930.32,105.309
9930.69,105.309
9931.05,105.309
9931.42,105.309
9931.79,105.310
9932.15,105.310
9932.52,105.310
9932.88,105.311
9933.25,105.310
9933.62,105.311
9933.98,105.311
9934.35,105.311
9934.71,105.312
9935.08,105.311
9935.45,105.312
9935.81,105.312
9936.18,105.312
9936.55,105.313
9936.91,105.313
9937.28,105.314
9937.64,105.314
9938.01,105.314
9938.38,105.314
9938.74,105.314
9939.11,105.315
9939.48,105.314
9939.84,105.315
9940.21,105.315
9940.57,105.315
9940.94,105.316
9941.31,105.316
9941.67,105.316
9942.04,105.316
9942.41,105.316
9942.77,105.316
9943.14,105.317
9943.50,105.317
9943.87,105.317
9944.24,105.317
9944.60,105.317
9944.97,105.318
9945.34,105.318
9945.70,105.318
9946.07,105.319
9946.43,105.319
9946.80,105.319
9947.17,105.319
9947.53,105.319
9947.90,105.320
9948.26,105.320
9948.63,105.320
9949.00,105.320
9949.36,105.321
9949.73,105.320
9950.10,105.320
9950.46,105.321
9950.83,105.321
9951.19,105.322
9951.56,105.322
9951.93,105.322
9952.29,105.322
9952.66,105.322
9953.03,105.322
9953.39,105.323
9953.76,105.323
9954.12,105.322
9954.49,105.323
9954.86,105.323
9955.22,105.323
9955.59,105.323
9955.96,105.323
9956.32,105.323
9956.69,105.324
9957.05,105.325
9957.42,105.325
9957.79,105.325
9958.15,105.325
9958.52,105.325
9958.88,105.325
9959.25,105.326
9959.62,105.326
9959.98,105.326
9960.35,105.326
9960.72,105.326
9961.08,105.327
9961.45,105.327
9961.81,105.327
9962.18,105.326
9962.55,105.327
9962.91,105.327
9963.28,105.328
9963.65,105.328
9964.01,105.328
9964.38,105.328
9964.74,105.328
9965.11,105.328
9965.48,105.329
9965.84,105.329
9966.21,105.328
9966.58,105.329
9966.94,105.329
9967.31,105.329
9967.67,105.329
9968.04,105.329
9968.41,105.329
9968.77,105.330
9969.14,105.330
9969.50,105.330
9969.87,105.331
9970.24,105.331
9970.60,105.331
9970.97,105.331
9971.34,105.331
9971.70,105.331
9972.07,105.332
9972.43,105.332
9972.80,105.332
9973.17,105.332
9973.53,105.332
9973.90,105.332
9974.27,105.332
9974.63,105.332
9975.00,105.333
9975.36,105.333
9975.73,105.333
9976.10,105.333
9976.46,105.333
9976.83,105.334
9977.20,105.334
9977.56,105.334
9977.93,105.334
9978.29,105.334
9978.66,105.334
9979.03,105.334
9979.39,105.334
9979.76,105.335
9980.13,105.334
9980.49,105.334
9980.86,105.334
9981.22,105.335
9981.59,105.335
9981.96,105.335
9982.32,105.335
9982.69,105.335
9983.05,105.335
9983.42,105.336
9983.79,105.335
9984.15,105.336
9984.52,105.336
9984.89,105.337
9985.25,105.336
9985.62,105.337
9985.98,105.337
9986.35,105.337
9986.72,105.337
9987.08,105.337
9987.45,105.337
9987.82,105.337
9988.18,105.337
9988.55,105.338
9988.91,105.338
9989.28,105.338
9989.65,105.338
9990.01,105.338
9990.38,105.338
9990.75,105.338
9991.11,105.338
9991.48,105.338
9991.84,105.338
9992.21,105.338
9992.58,105.339
9992.94,105.339
9993.31,105.338
9993.67,105.339
9994.04,105.339
9994.41,105.339
9994.77,105.339
9995.14,105.340
9995.51,105.340
9995.87,105.340
9996.24,105.339
9996.60,105.340
9996.97,105.340
9997.34,105.340
9997.70,105.340
9998.07,105.340
9998.44,105.340
9998.80,105.340
9999.17,105.340
9999.53,105.341
9999.90,105.340
10000.27,105.340
10000.63,105.341
10001.00,105.340
10001.37,105.341
10001.73,105.341
10002.10,105.341
10002.46,105.341
10002.83,105.341
10003.20,105.341
10003.56,105.341
10003.93,105.341
10004.30,105.342
10004.66,105.341
10005.03,105.342
10005.39,105.342
10005.76,105.342
10006.13,105.342
10006.49,105.342
10006.86,105.342
10007.22,105.342
10007.59,105.343
10007.96,105.342
10008.32,105.343
10008.69,105.343
10009.06,105.343
10009.42,105.343
10009.79,105.343
10010.15,105.343
10010.52,105.343
10010.89,105.343
10011.25,105.343
10011.62,105.343
10011.99,105.343
10012.35,105.343
10012.72,105.343
10013.08,105.344
10013.45,105.343
10013.82,105.344
10014.18,105.344
10014.55,105.344
10014.92,105.344
10015.28,105.344
10015.65,105.344
10016.01,105.344
10016.38,105.344
10016.75,105.344
10017.11,105.344
10017.48,105.344
10017.84,105.344
10018.21,105.344
10018.58,105.344
10018.94,105.344
10019.31,105.344
10019.68,105.344
10020.04,105.344
10020.41,105.344
10020.77,105.344
10021.14,105.344
10021.51,105.345
10021.87,105.344
10022.24,105.344
10022.61,105.344
10022.97,105.344
10023.34,105.345
10023.70,105.344
10024.07,105.344
10024.44,105.345
10024.80,105.345
10025.17,105.345
10025.54,105.345
10025.90,105.344
10026.27,105.345
10026.63,105.345
10027.00,105.345
10027.37,105.345
10027.73,105.344
10028.10,105.345
10028.46,105.345
10028.83,105.345
10029.20,105.345
10029.56,105.344
10029.93,105.345
10030.30,105.345
10030.66,105.345
10031.03,105.345
10031.39,105.344
10031.76,105.345
10032.13,105.345
10032.49,105.345
10032.86,105.345
10033.23,105.344
10033.59,105.345
10033.96,105.345
10034.32,105.345
10034.69,105.345
10035.06,105.344
10035.42,105.345
10035.79,105.345
10036.16,105.345
10036.52,105.345
10036.89,105.344
10037.25,105.344
10037.62,105.345
10037.99,105.345
10038.35,105.345
10038.72,105.344
10039.09,105.344
10039.45,105.345
10039.82,105.345
10040.18,105.345
10040.55,105.344
10040.92,105.344
10041.28,105.345
10041.65,105.344
10042.01,105.345
10042.38,105.344
10042.75,105.344
10043.11,105.344
10043.48,105.344
10043.85,105.345
10044.21,105.344
10044.58,105.344
10044.94,105.344
10045.31,105.344
10045.68,105.344
10046.04,105.344
10046.41,105.344
10046.78,105.344
10047.14,105.344
10047.51,105.344
10047.87,105.344
10048.24,105.344
10048.61,105.344
10048.97,105.344
10049.34,105.344
10049.71,105.344
10050.07,105.344
10050.44,105.344
10050.80,105.344
10051.17,105.343
10051.54,105.344
10051.90,105.343
10052.27,105.343
10052.63,105.343
10053.00,105.343
10053.37,105.343
10053.73,105.343
10054.10,105.343
10054.47,105.343
10054.83,105.343
10055.20,105.343
10055.56,105.343
10055.93,105.343
10056.30,105.342
10056.66,105.343
10057.03,105.342
10057.40,105.342
10057.76,105.342
10058.13,105.342
10058.49,105.341
10058.86,105.342
10059.23,105.341
10059.59,105.342
10059.96,105.341
10060.33,105.341
10060.69,105.341
10061.06,105.341
10061.42,105.341
10061.79,105.341
10062.16,105.341
10062.52,105.340
10062.89,105.341
10063.25,105.340
10063.62,105.341
10063.99,105.341
10064.35,105.340
10064.72,105.340
10065.09,105.340
10065.45,105.340
10065.82,105.340
10066.18,105.340
10066.55,105.339
10066.92,105.340
10067.28,105.340
10067.65,105.340
10068.02,105.339
10068.38,105.339
10068.75,105.339
10069.11,105.339
10069.48,105.339
10069.85,105.338
10070.21,105.339
10070.58,105.339
10070.95,105.338
10071.31,105.338
10071.68,105.338
10072.04,105.338
10072.41,105.338
10072.78,105.338
10073.14,105.338
10073.51,105.338
10073.88,105.337
10074.24,105.338
10074.61,105.337
10074.97,105.337
10075.34,105.337
10075.71,105.337
10076.07,105.337
10076.44,105.337
10076.80,105.336
10077.17,105.336
10077.54,105.336
10077.90,105.336
10078.27,105.335
10078.64,105.335
10079.00,105.335
10079.37,105.335
10079.73,105.335
10080.10,105.335
10080.47,105.334
10080.83,105.334
10081.20,105.334
10081.57,105.334
10081.93,105.334
10082.30,105.333
10082.66,105.334
10083.03,105.334
10083.40,105.333
10083.76,105.334
10084.13,105.333
10084.50,105.333
10084.86,105.332
10085.23,105.332
10085.59,105.332
10085.96,105.332
10086.33,105.332
10086.69,105.332
10087.06,105.332
10087.42,105.331
10087.79,105.332
10088.16,105.331
10088.52,105.331
10088.89,105.331
10089.26,105.331
10089.62,105.331
10089.99,105.330
10090.35,105.330
10090.72,105.330
10091.09,105.329
10091.45,105.329
10091.82,105.329
10092.19,105.329
10092.55,105.328
10092.92,105.328
10093.28,105.328
10093.65,105.328
10094.02,105.328
10094.38,105.328
10094.75,105.328
10095.12,105.328
10095.48,105.327
10095.85,105.327
10096.21,105.327
10096.58,105.327
10096.95,105.326
10097.31,105.326
10097.68,105.326
10098.05,105.326
10098.41,105.325
10098.78,105.326
10099.14,105.325
10099.51,105.325
10099.88,105.325
10100.24,105.325
10100.61,105.324
10100.97,105.323
10101.34,105.323
10101.71,105.323
10102.07,105.323
10102.44,105.323
10102.81,105.322
10103.17,105.322
10103.54,105.322
10103.90,105.322
10104.27,105.322
10104.64,105.321
10105.00,105.322
10105.37,105.321
10105.74,105.320
10106.10,105.320
10106.47,105.321
10106.83,105.320
10107.20,105.320
10107.57,105.319
10107.93,105.320
10108.30,105.319
10108.67,105.319
10109.03,105.318
10109.40,105.318
10109.76,105.318
10110.13,105.317
10110.50,105.317
10110.86,105.317
10111.23,105.317
10111.59,105.316
10111.96,105.316
10112.33,105.316
10112.69,105.316
10113.06,105.316
10113.43,105.315
10113.79,105.315
10114.16,105.314
10114.52,105.314
10114.89,105.314
10115.26,105.314
10115.62,105.314
10115.99,105.313
10116.36,105.312
10116.72,105.312
10117.09,105.312
10117.45,105.312
10117.82,105.311
10118.19,105.311
10118.55,105.311
10118.92,105.311
10119.29,105.310
10119.65,105.310
10120.02,105.309
10120.38,105.309
10120.75,105.309
10121.12,105.309
10121.48,105.309
10121.85,105.308
10122.21,105.308
10122.58,105.308
10122.95,105.308
10123.31,105.307
10123.68,105.306
10124.05,105.306
10124.41,105.306
10124.78,105.306
10125.14,105.305
10125.51,105.305
10125.88,105.304
10126.24,105.304
10126.61,105.304
10126.98,105.304
10127.34,105.303
10127.71,105.303
10128.07,105.303
10128.44,105.303
10128.81,105.302
10129.17,105.302
10129.54,105.302
10129.91,105.301
10130.27,105.300
10130.64,105.300
10131.00,105.300
10131.37,105.299
10131.74,105.299
10132.10,105.299
10132.47,105.298
10132.84,105.298
10133.20,105.298
10133.57,105.297
10133.93,105.297
10134.30,105.296
10134.67,105.296
10135.03,105.297
10135.40,105.296
10135.76,105.296
10136.13,105.295
10136.50,105.294
10136.86,105.294
10137.23,105.293
10137.60,105.293
10137.96,105.293
10138.33,105.293
10138.69,105.293
10139.06,105.292
10139.43,105.291
10139.79,105.291
10140.16,105.291
10140.53,105.291
10140.89,105.290
10141.26,105.290
10141.62,105.289
10141.99,105.288
10142.36,105.288
10142.72,105.288
10143.09,105.288
10143.46,105.287
10143.82,105.287
10144.19,105.286
10144.55,105.286
10144.92,105.285
10145.29,105.285
10145.65,105.284
10146.02,105.284
10146.38,105.284
10146.75,105.284
10147.12,105.283
10147.48,105.282
10147.85,105.282
10148.22,105.282
10148.58,105.281
10148.95,105.281
10149.31,105.281
10149.68,105.280
10150.05,105.280
10150.41,105.279
10150.78,105.279
10151.15,105.279
10151.51,105.278
10151.88,105.278
10152.24,105.277
10152.61,105.277
10152.98,105.276
10153.34,105.276
10153.71,105.275
10154.08,105.275
10154.44,105.275
10154.81,105.274
10155.17,105.273
10155.54,105.273
10155.91,105.273
10156.27,105.273
10156.64,105.272
10157.00,105.272
10157.37,105.271
10157.74,105.270
10158.10,105.270
10158.47,105.269
10158.84,105.269
10159.20,105.269
10159.57,105.268
10159.93,105.267
10160.30,105.267
10160.67,105.267
10161.03,105.267
10161.40,105.266
10161.77,105.266
10162.13,105.265
10162.50,105.264
10162.86,105.264
10163.23,105.263
10163.60,105.263
10163.96,105.263
10164.33,105.262
10164.70,105.261
10165.06,105.261
10165.43,105.260
10165.79,105.260
10166.16,105.260
10166.53,105.259
10166.89,105.258
10167.26,105.258
10167.63,105.257
10167.99,105.257
10168.36,105.256
10168.72,105.256
10169.09,105.255
10169.46,105.255
10169.82,105.255
10170.19,105.254
10170.55,105.254
10170.92,105.252
10171.29,105.252
10171.65,105.251
10172.02,105.251
10172.39,105.251
10172.75,105.250
10173.12,105.250
10173.48,105.250
10173.85,105.249
10174.22,105.249
10174.58,105.248
10174.95,105.247
10175.32,105.246
10175.68,105.246
10176.05,105.245
10176.41,105.245
10176.78,105.245
10177.15,105.244
10177.51,105.243
10177.88,105.243
10178.25,105.242
10178.61,105.242
10178.98,105.241
10179.34,105.240
10179.71,105.240
10180.08,105.239
10180.44,105.239
10180.81,105.238
10181.17,105.238
10181.54,105.237
10181.91,105.237
10182.27,105.236
10182.64,105.236
10183.01,105.235
10183.37,105.234
10183.74,105.233
10184.10,105.233
10184.47,105.233
10184.84,105.232
10185.20,105.231
10185.57,105.231
10185.94,105.230
10186.30,105.230
10186.67,105.229
10187.03,105.228
10187.40,105.228
10187.77,105.227
10188.13,105.227
10188.50,105.226
10188.87,105.226
10189.23,105.225
10189.60,105.225
10189.96,105.224
10190.33,105.223
10190.70,105.222
10191.06,105.222
10191.43,105.221
10191.80,105.220
10192.16,105.220
10192.53,105.219
10192.89,105.219
10193.26,105.219
10193.63,105.218
10193.99,105.217
10194.36,105.216
10194.72,105.216
10195.09,105.215
10195.46,105.215
10195.82,105.214
10196.19,105.213
10196.56,105.213
10196.92,105.212
10197.29,105.212
10197.65,105.211
10198.02,105.210
10198.39,105.210
10198.75,105.209
10199.12,105.208
10199.49,105.208
10199.85,105.207
10200.22,105.206
10200.58,105.206
10200.95,105.205
10201.32,105.204
10201.68,105.203
10202.05,105.203
10202.42,105.203
10202.78,105.202
10203.15,105.201
10203.51,105.201
10203.88,105.200
10204.25,105.199
10204.61,105.198
10204.98,105.198
10205.34,105.197
10205.71,105.197
10206.08,105.196
10206.44,105.195
10206.81,105.194
10207.18,105.194
10207.54,105.193
10207.91,105.192
10208.27,105.191
10208.64,105.191
10209.01,105.191
10209.37,105.189
10209.74,105.189
10210.11,105.189
10210.47,105.188
10210.84,105.187
10211.20,105.186
10211.57,105.185
10211.94,105.184
10212.30,105.184
10212.67,105.183
10213.04,105.183
10213.40,105.182
10213.77,105.181
10214.13,105.180
10214.50,105.180
10214.87,105.179
10215.23,105.178
10215.60,105.178
10215.96,105.177
10216.33,105.176
10216.70,105.175
10217.06,105.174
10217.43,105.174
10217.80,105.174
10218.16,105.172
10218.53,105.172
10218.89,105.172
10219.26,105.171
10219.63,105.169
10219.99,105.169
10220.36,105.168
10220.73,105.168
10221.09,105.166
10221.46,105.166
10221.82,105.166
10222.19,105.165
10222.56,105.164
10222.92,105.163
10223.29,105.162
10223.66,105.162
10224.02,105.160
10224.39,105.160
10224.75,105.160
10225.12,105.159
10225.49,105.158
10225.85,105.156
10226.22,105.156
10226.59,105.156
10226.95,105.154
10227.32,105.154
10227.68,105.153
10228.05,105.153
10228.42,105.151
10228.78,105.150
10229.15,105.150
10229.51,105.149
10229.88,105.148
10230.25,105.147
10230.61,105.147
10230.98,105.146
10231.35,105.145
10231.71,105.144
10232.08,105.143
10232.44,105.143
10232.81,105.142
10233.18,105.141
10233.54,105.141
10233.91,105.139
10234.28,105.138
10234.64,105.138
10235.01,105.137
10235.37,105.136
10235.74,105.136
10236.11,105.135
10236.47,105.134
10236.84,105.133
10237.21,105.132
10237.57,105.131
10237.94,105.131
10238.30,105.130
10238.67,105.129
10239.04,105.128
10239.40,105.127
10239.77,105.126
10240.13,105.126
10240.50,105.125
10240.87,105.124
10241.23,105.123
10241.60,105.123
10241.97,105.121
10242.33,105.121
10242.70,105.120
10243.06,105.119
10243.43,105.118
10243.80,105.118
10244.16,105.117
10244.53,105.116
10244.90,105.114
10245.26,105.114
10245.63,105.113
10245.99,105.112
10246.36,105.112
10246.73,105.111
10247.09,105.109
10247.46,105.109
10247.83,105.108
10248.19,105.108
10248.56,105.106
10248.92,105.106
10249.29,105.105
10249.66,105.103
10250.02,105.103
10250.39,105.102
10250.76,105.101
10251.12,105.100
10251.49,105.100
10251.85,105.099
10252.22,105.097
10252.59,105.097
10252.95,105.096
10253.32,105.095
10253.68,105.094
10254.05,105.093
10254.42,105.092
10254.78,105.091
10255.15,105.090
10255.52,105.089
10255.88,105.088
10256.25,105.088
10256.61,105.087
10256.98,105.086
10257.35,105.084
10257.71,105.084
10258.08,105.083
10258.45,105.083
10258.81,105.081
10259.18,105.080
10259.54,105.079
10259.91,105.079
10260.28,105.078
10260.64,105.077
10261.01,105.076
10261.38,105.075
10261.74,105.074
10262.11,105.073
10262.47,105.072
10262.84,105.071
10263.21,105.070
10263.57,105.069
10263.94,105.068
10264.30,105.067
10264.67,105.066
10265.04,105.066
10265.40,105.065
10265.77,105.064
10266.14,105.063
10266.50,105.061
10266.87,105.061
10267.23,105.060
10267.60,105.059
10267.97,105.058
10268.33,105.057
10268.70,105.056
10269.07,105.054
10269.43,105.054
10269.80,105.053
10270.16,105.052
10270.53,105.051
10270.90,105.050
10271.26,105.049
10271.63,105.048
10272.00,105.047
10272.36,105.046
10272.73,105.046
10273.09,105.044
10273.46,105.043
10273.83,105.042
10274.19,105.041
10274.56,105.040
10274.92,105.039
10275.29,105.038
10275.66,105.037
10276.02,105.036
10276.39,105.035
10276.76,105.035
10277.12,105.033
10277.49,105.032
10277.85,105.031
10278.22,105.030
10278.59,105.029
10278.95,105.029
10279.32,105.028
10279.69,105.026
10280.05,105.025
10280.42,105.025
10280.78,105.023
10281.15,105.022
10281.52,105.021
10281.88,105.020
10282.25,105.019
10282.62,105.018
10282.98,105.017
10283.35,105.016
10283.71,105.015
10284.08,105.014
10284.45,105.013
10284.81,105.012
10285.18,105.011
10285.55,105.010
10285.91,105.008
10286.28,105.008
10286.64,105.006
10287.01,105.006
10287.38,105.005
10287.74,105.004
10288.11,105.002
10288.47,105.001
10288.84,105.000
10289.21,104.999
10289.57,104.999
10289.94,104.997
10290.31,104.996
10290.67,104.995
10291.04,104.994
10291.40,104.993
10291.77,104.992
10292.14,104.990
10292.50,104.989
10292.87,104.989
10293.24,104.987
10293.60,104.987
10293.97,104.986
10294.33,104.984
10294.70,104.983
10295.07,104.982
10295.43,104.981
10295.80,104.980
10296.17,104.978
10296.53,104.977
10296.90,104.977
10297.26,104.975
10297.63,104.975
10298.00,104.974
10298.36,104.972
10298.73,104.971
10299.09,104.970
10299.46,104.969
10299.83,104.968
10300.19,104.966
10300.56,104.965
10300.93,104.965
10301.29,104.963
10301.66,104.962
10302.02,104.961
10302.39,104.960
10302.76,104.959
10303.12,104.958
10303.49,104.957
10303.86,104.956
10304.22,104.954
10304.59,104.953
10304.95,104.952
10305.32,104.951
10305.69,104.950
10306.05,104.948
10306.42,104.947
10306.79,104.947
10307.15,104.945
10307.52,104.944
10307.88,104.942
10308.25,104.941
10308.62,104.941
10308.98,104.940
10309.35,104.939
10309.71,104.938
10310.08,104.936
10310.45,104.935
10310.81,104.934
10311.18,104.933
10311.55,104.931
10311.91,104.930
10312.28,104.929
10312.64,104.928
10313.01,104.927
10313.38,104.925
10313.74,104.924
10314.11,104.924
10314.48,104.922
10314.84,104.921
10315.21,104.919
10315.57,104.918
10315.94,104.918
10316.31,104.916
10316.67,104.915
10317.04,104.913
10317.41,104.912
10317.77,104.911
10318.14,104.910
10318.50,104.909
10318.87,104.907
10319.24,104.906
10319.60,104.905
10319.97,104.904
10320.34,104.903
10320.70,104.901
10321.07,104.901
10321.43,104.899
10321.80,104.899
10322.17,104.897
10322.53,104.896
10322.90,104.894
10323.26,104.894
10323.63,104.892
10324.00,104.891
10324.36,104.890
10324.73,104.888
10325.10,104.888
10325.46,104.886
10325.83,104.885
10326.19,104.883
10326.56,104.882
10326.93,104.881
10327.29,104.880
10327.66,104.879
10328.03,104.877
10328.39,104.876
10328.76,104.874
10329.12,104.874
10329.49,104.872
10329.86,104.871
10330.22,104.870
10330.59,104.868
10330.96,104.867
10331.32,104.866
10331.69,104.864
10332.05,104.863
10332.42,104.862
10332.79,104.861
10333.15,104.860
10333.52,104.858
10333.88,104.858
10334.25,104.856
10334.62,104.855
10334.98,104.853
10335.35,104.852
10335.72,104.851
10336.08,104.850
10336.45,104.848
10336.81,104.847
10337.18,104.845
10337.55,104.845
10337.91,104.843
10338.28,104.842
10338.65,104.840
10339.01,104.840
10339.38,104.838
10339.74,104.837
10340.11,104.835
10340.48,104.834
10340.84,104.832
10341.21,104.832
10341.58,104.830
10341.94,104.829
10342.31,104.828
10342.67,104.827
10343.04,104.825
10343.41,104.824
10343.77,104.823
10344.14,104.822
10344.51,104.820
10344.87,104.819
10345.24,104.817
10345.60,104.816
10345.97,104.815
10346.34,104.814
10346.70,104.812
10347.07,104.811
10347.43,104.809
10347.80,104.808
10348.17,104.806
10348.53,104.805
10348.90,104.804
10349.27,104.803
10349.63,104.802
10350.00,104.799
10350.36,104.799
10350.73,104.797
10351.10,104.796
10351.46,104.794
10351.83,104.793
10352.20,104.791
10352.56,104.791
10352.93,104.789
10353.29,104.788
10353.66,104.786
10354.03,104.786
10354.39,104.784
10354.76,104.782
10355.13,104.781
10355.49,104.779
10355.86,104.779
10356.22,104.777
10356.59,104.775
10356.96,104.774
10357.32,104.773
10357.69,104.772
10358.05,104.770
10358.42,104.769
10358.79,104.767
10359.15,104.766
10359.52,104.764
10359.89,104.763
10360.25,104.762
10360.62,104.761
10360.98,104.759
10361.35,104.758
10361.72,104.757
10362.08,104.755
10362.45,104.754
10362.82,104.752
10363.18,104.751
10363.55,104.749
10363.91,104.748
10364.28,104.746
10364.65,104.745
10365.01,104.744
10365.38,104.742
10365.75,104.741
10366.11,104.739
10366.48,104.738
10366.84,104.737
10367.21,104.735
10367.58,104.734
10367.94,104.733
10368.31,104.731
10368.67,104.730
10369.04,104.728
10369.41,104.727
10369.77,104.725
10370.14,104.724
10370.51,104.722
10370.87,104.721
10371.24,104.719
10371.60,104.718
10371.97,104.717
10372.34,104.715
10372.70,104.714
10373.07,104.713
10373.44,104.711
10373.80,104.709
10374.17,104.708
10374.53,104.707
10374.90,104.705
10375.27,104.704
10375.63,104.703
10376.00,104.701
10376.37,104.699
10376.73,104.698
10377.10,104.697
10377.46,104.695
10377.83,104.694
10378.20,104.692
10378.56,104.691
10378.93,104.689
10379.30,104.688
10379.66,104.686
10380.03,104.684
10380.39,104.684
10380.76,104.681
10381.13,104.680
10381.49,104.679
10381.86,104.677
10382.22,104.676
10382.59,104.674
10382.96,104.673
10383.32,104.671
10383.69,104.670
10384.06,104.668
10384.42,104.667
10384.79,104.666
10385.15,104.664
10385.52,104.662
10385.89,104.661
10386.25,104.660
10386.62,104.658
10386.99,104.656
10387.35,104.655
10387.72,104.654
10388.08,104.652
10388.45,104.650
10388.82,104.649
10389.18,104.648
10389.55,104.646
10389.92,104.644
10390.28,104.643
10390.65,104.642
10391.01,104.640
10391.38,104.638
10391.75,104.637
10392.11,104.635
10392.48,104.634
10392.84,104.632
10393.21,104.630
10393.58,104.630
10393.94,104.628
10394.31,104.626
10394.68,104.625
10395.04,104.623
10395.41,104.621
10395.77,104.620
10396.14,104.619
10396.51,104.617
10396.87,104.615
10397.24,104.614
10397.61,104.612
10397.97,104.611
10398.34,104.609
10398.70,104.608
10399.07,104.606
10399.44,104.605
10399.80,104.603
10400.17,104.602
10400.54,104.600
10400.90,104.599
10401.27,104.596
10401.63,104.596
10402.00,104.594
10402.37,104.592
10402.73,104.590
10403.10,104.589
10403.46,104.588
10403.83,104.586
10404.20,104.584
10404.56,104.583
10404.93,104.582
10405.30,104.579
10405.66,104.578
10406.03,104.577
10406.39,104.575
10406.76,104.573
10407.13,104.572
10407.49,104.570
10407.86,104.569
10408.23,104.567
10408.59,104.566
10408.96,104.564
10409.32,104.562
10409.69,104.561
10410.06,104.559
10410.42,104.558
10410.79,104.555
10411.16,104.554
10411.52,104.553
10411.89,104.551
10412.25,104.549
10412.62,104.548
10412.99,104.546
10413.35,104.544
10413.72,104.543
10414.09,104.541
10414.45,104.540
10414.82,104.538
10415.18,104.536
10415.55,104.535
10415.92,104.533
10416.28,104.532
10416.65,104.530
10417.01,104.528
10417.38,104.526
10417.75,104.525
10418.11,104.523
10418.48,104.522
10418.85,104.520
10419.21,104.519
10419.58,104.517
10419.94,104.515
10420.31,104.514
10420.68,104.512
10421.04,104.511
10421.41,104.508
10421.78,104.507
10422.14,104.505
10422.51,104.504
10422.87,104.502
10423.24,104.501
10423.61,104.499
10423.97,104.498
10424.34,104.495
10424.71,104.494
10425.07,104.493
10425.44,104.490
10425.80,104.489
10426.17,104.488
10426.54,104.486
10426.90,104.484
10427.27,104.482
10427.63,104.481
10428.00,104.479
10428.37,104.478
10428.73,104.475
10429.10,104.475
10429.47,104.472
10429.83,104.471
10430.20,104.469
10430.56,104.468
10430.93,104.466
10431.30,104.464
10431.66,104.462
10432.03,104.461
10432.40,104.459
10432.76,104.458
10433.13,104.456
10433.49,104.453
10433.86,104.453
10434.23,104.451
10434.59,104.449
10434.96,104.447
10435.33,104.446
10435.69,104.444
10436.06,104.442
10436.42,104.441
10436.79,104.439
10437.16,104.437
10437.52,104.435
10437.89,104.434
10438.26,104.431
10438.62,104.430
10438.99,104.428
10439.35,104.427
10439.72,104.425
10440.09,104.423
10440.45,104.422
10440.82,104.420
10441.18,104.418
10441.55,104.416
10441.92,104.415
10442.28,104.413
10442.65,104.412
10443.02,104.409
10443.38,104.408
10443.75,104.406
10444.11,104.404
10444.48,104.403
10444.85,104.401
10445.21,104.399
10445.58,104.398
10445.95,104.396
10446.31,104.394
10446.68,104.392
10447.04,104.391
10447.41,104.388
10447.78,104.387
10448.14,104.386
10448.51,104.383
10448.88,104.382
10449.24,104.380
10449.61,104.379
10449.97,104.377
10450.34,104.375
10450.71,104.373
10451.07,104.371
10451.44,104.369
10451.80,104.368
10452.17,104.366
10452.54,104.364
10452.90,104.363
10453.27,104.361
10453.64,104.359
10454.00,104.358
10454.37,104.356
10454.73,104.353
10455.10,104.352
10455.47,104.350
10455.83,104.349
10456.20,104.347
10456.57,104.345
10456.93,104.343
10457.30,104.341
10457.66,104.340
10458.03,104.338
10458.40,104.336
10458.76,104.335
10459.13,104.332
10459.50,104.331
10459.86,104.329
10460.23,104.328
10460.59,104.326
10460.96,104.323
10461.33,104.322
10461.69,104.320
10462.06,104.318
10462.42,104.317
10462.79,104.315
10463.16,104.313
10463.52,104.311
10463.89,104.309
10464.26,104.308
10464.62,104.305
10464.99,104.304
10465.35,104.302
10465.72,104.300
10466.09,104.298
10466.45,104.297
10466.82,104.294
10467.19,104.293
10467.55,104.291
10467.92,104.290
10468.28,104.287
10468.65,104.285
10469.02,104.284
10469.38,104.282
10469.75,104.280
10470.12,104.279
10470.48,104.277
10470.85,104.275
10471.21,104.273
10471.58,104.271
10471.95,104.269
10472.31,104.268
10472.68,104.266
10473.05,104.264
10473.41,104.262
10473.78,104.260
10474.14,104.258
10474.51,104.256
10474.88,104.255
10475.24,104.253
10475.61,104.251
10475.97,104.250
10476.34,104.248
10476.71,104.245
10477.07,104.244
10477.44,104.242
10477.81,104.240
10478.17,104.239
10478.54,104.237
10478.90,104.234
10479.27,104.233
10479.64,104.231
10480.00,104.229
10480.37,104.227
10480.74,104.225
10481.10,104.223
10481.47,104.221
10481.83,104.220
10482.20,104.218
10482.57,104.216
10482.93,104.214
10483.30,104.212
10483.67,104.210
10484.03,104.209
10484.40,104.207
10484.76,104.205
10485.13,104.203
10485.50,104.201
10485.86,104.199
10486.23,104.197
10486.59,104.195
10486.96,104.194
10487.33,104.192
10487.69,104.189
10488.06,104.188
10488.43,104.186
10488.79,104.184
10489.16,104.183
10489.52,104.180
10489.89,104.178
10490.26,104.177
10490.62,104.174
10490.99,104.172
10491.36,104.171
10491.72,104.169
10492.09,104.168
10492.45,104.165
10492.82,104.163
10493.19,104.162
10493.55,104.159
10493.92,104.157
10494.29,104.156
10494.65,104.154
10495.02,104.152
10495.38,104.150
10495.75,104.148
10496.12,104.147
10496.48,104.144
10496.85,104.142
10497.21,104.141
10497.58,104.138
10497.95,104.136
10498.31,104.135
10498.68,104.133
10499.05,104.131
10499.41,104.129
10499.78,104.127
10500.14,104.125
10500.51,104.124
10500.88,104.121
10501.24,104.120
10501.61,104.118
10501.98,104.115
10502.34,104.114
10502.71,104.112
10503.07,104.110
10503.44,104.108
10503.81,104.106
10504.17,104.104
10504.54,104.102
10504.91,104.100
10505.27,104.098
10505.64,104.096
10506.00,104.094
10506.37,104.093
10506.74,104.091
10507.10,104.089
10507.47,104.087
10507.84,104.085
10508.20,104.083
10508.57,104.081
10508.93,104.079
10509.30,104.077
10509.67,104.075
10510.03,104.073
10510.40,104.071
10510.76,104.069
10511.13,104.067
10511.50,104.065
10511.86,104.064
10512.23,104.061
10512.60,104.059
10512.96,104.058
10513.33,104.055
10513.69,104.053
10514.06,104.052
10514.43,104.049
10514.79,104.047
10515.16,104.046
10515.53,104.044
10515.89,104.042
10516.26,104.040
10516.62,104.038
10516.99,104.036
10517.36,104.034
10517.72,104.032
10518.09,104.030
10518.46,104.028
10518.82,104.026
10519.19,104.024
10519.55,104.022
10519.92,104.020
10520.29,104.019
10520.65,104.016
10521.02,104.014
10521.38,104.013
10521.75,104.010
10522.12,104.008
10522.48,104.007
10522.85,104.004
10523.22,104.002
10523.58,104.001
10523.95,103.999
10524.31,103.996
10524.68,103.995
10525.05,103.993
10525.41,103.990
10525.78,103.989
10526.15,103.987
10526.51,103.984
10526.88,103.983
10527.24,103.981
10527.61,103.978
10527.98,103.977
10528.34,103.975
10528.71,103.972
10529.08,103.971
10529.44,103.969
10529.81,103.966
10530.17,103.965
10530.54,103.962
10530.91,103.960
10531.27,103.959
10531.64,103.957
10532.01,103.954
10532.37,103.953
10532.74,103.951
10533.10,103.948
10533.47,103.947
10533.84,103.945
10534.20,103.942
10534.57,103.941
10534.93,103.939
10535.30,103.936
10535.67,103.934
10536.03,103.933
10536.40,103.930
10536.77,103.928
10537.13,103.927
10537.50,103.924
10537.86,103.922
10538.23,103.921
10538.60,103.918
10538.96,103.916
10539.33,103.914
10539.70,103.912
10540.06,103.910
10540.43,103.908
10540.79,103.906
10541.16,103.904
10541.53,103.902
10541.89,103.900
10542.26,103.898
10542.63,103.896
10542.99,103.894
10543.36,103.892
10543.72,103.890
10544.09,103.887
10544.46,103.886
10544.82,103.883
10545.19,103.881
10545.55,103.880
10545.92,103.877
10546.29,103.876
10546.65,103.874
10547.02,103.871
10547.39,103.870
10547.75,103.868
10548.12,103.865
10548.48,103.863
10548.85,103.861
10549.22,103.859
10549.58,103.857
10549.95,103.855
10550.32,103.853
10550.68,103.851
10551.05,103.849
10551.41,103.847
10551.78,103.844
10552.15,103.843
10552.51,103.841
10552.88,103.838
10553.25,103.837
10553.61,103.835
10553.98,103.832
10554.34,103.831
10554.71,103.829
10555.08,103.826
10555.44,103.824
10555.81,103.822
10556.17,103.820
10556.54,103.818
10556.91,103.816
10557.27,103.814
10557.64,103.812
10558.01,103.809
10558.37,103.808
10558.74,103.805
10559.10,103.803
10559.47,103.802
10559.84,103.799
10560.20,103.797
10560.57,103.795
10560.94,103.793
10561.30,103.791
10561.67,103.789
10562.03,103.787
10562.40,103.785
10562.77,103.782
10563.13,103.780
10563.50,103.778
10563.87,103.776
10564.23,103.774
10564.60,103.772
10564.96,103.770
10565.33,103.768
10565.70,103.766
10566.06,103.763
10566.43,103.761
10566.80,103.760
10567.16,103.757
10567.53,103.755
10567.89,103.753
10568.26,103.751
10568.63,103.749
10568.99,103.747
10569.36,103.745
10569.72,103.743
10570.09,103.740
10570.46,103.739
10570.82,103.737
10571.19,103.734
10571.56,103.733
10571.92,103.731
10572.29,103.728
10572.65,103.726
10573.02,103.724
10573.39,103.722
10573.75,103.720
10574.12,103.718
10574.49,103.715
10574.85,103.714
10575.22,103.712
10575.58,103.709
10575.95,103.707
10576.32,103.704
10576.68,103.703
10577.05,103.701
10577.42,103.698
10577.78,103.697
10578.15,103.694
10578.51,103.692
10578.88,103.690
10579.25,103.688
10579.61,103.686
10579.98,103.684
10580.34,103.681
10580.71,103.679
10581.08,103.678
10581.44,103.675
10581.81,103.673
10582.18,103.671
10582.54,103.669
10582.91,103.667
10583.27,103.665
10583.64,103.662
10584.01,103.660
10584.37,103.659
10584.74,103.656
10585.11,103.654
10585.47,103.651
10585.84,103.650
10586.20,103.647
10586.57,103.645
10586.94,103.643
10587.30,103.641
10587.67,103.639
10588.04,103.637
10588.40,103.635
10588.77,103.632
10589.13,103.631
10589.50,103.629
10589.87,103.626
10590.23,103.624
10590.60,103.622
10590.96,103.620
10591.33,103.618
10591.70,103.615
10592.06,103.614
10592.43,103.612
10592.80,103.609
10593.16,103.607
10593.53,103.605
10593.89,103.602
10594.26,103.601
10594.63,103.598
10594.99,103.596
10595.36,103.594
10595.73,103.592
10596.09,103.590
10596.46,103.588
10596.82,103.585
10597.19,103.584
10597.56,103.581
10597.92,103.579
10598.29,103.577
10598.66,103.575
10599.02,103.572
10599.39,103.571
10599.75,103.569
10600.12,103.566
10600.49,103.564
10600.85,103.561
10601.22,103.559
10601.59,103.558
10601.95,103.555
10602.32,103.553
10602.68,103.551
10603.05,103.549
10603.42,103.547
10603.78,103.544
10604.15,103.542
10604.51,103.540
10604.88,103.538
10605.25,103.536
10605.61,103.534
10605.98,103.531
10606.35,103.529
10606.71,103.528
10607.08,103.525
10607.44,103.522
10607.81,103.520
10608.18,103.519
10608.54,103.516
10608.91,103.514
10609.28,103.512
10609.64,103.510
10610.01,103.507
10610.37,103.506
10610.74,103.504
10611.11,103.501
10611.47,103.499
10611.84,103.497
10612.21,103.495
10612.57,103.493
10612.94,103.490
10613.30,103.487
10613.67,103.486
10614.04,103.483
10614.40,103.481
10614.77,103.479
10615.13,103.477
10615.50,103.475
10615.87,103.472
10616.23,103.471
10616.60,103.469
10616.97,103.466
10617.33,103.464
10617.70,103.462
10618.06,103.460
10618.43,103.458
10618.80,103.455
10619.16,103.453
10619.53,103.451
10619.90,103.448
10620.26,103.447
10620.63,103.444
10620.99,103.442
10621.36,103.440
10621.73,103.438
10622.09,103.435
10622.46,103.434
10622.83,103.431
10623.19,103.429
10623.56,103.427
10623.92,103.424
10624.29,103.422
10624.66,103.420
10625.02,103.418
10625.39,103.415
10625.76,103.413
10626.12,103.411
10626.49,103.409
10626.85,103.407
10627.22,103.404
10627.59,103.403
10627.95,103.400
10628.32,103.398
10628.68,103.396
10629.05,103.394
10629.42,103.392
10629.78,103.389
10630.15,103.387
10630.52,103.385
10630.88,103.382
10631.25,103.380
10631.61,103.378
10631.98,103.376
10632.35,103.374
10632.71,103.371
10633.08,103.370
10633.45,103.367
10633.81,103.365
10634.18,103.363
10634.54,103.361
10634.91,103.358
10635.28,103.356
10635.64,103.353
10636.01,103.351
10636.38,103.350
10636.74,103.347
10637.11,103.345
10637.47,103.343
10637.84,103.340
10638.21,103.339
10638.57,103.336
10638.94,103.334
10639.30,103.332
10639.67,103.329
10640.04,103.328
10640.40,103.326
10640.77,103.323
10641.14,103.320
10641.50,103.318
10641.87,103.316
10642.23,103.314
10642.60,103.311
10642.97,103.309
10643.33,103.308
10643.70,103.305
10644.07,103.303
10644.43,103.300
10644.80,103.298
10645.16,103.297
10645.53,103.294
10645.90,103.291
10646.26,103.290
10646.63,103.287
10647.00,103.285
10647.36,103.282
10647.73,103.281
10648.09,103.279
10648.46,103.276
10648.83,103.274
10649.19,103.272
10649.56,103.269
10649.92,103.268
10650.29,103.265
10650.66,103.263
10651.02,103.260
10651.39,103.258
10651.76,103.256
10652.12,103.254
10652.49,103.251
10652.85,103.249
10653.22,103.247
10653.59,103.245
10653.95,103.243
10654.32,103.240
10654.69,103.238
10655.05,103.236
10655.42,103.234
10655.78,103.232
10656.15,103.229
10656.52,103.226
10656.88,103.225
10657.25,103.222
10657.62,103.220
10657.98,103.218
10658.35,103.215
10658.71,103.213
10659.08,103.212
10659.45,103.209
10659.81,103.207
10660.18,103.204
10660.55,103.203
10660.91,103.200
10661.28,103.198
10661.64,103.195
10662.01,103.193
10662.38,103.191
10662.74,103.189
10663.11,103.186
10663.47,103.184
10663.84,103.182
10664.21,103.180
10664.57,103.178
10664.94,103.175
10665.31,103.173
10665.67,103.171
10666.04,103.168
10666.40,103.166
10666.77,103.164
10667.14,103.162
10667.50,103.160
10667.87,103.157
10668.24,103.155
10668.60,103.153
10668.97,103.150
10669.33,103.149
10669.70,103.146
10670.07,103.144
10670.43,103.142
10670.80,103.139
10671.17,103.137
10671.53,103.135
10671.90,103.132
10672.26,103.130
10672.63,103.128
10673.00,103.126
10673.36,103.124
10673.73,103.121
10674.09,103.119
10674.46,103.117
10674.83,103.114
10675.19,103.112
10675.56,103.110
10675.93,103.108
10676.29,103.106
10676.66,103.103
10677.02,103.101
10677.39,103.099
10677.76,103.096
10678.12,103.094
10678.49,103.091
10678.86,103.090
10679.22,103.087
10679.59,103.085
10679.95,103.083
10680.32,103.081
10680.69,103.078
10681.05,103.076
10681.42,103.074
10681.79,103.072
10682.15,103.070
10682.52,103.067
10682.88,103.065
10683.25,103.062
10683.62,103.060
10683.98,103.058
10684.35,103.055
10684.72,103.053
10685.08,103.051
10685.45,103.049
10685.81,103.047
10686.18,103.044
10686.55,103.042
10686.91,103.040
10687.28,103.037
10687.64,103.035
10688.01,103.033
10688.38,103.031
10688.74,103.028
10689.11,103.026
10689.48,103.023
10689.84,103.022
10690.21,103.019
10690.57,103.017
10690.94,103.014
10691.31,103.012
10691.67,103.010
10692.04,103.008
10692.41,103.005
10692.77,103.004
10693.14,103.001
10693.50,102.999
10693.87,102.996
10694.24,102.995
10694.60,102.992
10694.97,102.989
10695.34,102.987
10695.70,102.985
10696.07,102.983
10696.43,102.981
10696.80,102.978
10697.17,102.976
10697.53,102.974
10697.90,102.971
10698.26,102.969
10698.63,102.967
10699.00,102.965
10699.36,102.963
10699.73,102.960
10700.10,102.958
10700.46,102.956
10700.83,102.953
10701.19,102.951
10701.56,102.948
10701.93,102.946
10702.29,102.944
10702.66,102.942
10703.03,102.939
10703.39,102.938
10703.76,102.935
10704.12,102.933
10704.49,102.930
10704.86,102.928
10705.22,102.926
10705.59,102.924
10705.96,102.922
10706.32,102.919
10706.69,102.917
10707.05,102.915
10707.42,102.912
10707.79,102.910
10708.15,102.907
10708.52,102.905
10708.88,102.903
10709.25,102.900
10709.62,102.898
10709.98,102.896
10710.35,102.894
10710.72,102.892
10711.08,102.889
10711.45,102.887
10711.81,102.885
10712.18,102.882
10712.55,102.880
10712.91,102.878
10713.28,102.876
10713.65,102.874
10714.01,102.871
10714.38,102.869
10714.74,102.867
10715.11,102.864
10715.48,102.862
10715.84,102.859
10716.21,102.857
10716.58,102.855
10716.94,102.852
10717.31,102.850
10717.67,102.848
10718.04,102.846
10718.41,102.844
10718.77,102.841
10719.14,102.839
10719.51,102.837
10719.87,102.834
10720.24,102.833
10720.60,102.830
10720.97,102.828
10721.34,102.826
10721.70,102.823
10722.07,102.821
10722.43,102.819
10722.80,102.816
10723.17,102.814
10723.53,102.811
10723.90,102.809
10724.27,102.807
10724.63,102.804
10725.00,102.803
10725.36,102.800
10725.73,102.798
10726.10,102.796
10726.46,102.793
10726.83,102.791
10727.20,102.788
10727.56,102.787
10727.93,102.784
10728.29,102.782
10728.66,102.780
10729.03,102.778
10729.39,102.775
10729.76,102.773
10730.13,102.770
10730.49,102.768
10730.86,102.766
10731.22,102.763
10731.59,102.761
10731.96,102.759
10732.32,102.757
10732.69,102.754
10733.05,102.752
10733.42,102.750
10733.79,102.747
10734.15,102.745
10734.52,102.743
10734.89,102.740
10735.25,102.738
10735.62,102.736
10735.98,102.733
10736.35,102.731
10736.72,102.729
10737.08,102.726
10737.45,102.725
10737.82,102.722
10738.18,102.720
10738.55,102.718
10738.91,102.715
10739.28,102.713
10739.65,102.710
10740.01,102.709
10740.38,102.706
10740.75,102.704
10741.11,102.702
10741.48,102.700
10741.84,102.697
10742.21,102.695
10742.58,102.692
10742.94,102.690
10743.31,102.688
10743.67,102.685
10744.04,102.684
10744.41,102.680
10744.77,102.678
10745.14,102.676
10745.51,102.673
10745.87,102.672
10746.24,102.669
10746.60,102.667
10746.97,102.665
10747.34,102.662
10747.70,102.660
10748.07,102.657
10748.44,102.656
10748.80,102.653
10749.17,102.651
10749.53,102.649
10749.90,102.646
10750.27,102.644
10750.63,102.642
10751.00,102.639
10751.37,102.637
10751.73,102.635
10752.10,102.632
10752.46,102.630
10752.83,102.628
10753.20,102.625
10753.56,102.624
10753.93,102.621
10754.30,102.618
10754.66,102.617
10755.03,102.614
10755.39,102.612
10755.76,102.609
10756.13,102.608
10756.49,102.605
10756.86,102.602
10757.22,102.601
10757.59,102.598
10757.96,102.596
10758.32,102.594
10758.69,102.591
10759.06,102.589
10759.42,102.587
10759.79,102.584
10760.15,102.582
10760.52,102.579
10760.89,102.578
10761.25,102.575
10761.62,102.573
10761.99,102.570
10762.35,102.568
10762.72,102.566
10763.08,102.564
10763.45,102.561
10763.82,102.559
10764.18,102.556
10764.55,102.554
10764.92,102.552
10765.28,102.550
10765.65,102.547
10766.01,102.545
10766.38,102.543
10766.75,102.541
10767.11,102.538
10767.48,102.536
10767.84,102.534
10768.21,102.531
10768.58,102.529
10768.94,102.527
10769.31,102.525
10769.68,102.522
10770.04,102.520
10770.41,102.517
10770.77,102.516
10771.14,102.513
10771.51,102.511
10771.87,102.508
10772.24,102.506
10772.61,102.504
10772.97,102.501
10773.34,102.499
10773.70,102.497
10774.07,102.495
10774.44,102.493
10774.80,102.490
10775.17,102.488
10775.54,102.486
10775.90,102.483
10776.27,102.481
10776.63,102.478
10777.00,102.476
10777.37,102.474
10777.73,102.471
10778.10,102.469
10778.47,102.467
10778.83,102.465
10779.20,102.463
10779.56,102.460
10779.93,102.457
10780.30,102.456
10780.66,102.453
10781.03,102.451
10781.39,102.448
10781.76,102.446
10782.13,102.444
10782.49,102.441
10782.86,102.439
10783.23,102.437
10783.59,102.434
10783.96,102.433
10784.32,102.430
10784.69,102.428
10785.06,102.425
10785.42,102.423
10785.79,102.421
10786.16,102.418
10786.52,102.416
10786.89,102.414
10787.25,102.412
10787.62,102.409
10787.99,102.407
10788.35,102.404
10788.72,102.402
10789.09,102.400
10789.45,102.398
10789.82,102.395
10790.18,102.393
10790.55,102.391
10790.92,102.388
10791.28,102.386
10791.65,102.383
10792.01,102.381
10792.38,102.379
10792.75,102.377
10793.11,102.374
10793.48,102.372
10793.85,102.370
10794.21,102.368
10794.58,102.365
10794.94,102.364
10795.31,102.361
10795.68,102.359
10796.04,102.357
10796.41,102.354
10796.78,102.352
10797.14,102.350
10797.51,102.347
10797.87,102.345
10798.24,102.343
10798.61,102.340
10798.97,102.338
10799.34,102.335
10799.71,102.334
10800.07,102.331
10800.44,102.329
10800.80,102.326
10801.17,102.324
10801.54,102.322
10801.90,102.320
10802.27,102.317
10802.63,102.315
10803.00,102.312
10803.37,102.310
10803.73,102.308
10804.10,102.305
10804.47,102.303
10804.83,102.302
10805.20,102.299
10805.56,102.297
10805.93,102.294
10806.30,102.292
10806.66,102.290
10807.03,102.287
10807.40,102.285
10807.76,102.283
10808.13,102.280
10808.49,102.278
10808.86,102.276
10809.23,102.273
10809.59,102.271
10809.96,102.269
10810.33,102.267
10810.69,102.264
10811.06,102.262
10811.42,102.260
10811.79,102.257
10812.16,102.255
10812.52,102.252
10812.89,102.251
10813.26,102.249
10813.62,102.246
10813.99,102.244
10814.35,102.242
10814.72,102.239
10815.09,102.237
10815.45,102.234
10815.82,102.233
10816.18,102.230
10816.55,102.227
10816.92,102.225
10817.28,102.223
10817.65,102.221
10818.02,102.219
10818.38,102.216
10818.75,102.214
10819.11,102.212
10819.48,102.209
10819.85,102.207
10820.21,102.205
10820.58,102.203
10820.95,102.200
10821.31,102.198
10821.68,102.196
10822.04,102.194
10822.41,102.191
10822.78,102.189
10823.14,102.186
10823.51,102.184
10823.88,102.181
10824.24,102.179
10824.61,102.177
10824.97,102.174
10825.34,102.172
10825.71,102.170
10826.07,102.168
10826.44,102.166
10826.80,102.163
10827.17,102.161
10827.54,102.159
10827.90,102.156
10828.27,102.154
10828.64,102.152
10829.00,102.150
10829.37,102.148
10829.73,102.145
10830.10,102.143
10830.47,102.141
10830.83,102.138
10831.20,102.136
10831.57,102.133
10831.93,102.132
10832.30,102.129
10832.66,102.127
10833.03,102.125
10833.40,102.122
10833.76,102.120
10834.13,102.118
10834.50,102.115
10834.86,102.113
10835.23,102.111
10835.59,102.108
10835.96,102.106
10836.33,102.103
10836.69,102.102
10837.06,102.100
10837.42,102.097
10837.79,102.095
10838.16,102.093
10838.52,102.090
10838.89,102.088
10839.26,102.085
10839.62,102.083
10839.99,102.081
10840.35,102.078
10840.72,102.076
10841.09,102.074
10841.45,102.072
10841.82,102.070
10842.19,102.067
10842.55,102.065
10842.92,102.062
10843.28,102.060
10843.65,102.058
10844.02,102.055
10844.38,102.053
10844.75,102.051
10845.12,102.048
10845.48,102.047
10845.85,102.044
10846.21,102.042
10846.58,102.040
10846.95,102.037
10847.31,102.035
10847.68,102.033
10848.05,102.030
10848.41,102.029
10848.78,102.026
10849.14,102.023
10849.51,102.022
10849.88,102.019
10850.24,102.017
10850.61,102.015
10850.97,102.012
10851.34,102.010
10851.71,102.008
10852.07,102.005
10852.44,102.003
10852.81,102.001
10853.17,101.999
10853.54,101.996
10853.90,101.994
10854.27,101.992
10854.64,101.989
10855.00,101.987
10855.37,101.985
10855.74,101.983
10856.10,101.981
10856.47,101.978
10856.83,101.976
10857.20,101.974
10857.57,101.971
10857.93,101.969
10858.30,101.967
10858.67,101.965
10859.03,101.963
10859.40,101.960
10859.76,101.958
10860.13,101.956
10860.50,101.953
10860.86,101.951
10861.23,101.948
10861.59,101.947
10861.96,101.944
10862.33,101.942
10862.69,101.940
10863.06,101.937
10863.43,101.935
10863.79,101.933
10864.16,101.930
10864.52,101.928
10864.89,101.926
10865.26,101.923
10865.62,101.922
10865.99,101.919
10866.36,101.916
10866.72,101.915
10867.09,101.912
10867.45,101.910
10867.82,101.907
10868.19,101.905
10868.55,101.903
10868.92,101.901
10869.29,101.898
10869.65,101.897
10870.02,101.894
10870.38,101.892
10870.75,101.889
10871.12,101.887
10871.48,101.885
10871.85,101.883
10872.22,101.880
10872.58,101.878
10872.95,101.876
10873.31,101.874
10873.68,101.871
10874.05,101.869
10874.41,101.867
10874.78,101.864
10875.14,101.862
10875.51,101.860
10875.88,101.858
10876.24,101.856
10876.61,101.853
10876.98,101.851
10877.34,101.849
10877.71,101.846
10878.07,101.844
10878.44,101.842
10878.81,101.840
10879.17,101.838
10879.54,101.835
10879.91,101.833
10880.27,101.831
10880.64,101.828
10881.00,101.826
10881.37,101.824
10881.74,101.822
10882.10,101.819
10882.47,101.817
10882.84,101.815
10883.20,101.812
10883.57,101.810
10883.93,101.808
10884.30,101.805
10884.67,101.803
10885.03,101.801
10885.40,101.798
10885.76,101.797
10886.13,101.794
10886.50,101.792
10886.86,101.790
10887.23,101.787
10887.60,101.785
10887.96,101.783
10888.33,101.780
10888.69,101.779
10889.06,101.776
10889.43,101.773
10889.79,101.772
10890.16,101.769
10890.53,101.767
10890.89,101.765
10891.26,101.762
10891.62,101.760
10891.99,101.758
10892.36,101.755
10892.72,101.754
10893.09,101.751
10893.46,101.749
10893.82,101.747
10894.19,101.744
10894.55,101.742
10894.92,101.740
10895.29,101.737
10895.65,101.736
10896.02,101.733
10896.38,101.731
10896.75,101.728
10897.12,101.727
10897.48,101.724
10897.85,101.722
10898.22,101.719
10898.58,101.718
10898.95,101.715
10899.31,101.713
10899.68,101.710
10900.05,101.709
10900.41,101.706
10900.78,101.704
10901.15,101.702
10901.51,101.700
10901.88,101.697
10902.24,101.695
10902.61,101.692
10902.98,101.691
10903.34,101.688
10903.71,101.686
10904.08,101.684
10904.44,101.681
10904.81,101.679
10905.17,101.677
10905.54,101.674
10905.91,101.672
10906.27,101.670
10906.64,101.668
10907.01,101.666
10907.37,101.663
10907.74,101.661
10908.10,101.659
10908.47,101.656
10908.84,101.654
10909.20,101.653
10909.57,101.650
10909.93,101.648
10910.30,101.645
10910.67,101.643
10911.03,101.641
10911.40,101.638
10911.77,101.636
10912.13,101.635
10912.50,101.632
10912.86,101.630
10913.23,101.627
10913.60,101.625
10913.96,101.623
10914.33,101.621
10914.70,101.618
10915.06,101.617
10915.43,101.614
10915.79,101.612
10916.16,101.609
10916.53,101.607
10916.89,101.606
10917.26,101.603
10917.63,101.600
10917.99,101.599
10918.36,101.596
10918.72,101.594
10919.09,101.591
10919.46,101.590
10919.82,101.588
10920.19,101.585
10920.55,101.583
10920.92,101.581
10921.29,101.578
10921.65,101.577
10922.02,101.574
10922.39,101.572
10922.75,101.570
10923.12,101.567
10923.48,101.565
10923.85,101.562
10924.22,101.560
10924.58,101.559
10924.95,101.556
10925.32,101.554
10925.68,101.552
10926.05,101.549
10926.41,101.547
10926.78,101.545
10927.15,101.542
10927.51,101.541
10927.88,101.538
10928.25,101.536
10928.61,101.534
10928.98,101.531
10929.34,101.529
10929.71,101.527
10930.08,101.525
10930.44,101.523
10930.81,101.520
10931.17,101.518
10931.54,101.516
10931.91,101.514
10932.27,101.511
10932.64,101.509
10933.01,101.507
10933.37,101.505
10933.74,101.502
10934.10,101.501
10934.47,101.498
10934.84,101.496
10935.20,101.493
10935.57,101.492
10935.94,101.489
10936.30,101.487
10936.67,101.485
10937.03,101.483
10937.40,101.481
10937.77,101.478
10938.13,101.475
10938.50,101.474
10938.87,101.471
10939.23,101.470
10939.60,101.467
10939.96,101.465
10940.33,101.463
10940.70,101.460
10941.06,101.458
10941.43,101.456
10941.80,101.454
10942.16,101.452
10942.53,101.449
10942.89,101.447
10943.26,101.445
10943.63,101.442
10943.99,101.441
10944.36,101.438
10944.72,101.436
10945.09,101.434
10945.46,101.431
10945.82,101.429
10946.19,101.428
10946.56,101.425
10946.92,101.422
10947.29,101.421
10947.65,101.418
10948.02,101.416
10948.39,101.413
10948.75,101.412
10949.12,101.410
10949.49,101.407
10949.85,101.405
10950.22,101.403
10950.58,101.400
10950.95,101.398
10951.32,101.396
10951.68,101.394
10952.05,101.392
10952.42,101.389
10952.78,101.387
10953.15,101.385
10953.51,101.383
10953.88,101.381
10954.25,101.379
10954.61,101.376
10954.98,101.374
10955.34,101.371
10955.71,101.370
10956.08,101.368
10956.44,101.365
10956.81,101.363
10957.18,101.361
10957.54,101.358
10957.91,101.356
10958.27,101.354
10958.64,101.352
10959.01,101.350
10959.37,101.347
10959.74,101.346
10960.11,101.343
10960.47,101.340
10960.84,101.339
10961.20,101.337
10961.57,101.334
10961.94,101.332
10962.30,101.330
10962.67,101.328
10963.04,101.326
10963.40,101.323
10963.77,101.321
10964.13,101.319
10964.50,101.316
10964.87,101.315
10965.23,101.312
10965.60,101.310
10965.97,101.308
10966.33,101.306
10966.70,101.304
10967.06,101.302
10967.43,101.299
10967.80,101.297
10968.16,101.294
10968.53,101.293
10968.89,101.291
10969.26,101.288
10969.63,101.286
10969.99,101.284
10970.36,101.281
10970.73,101.279
10971.09,101.278
10971.46,101.275
10971.82,101.273
10972.19,101.270
10972.56,101.269
10972.92,101.266
10973.29,101.264
10973.66,101.262
10974.02,101.260
10974.39,101.257
10974.75,101.255
10975.12,101.253
10975.49,101.251
10975.85,101.249
10976.22,101.246
10976.59,101.244
10976.95,101.242
10977.32,101.240
10977.68,101.237
10978.05,101.236
10978.42,101.233
10978.78,101.231
10979.15,101.229
10979.51,101.227
10979.88,101.225
10980.25,101.222
10980.61,101.220
10980.98,101.218
10981.35,101.216
10981.71,101.214
10982.08,101.212
10982.44,101.209
10982.81,101.207
10983.18,101.205
10983.54,101.202
10983.91,101.201
10984.28,101.198
10984.64,101.197
10985.01,101.194
10985.37,101.192
10985.74,101.190
10986.11,101.188
10986.47,101.185
10986.84,101.184
10987.21,101.181
10987.57,101.179
10987.94,101.177
10988.30,101.174
10988.67,101.172
10989.04,101.170
10989.40,101.168
10989.77,101.166
10990.13,101.164
10990.50,101.161
10990.87,101.160
10991.23,101.157
10991.60,101.155
10991.97,101.153
10992.33,101.151
10992.70,101.148
10993.06,101.147
10993.43,101.144
10993.80,101.142
10994.16,101.139
10994.53,101.137
10994.90,101.136
10995.26,101.133
10995.63,101.131
10995.99,101.129
10996.36,101.126
10996.73,101.124
10997.09,101.123
10997.46,101.120
10997.83,101.119
10998.19,101.116
10998.56,101.114
10998.92,101.112
10999.29,101.109
10999.66,101.107
11000.02,101.105
11000.39,101.102
11000.76,101.101
11001.12,101.099
11001.49,101.096
11001.85,101.095
11002.22,101.092
11002.59,101.090
11002.95,101.088
11003.32,101.085
11003.68,101.084
11004.05,101.082
11004.42,101.079
11004.78,101.077
11005.15,101.075
11005.52,101.072
11005.88,101.071
11006.25,101.068
11006.61,101.066
11006.98,101.064
11007.35,101.062
11007.71,101.060
11008.08,101.058
11008.45,101.055
11008.81,101.053
11009.18,101.051
11009.54,101.049
11009.91,101.047
11010.28,101.045
11010.64,101.043
11011.01,101.040
11011.38,101.038
11011.74,101.036
11012.11,101.034
11012.47,101.031
11012.84,101.029
11013.21,101.027
11013.57,101.025
11013.94,101.024
11014.30,101.021
11014.67,101.019
11015.04,101.017
11015.40,101.014
11015.77,101.013
11016.14,101.010
11016.50,101.008
11016.87,101.005
11017.23,101.004
11017.60,101.002
11017.97,101.000
11018.33,100.998
11018.70,100.995
11019.07,100.993
11019.43,100.991
11019.80,100.989
11020.16,100.987
11020.53,100.984
11020.90,100.983
11021.26,100.981
11021.63,100.978
11022.00,100.976
11022.36,100.974
11022.73,100.971
11023.09,100.970
11023.46,100.967
11023.83,100.965
11024.19,100.963
11024.56,100.960
11024.92,100.959
11025.29,100.957
11025.66,100.954
11026.02,100.953
11026.39,100.950
11026.76,100.948
11027.12,100.946
11027.49,100.944
11027.85,100.941
11028.22,100.940
11028.59,100.937
11028.95,100.935
11029.32,100.933
11029.69,100.931
11030.05,100.929
11030.42,100.927
11030.78,100.924
11031.15,100.922
11031.52,100.921
11031.88,100.918
11032.25,100.916
11032.62,100.913
11032.98,100.911
11033.35,100.910
11033.71,100.907
11034.08,100.905
11034.45,100.903
11034.81,100.901
11035.18,100.899
11035.55,100.897
11035.91,100.894
11036.28,100.892
11036.64,100.891
11037.01,100.888
11037.38,100.886
11037.74,100.884
11038.11,100.882
11038.47,100.880
11038.84,100.877
11039.21,100.875
11039.57,100.873
11039.94,100.871
11040.31,100.870
11040.67,100.867
11041.04,100.865
11041.40,100.863
11041.77,100.861
11042.14,100.858
11042.50,100.857
11042.87,100.854
11043.24,100.852
11043.60,100.850
11043.97,100.848
11044.33,100.846
11044.70,100.844
11045.07,100.841
11045.43,100.839
11045.80,100.837
11046.17,100.835
11046.53,100.832
11046.90,100.831
11047.26,100.829
11047.63,100.827
11048.00,100.825
11048.36,100.822
11048.73,100.821
11049.09,100.819
11049.46,100.816
11049.83,100.814
11050.19,100.812
11050.56,100.809
11050.93,100.808
11051.29,100.805
11051.66,100.803
11052.02,100.801
11052.39,100.799
11052.76,100.797
11053.12,100.795
11053.49,100.793
11053.86,100.790
11054.22,100.788
11054.59,100.786
11054.95,100.784
11055.32,100.782
11055.69,100.780
11056.05,100.778
11056.42,100.775
11056.79,100.773
11057.15,100.772
11057.52,100.769
11057.88,100.767
11058.25,100.765
11058.62,100.763
11058.98,100.761
11059.35,100.758
11059.72,100.756
11060.08,100.755
11060.45,100.752
11060.81,100.751
11061.18,100.749
11061.55,100.746
11061.91,100.745
11062.28,100.742
11062.64,100.740
11063.01,100.738
11063.38,100.736
11063.74,100.734
11064.11,100.732
11064.48,100.730
11064.84,100.727
11065.21,100.726
11065.57,100.723
11065.94,100.721
11066.31,100.719
11066.67,100.717
11067.04,100.715
11067.41,100.713
11067.77,100.710
11068.14,100.708
11068.50,100.706
11068.87,100.704
11069.24,100.702
11069.60,100.700
11069.97,100.697
11070.34,100.696
11070.70,100.694
11071.07,100.691
11071.43,100.689
11071.80,100.687
11072.17,100.685
11072.53,100.683
11072.90,100.681
11073.26,100.678
11073.63,100.677
11074.00,100.674
11074.36,100.672
11074.73,100.671
11075.10,100.668
11075.46,100.666
11075.83,100.664
11076.19,100.662
11076.56,100.660
11076.93,100.658
11077.29,100.656
11077.66,100.654
11078.03,100.651
11078.39,100.649
11078.76,100.648
11079.12,100.645
11079.49,100.643
11079.86,100.641
11080.22,100.639
11080.59,100.637
11080.96,100.635
11081.32,100.632
11081.69,100.630
11082.05,100.629
11082.42,100.626
11082.79,100.624
11083.15,100.622
11083.52,100.620
11083.88,100.618
11084.25,100.616
11084.62,100.614
11084.98,100.612
11085.35,100.609
11085.72,100.608
11086.08,100.606
11086.45,100.603
11086.81,100.602
11087.18,100.599
11087.55,100.597
11087.91,100.595
11088.28,100.593
11088.65,100.590
11089.01,100.589
11089.38,100.587
11089.74,100.584
11090.11,100.583
11090.48,100.581
11090.84,100.578
11091.21,100.577
11091.58,100.575
11091.94,100.572
11092.31,100.570
11092.67,100.567
11093.04,100.566
11093.41,100.564
11093.77,100.561
11094.14,100.559
11094.51,100.558
11094.87,100.555
11095.24,100.553
11095.60,100.552
11095.97,100.549
11096.34,100.547
11096.70,100.544
11097.07,100.542
11097.43,100.541
11097.80,100.538
11098.17,100.536
11098.53,100.535
11098.90,100.532
11099.27,100.530
11099.63,100.528
11100.00,100.526
11100.36,100.524
11100.73,100.522
11101.10,100.520
11101.46,100.518
11101.83,100.516
11102.20,100.514
11102.56,100.511
11102.93,100.509
11103.29,100.507
11103.66,100.505
11104.03,100.503
11104.39,100.501
11104.76,100.499
11105.13,100.497
11105.49,100.495
11105.86,100.493
11106.22,100.490
11106.59,100.489
11106.96,100.487
11107.32,100.484
11107.69,100.483
11108.05,100.480
11108.42,100.478
11108.79,100.476
11109.15,100.474
11109.52,100.472
11109.89,100.470
11110.25,100.468
11110.62,100.466
11110.98,100.463
11111.35,100.462
11111.72,100.460
11112.08,100.457
11112.45,100.456
11112.82,100.454
11113.18,100.451
11113.55,100.449
11113.91,100.447
11114.28,100.445
11114.65,100.443
11115.01,100.441
11115.38,100.439
11115.75,100.436
11116.11,100.434
11116.48,100.433
11116.84,100.430
11117.21,100.428
11117.58,100.426
11117.94,100.424
11118.31,100.422
11118.67,100.420
11119.04,100.418
11119.41,100.416
11119.77,100.413
11120.14,100.411
11120.51,100.410
11120.87,100.407
11121.24,100.406
11121.60,100.403
11121.97,100.401
11122.34,100.400
11122.70,100.397
11123.07,100.395
11123.44,100.393
11123.80,100.391
11124.17,100.389
11124.53,100.387
11124.90,100.385
11125.27,100.382
11125.63,100.381
11126.00,100.379
11126.37,100.376
11126.73,100.374
11127.10,100.372
11127.46,100.370
11127.83,100.368
11128.20,100.366
11128.56,100.364
11128.93,100.362
11129.30,100.360
11129.66,100.358
11130.03,100.356
11130.39,100.353
11130.76,100.352
11131.13,100.350
11131.49,100.347
11131.86,100.346
11132.22,100.344
11132.59,100.341
11132.96,100.339
11133.32,100.337
11133.69,100.335
11134.06,100.333
11134.42,100.331
11134.79,100.328
11135.15,100.327
11135.52,100.325
11135.89,100.323
11136.25,100.320
11136.62,100.319
11136.99,100.317
11137.35,100.314
11137.72,100.312
11138.08,100.310
11138.45,100.309
11138.82,100.306
11139.18,100.304
11139.55,100.302
11139.92,100.299
11140.28,100.297
11140.65,100.296
11141.01,100.293
11141.38,100.291
11141.75,100.290
11142.11,100.287
11142.48,100.285
11142.84,100.283
11143.21,100.281
11143.58,100.279
11143.94,100.277
11144.31,100.275
11144.68,100.273
11145.04,100.270
11145.41,100.268
11145.77,100.267
11146.14,100.264
11146.51,100.263
11146.87,100.261
11147.24,100.258
11147.61,100.256
11147.97,100.254
11148.34,100.252
11148.70,100.250
11149.07,100.248
11149.44,100.246
11149.80,100.243
11150.17,100.242
11150.54,100.240
11150.90,100.237
11151.27,100.236
11151.63,100.233
11152.00,100.231
11152.37,100.230
11152.73,100.227
11153.10,100.225
11153.47,100.223
11153.83,100.221
11154.20,100.219
11154.56,100.217
11154.93,100.215
11155.30,100.213
11155.66,100.210
11156.03,100.209
11156.39,100.207
11156.76,100.204
11157.13,100.203
11157.49,100.201
11157.86,100.198
11158.23,100.196
11158.59,100.194
11158.96,100.192
11159.32,100.190
11159.69,100.188
11160.06,100.186
11160.42,100.184
11160.79,100.182
11161.16,100.180
11161.52,100.178
11161.89,100.175
11162.25,100.173
11162.62,100.171
11162.99,100.169
11163.35,100.167
11163.72,100.165
11164.09,100.163
11164.45,100.161
11164.82,100.159
11165.18,100.156
11165.55,100.155
11165.92,100.153
11166.28,100.150
11166.65,100.148
11167.01,100.147
11167.38,100.144
11167.75,100.142
11168.11,100.141
11168.48,100.138
11168.85,100.136
11169.21,100.134
11169.58,100.132
11169.94,100.130
11170.31,100.128
11170.68,100.125
11171.04,100.124
11171.41,100.121
11171.78,100.120
11172.14,100.118
11172.51,100.115
11172.87,100.114
11173.24,100.111
11173.61,100.109
11173.97,100.107
11174.34,100.105
11174.71,100.103
11175.07,100.101
11175.44,100.099
11175.80,100.096
11176.17,100.095
11176.54,100.093
11176.90,100.090
11177.27,100.088
11177.63,100.087
11178.00,100.084
11178.37,100.082
11178.73,100.080
11179.10,100.078
11179.47,100.076
11179.83,100.074
11180.20,100.072
11180.56,100.070
11180.93,100.067
11181.30,100.066
11181.66,100.064
11182.03,100.061
11182.40,100.059
11182.76,100.058
11183.13,100.055
11183.49,100.053
11183.86,100.052
11184.23,100.049
11184.59,100.047
11184.96,100.045
11185.33,100.043
11185.69,100.041
11186.06,100.039
11186.42,100.037
11186.79,100.035
11187.16,100.032
11187.52,100.030
11187.89,100.028
11188.26,100.026
11188.62,100.024
11188.99,100.022
11189.35,100.020
11189.72,100.018
11190.09,100.016
11190.45,100.013
11190.82,100.011
11191.18,100.010
11191.55,100.007
11191.92,100.005
11192.28,100.004
11192.65,100.001
11193.02,99.999
11193.38,99.997
11193.75,99.995
11194.11,99.993
11194.48,99.990
11194.85,99.988
11195.21,99.987
11195.58,99.984
11195.95,99.982
11196.31,99.981
11196.68,99.978
11197.04,99.976
11197.41,99.974
11197.78,99.971
11198.14,99.970
11198.51,99.968
11198.88,99.966
11199.24,99.964
11199.61,99.962
11199.97,99.959
11200.34,99.957
11200.71,99.956
11201.07,99.953
11201.44,99.952
11201.80,99.949
11202.17,99.947
11202.54,99.945
11202.90,99.942
11203.27,99.941
11203.64,99.939
11204.00,99.936
11204.37,99.934
11204.73,99.932
11205.10,99.930
11205.47,99.928
11205.83,99.926
11206.20,99.924
11206.57,99.921
11206.93,99.920
11207.30,99.918
11207.66,99.916
11208.03,99.913
11208.40,99.912
11208.76,99.909
11209.13,99.907
11209.50,99.905
11209.86,99.903
11210.23,99.901
11210.59,99.898
11210.96,99.897
11211.33,99.894
11211.69,99.893
11212.06,99.891
11212.43,99.888
11212.79,99.886
11213.16,99.884
11213.52,99.882
11213.89,99.880
11214.26,99.878
11214.62,99.876
11214.99,99.874
11215.35,99.871
11215.72,99.869
11216.09,99.867
11216.45,99.865
11216.82,99.863
11217.19,99.861
11217.55,99.859
11217.92,99.857
11218.28,99.855
11218.65,99.852
11219.02,99.850
11219.38,99.848
11219.75,99.846
11220.12,99.844
11220.48,99.842
11220.85,99.840
11221.21,99.838
11221.58,99.835
11221.95,99.834
11222.31,99.832
11222.68,99.829
11223.05,99.827
11223.41,99.826
11223.78,99.823
11224.14,99.821
11224.51,99.819
11224.88,99.817
11225.24,99.815
11225.61,99.812
11225.97,99.811
11226.34,99.809
11226.71,99.806
11227.07,99.804
11227.44,99.802
11227.81,99.800
11228.17,99.797
11228.54,99.796
11228.90,99.793
11229.27,99.791
11229.64,99.789
11230.00,99.787
11230.37,99.785
11230.74,99.783
11231.10,99.781
11231.47,99.779
11231.83,99.777
11232.20,99.774
11232.57,99.772
11232.93,99.770
11233.30,99.768
11233.67,99.766
11234.03,99.764
11234.40,99.761
11234.76,99.760
11235.13,99.757
11235.50,99.755
11235.86,99.753
11236.23,99.751
11236.59,99.749
11236.96,99.747
11237.33,99.745
11237.69,99.743
11238.06,99.740
11238.43,99.739
11238.79,99.737
11239.16,99.734
11239.52,99.732
11239.89,99.730
11240.26,99.728
11240.62,99.726
11240.99,99.724
11241.36,99.721
11241.72,99.719
11242.09,99.718
11242.45,99.715
11242.82,99.713
11243.19,99.710
11243.55,99.709
11243.92,99.707
11244.29,99.704
11244.65,99.703
11245.02,99.700
11245.38,99.698
11245.75,99.695
11246.12,99.694
11246.48,99.692
11246.85,99.690
11247.22,99.688
11247.58,99.685
11247.95,99.683
11248.31,99.680
11248.68,99.678
11249.05,99.677
11249.41,99.674
11249.78,99.672
11250.14,99.670
11250.51,99.668
11250.88,99.666
11251.24,99.663
11251.61,99.662
11251.98,99.659
11252.34,99.657
11252.71,99.655
11253.07,99.653
11253.44,99.651
11253.81,99.649
11254.17,99.647
11254.54,99.644
11254.91,99.642
11255.27,99.641
11255.64,99.638
11256.00,99.636
11256.37,99.633
11256.74,99.631
11257.10,99.630
11257.47,99.627
11257.84,99.625
11258.20,99.623
11258.57,99.620
11258.93,99.619
11259.30,99.617
11259.67,99.614
11260.03,99.612
11260.40,99.610
11260.76,99.608
11261.13,99.606
11261.50,99.603
11261.86,99.601
11262.23,99.599
11262.60,99.597
11262.96,99.594
11263.33,99.593
11263.69,99.590
11264.06,99.589
11264.43,99.587
11264.79,99.584
11265.16,99.582
11265.53,99.580
11265.89,99.578
11266.26,99.576
11266.62,99.573
11266.99,99.571
11267.36,99.569
11267.72,99.566
11268.09,99.565
11268.46,99.562
11268.82,99.560
11269.19,99.558
11269.55,99.556
11269.92,99.553
11270.29,99.552
11270.65,99.549
11271.02,99.547
11271.38,99.545
11271.75,99.543
11272.12,99.541
11272.48,99.538
11272.85,99.536
11273.22,99.534
11273.58,99.532
11273.95,99.529
11274.31,99.528
11274.68,99.525
11275.05,99.523
11275.41,99.521
11275.78,99.519
11276.15,99.517
11276.51,99.514
11276.88,99.512
11277.24,99.510
11277.61,99.508
11277.98,99.505
11278.34,99.504
11278.71,99.501
11279.08,99.499
11279.44,99.497
11279.81,99.495
11280.17,99.493
11280.54,99.490
11280.91,99.489
11281.27,99.486
11281.64,99.484
11282.01,99.481
11282.37,99.480
11282.74,99.477
11283.10,99.475
11283.47,99.472
11283.84,99.471
11284.20,99.468
11284.57,99.466
11284.93,99.464
11285.30,99.462
11285.67,99.460
11286.03,99.458
11286.40,99.455
11286.77,99.453
11287.13,99.451
11287.50,99.448
11287.86,99.447
11288.23,99.445
11288.60,99.441
11288.96,99.440
11289.33,99.438
11289.70,99.435
11290.06,99.433
11290.43,99.431
11290.79,99.428
11291.16,99.427
11291.53,99.424
11291.89,99.422
11292.26,99.420
11292.63,99.417
11292.99,99.415
11293.36,99.413
11293.72,99.411
11294.09,99.409
11294.46,99.406
11294.82,99.404
11295.19,99.403
11295.55,99.400
11295.92,99.398
11296.29,99.395
11296.65,99.393
11297.02,99.391
11297.39,99.389
11297.75,99.386
11298.12,99.385
11298.48,99.382
11298.85,99.380
11299.22,99.377
11299.58,99.375
11299.95,99.373
11300.32,99.371
11300.68,99.369
11301.05,99.366
11301.41,99.364
11301.78,99.362
11302.15,99.360
11302.51,99.358
11302.88,99.356
11303.25,99.353
11303.61,99.350
11303.98,99.349
11304.34,99.346
11304.71,99.344
11305.08,99.342
11305.44,99.340
11305.81,99.337
11306.18,99.335
11306.54,99.333
11306.91,99.331
11307.27,99.328
11307.64,99.326
11308.01,99.324
11308.37,99.322
11308.74,99.320
11309.10,99.317
11309.47,99.315
11309.84,99.312
11310.20,99.310
11310.57,99.308
11310.94,99.306
11311.30,99.303
11311.67,99.302
11312.03,99.299
11312.40,99.297
11312.77,99.295
11313.13,99.292
11313.50,99.290
11313.87,99.288
11314.23,99.285
11314.60,99.284
11314.96,99.281
11315.33,99.279
11315.70,99.276
11316.06,99.274
11316.43,99.272
11316.80,99.269
11317.16,99.268
11317.53,99.266
11317.89,99.263
11318.26,99.261
11318.63,99.258
11318.99,99.256
11319.36,99.254
11319.72,99.251
11320.09,99.249
11320.46,99.247
11320.82,99.245
11321.19,99.243
11321.56,99.240
11321.92,99.238
11322.29,99.236
11322.65,99.233
11323.02,99.231
11323.39,99.229
11323.75,99.226
11324.12,99.224
11324.49,99.222
11324.85,99.220
11325.22,99.217
11325.58,99.215
11325.95,99.213
11326.32,99.211
11326.68,99.208
11327.05,99.206
11327.42,99.204
11327.78,99.201
11328.15,99.199
11328.51,99.197
11328.88,99.195
11329.25,99.192
11329.61,99.190
11329.98,99.188
11330.34,99.185
11330.71,99.183
11331.08,99.181
11331.44,99.178
11331.81,99.176
11332.18,99.174
11332.54,99.172
11332.91,99.169
11333.27,99.167
11333.64,99.165
11334.01,99.162
11334.37,99.160
11334.74,99.158
11335.11,99.155
11335.47,99.153
11335.84,99.151
11336.20,99.148
11336.57,99.146
11336.94,99.144
11337.30,99.141
11337.67,99.139
11338.04,99.137
11338.40,99.135
11338.77,99.132
11339.13,99.130
11339.50,99.127
11339.87,99.126
11340.23,99.123
11340.60,99.121
11340.97,99.119
11341.33,99.116
11341.70,99.114
11342.06,99.112
11342.43,99.109
11342.80,99.106
11343.16,99.105
11343.53,99.102
11343.89,99.100
11344.26,99.097
11344.63,99.095
11344.99,99.093
11345.36,99.090
11345.73,99.088
11346.09,99.085
11346.46,99.084
11346.82,99.081
11347.19,99.079
11347.56,99.077
11347.92,99.074
11348.29,99.072
11348.66,99.069
11349.02,99.067
11349.39,99.065
11349.75,99.062
11350.12,99.060
11350.49,99.058
11350.85,99.055
11351.22,99.053
11351.59,99.050
11351.95,99.048
11352.32,99.046
11352.68,99.043
11353.05,99.041
11353.42,99.038
11353.78,99.036
11354.15,99.035
11354.51,99.031
11354.88,99.030
11355.25,99.027
11355.61,99.025
11355.98,99.023
11356.35,99.020
11356.71,99.018
11357.08,99.015
11357.44,99.013
11357.81,99.011
11358.18,99.008
11358.54,99.006
11358.91,99.004
11359.28,99.001
11359.64,98.999
11360.01,98.996
11360.37,98.995
11360.74,98.992
11361.11,98.989
11361.47,98.987
11361.84,98.984
11362.21,98.982
11362.57,98.980
11362.94,98.977
11363.30,98.975
11363.67,98.973
11364.04,98.970
11364.40,98.968
11364.77,98.965
11365.13,98.963
11365.50,98.960
11365.87,98.959
11366.23,98.956
11366.60,98.953
11366.97,98.951
11367.33,98.949
11367.70,98.947
11368.06,98.944
11368.43,98.942
11368.80,98.939
11369.16,98.937
11369.53,98.934
11369.90,98.932
11370.26,98.930
11370.63,98.927
11370.99,98.925
11371.36,98.922
11371.73,98.921
11372.09,98.917
11372.46,98.916
11372.83,98.913
11373.19,98.910
11373.56,98.908
11373.92,98.906
11374.29,98.903
11374.66,98.901
11375.02,98.898
11375.39,98.896
11375.76,98.894
11376.12,98.892
11376.49,98.889
11376.85,98.886
11377.22,98.885
11377.59,98.881
11377.95,98.880
11378.32,98.877
11378.68,98.875
11379.05,98.872
11379.42,98.870
11379.78,98.867
11380.15,98.865
11380.52,98.863
11380.88,98.860
11381.25,98.858
11381.61,98.856
11381.98,98.853
11382.35,98.851
11382.71,98.848
11383.08,98.846
11383.45,98.843
11383.81,98.841
11384.18,98.838
11384.54,98.836
11384.91,98.833
11385.28,98.831
11385.64,98.828
11386.01,98.826
11386.38,98.823
11386.74,98.822
11387.11,98.819
11387.47,98.816
11387.84,98.814
11388.21,98.811
11388.57,98.809
11388.94,98.807
11389.30,98.804
11389.67,98.802
11390.04,98.799
11390.40,98.797
11390.77,98.794
11391.14,98.791
11391.50,98.790
11391.87,98.787
11392.23,98.784
11392.60,98.782
11392.97,98.780
11393.33,98.777
11393.70,98.775
11394.07,98.773
11394.43,98.770
11394.80,98.767
11395.16,98.765
11395.53,98.762
11395.90,98.761
11396.26,98.757
11396.63,98.756
11397.00,98.753
11397.36,98.750
11397.73,98.748
11398.09,98.745
11398.46,98.743
11398.83,98.740
11399.19,98.738
11399.56,98.736
11399.93,98.733
11400.29,98.731
11400.66,98.728
11401.02,98.725
11401.39,98.724
11401.76,98.721
11402.12,98.718
11402.49,98.716
11402.85,98.713
11403.22,98.711
11403.59,98.708
11403.95,98.706
11404.32,98.703
11404.69,98.701
11405.05,98.698
11405.42,98.697
11405.78,98.694
11406.15,98.691
11406.52,98.689
11406.88,98.686
11407.25,98.684
11407.62,98.681
11407.98,98.679
11408.35,98.676
11408.71,98.674
11409.08,98.672
11409.45,98.668
11409.81,98.667
11410.18,98.663
11410.55,98.662
11410.91,98.659
11411.28,98.656
11411.64,98.654
11412.01,98.651
11412.38,98.649
11412.74,98.647
11413.11,98.644
11413.47,98.642
11413.84,98.639
11414.21,98.636
11414.57,98.634
11414.94,98.631
11415.31,98.629
11415.67,98.626
11416.04,98.624
11416.40,98.621
11416.77,98.619
11417.14,98.617
11417.50,98.614
11417.87,98.612
11418.24,98.609
11418.60,98.606
11418.97,98.604
11419.33,98.602
11419.70,98.599
11420.07,98.596
11420.43,98.594
11420.80,98.591
11421.17,98.589
11421.53,98.587
11421.90,98.584
11422.26,98.582
11422.63,98.579
11423.00,98.576
11423.36,98.574
11423.73,98.571
11424.09,98.569
11424.46,98.567
11424.83,98.564
11425.19,98.561
11425.56,98.558
11425.93,98.556
11426.29,98.553
11426.66,98.552
11427.02,98.548
11427.39,98.547
11427.76,98.543
11428.12,98.541
11428.49,98.538
11428.86,98.536
11429.22,98.534
11429.59,98.531
11429.95,98.529
11430.32,98.526
11430.69,98.523
11431.05,98.521
11431.42,98.518
11431.79,98.516
11432.15,98.513
11432.52,98.511
11432.88,98.508
11433.25,98.506
11433.62,98.504
11433.98,98.501
11434.35,98.498
11434.72,98.495
11435.08,98.493
11435.45,98.490
11435.81,98.488
11436.18,98.486
11436.55,98.483
11436.91,98.480
11437.28,98.478
11437.64,98.475
11438.01,98.473
11438.38,98.470
11438.74,98.468
11439.11,98.465
11439.48,98.463
11439.84,98.460
11440.21,98.457
11440.57,98.455
11440.94,98.453
11441.31,98.450
11441.67,98.447
11442.04,98.445
11442.41,98.442
11442.77,98.440
11443.14,98.438
11443.50,98.434
11443.87,98.432
11444.24,98.429
11444.60,98.427
11444.97,98.424
11445.34,98.422
11445.70,98.419
11446.07,98.417
11446.43,98.414
11446.80,98.412
11447.17,98.409
11447.53,98.406
11447.90,98.404
11448.26,98.401
11448.63,98.399
11449.00,98.396
11449.36,98.394
11449.73,98.391
11450.10,98.389
11450.46,98.386
11450.83,98.383
11451.19,98.381
11451.56,98.378
11451.93,98.376
11452.29,98.373
11452.66,98.371
11453.03,98.368
11453.39,98.365
11453.76,98.363
11454.12,98.360
11454.49,98.358
11454.86,98.355
11455.22,98.353
11455.59,98.350
11455.96,98.347
11456.32,98.345
11456.69,98.342
11457.05,98.340
11457.42,98.337
11457.79,98.335
11458.15,98.332
11458.52,98.329
11458.88,98.327
11459.25,98.324
11459.62,98.322
11459.98,98.319
11460.35,98.317
11460.72,98.314
11461.08,98.311
11461.45,98.309
11461.81,98.306
11462.18,98.304
11462.55,98.301
11462.91,98.299
11463.28,98.296
11463.65,98.293
11464.01,98.291
11464.38,98.288
11464.74,98.285
11465.11,98.283
11465.48,98.280
11465.84,98.278
11466.21,98.275
11466.58,98.273
11466.94,98.270
11467.31,98.267
11467.67,98.264
11468.04,98.262
11468.41,98.260
11468.77,98.257
11469.14,98.255
11469.51,98.252
11469.87,98.249
11470.24,98.246
11470.60,98.244
11470.97,98.242
11471.34,98.239
11471.70,98.236
11472.07,98.234
11472.43,98.231
11472.80,98.228
11473.17,98.226
11473.53,98.224
11473.90,98.221
11474.27,98.218
11474.63,98.215
11475.00,98.213
11475.36,98.210
11475.73,98.208
11476.10,98.206
11476.46,98.203
11476.83,98.200
11477.20,98.197
11477.56,98.195
11477.93,98.192
11478.29,98.190
11478.66,98.187
11479.03,98.184
11479.39,98.181
11479.76,98.179
11480.13,98.177
11480.49,98.173
11480.86,98.172
11481.22,98.168
11481.59,98.166
11481.96,98.163
11482.32,98.161
11482.69,98.158
11483.05,98.156
11483.42,98.153
11483.79,98.150
11484.15,98.148
11484.52,98.145
11484.89,98.142
11485.25,98.140
11485.62,98.138
11485.98,98.135
11486.35,98.132
11486.72,98.130
11487.08,98.127
11487.45,98.124
11487.82,98.121
11488.18,98.120
11488.55,98.117
11488.91,98.114
11489.28,98.111
11489.65,98.109
11490.01,98.106
11490.38,98.103
11490.75,98.100
11491.11,98.099
11491.48,98.095
11491.84,98.093
11492.21,98.090
11492.58,98.088
11492.94,98.085
11493.31,98.082
11493.68,98.080
11494.04,98.077
11494.41,98.075
11494.77,98.072
11495.14,98.070
11495.51,98.067
11495.87,98.064
11496.24,98.061
11496.60,98.059
11496.97,98.056
11497.34,98.053
11497.70,98.051
11498.07,98.048
11498.44,98.046
11498.80,98.043
11499.17,98.041
11499.53,98.038
11499.90,98.035
11500.27,98.033
11500.63,98.030
11501.00,98.028
11501.37,98.025
11501.73,98.022
11502.10,98.019
11502.46,98.017
11502.83,98.014
11503.20,98.012
11503.56,98.009
11503.93,98.007
11504.30,98.004
11504.66,98.001
11505.03,97.999
11505.39,97.995
11505.76,97.994
11506.13,97.991
11506.49,97.988
11506.86,97.986
11507.22,97.982
11507.59,97.981
11507.96,97.977
11508.32,97.975
11508.69,97.972
11509.06,97.969
11509.42,97.967
11509.79,97.965
11510.15,97.962
11510.52,97.959
11510.89,97.957
11511.25,97.954
11511.62,97.951
11511.99,97.948
11512.35,97.946
11512.72,97.944
11513.08,97.941
11513.45,97.938
11513.82,97.935
11514.18,97.933
11514.55,97.930
11514.92,97.928
11515.28,97.925
11515.65,97.922
11516.01,97.919
11516.38,97.917
11516.75,97.915
11517.11,97.911
11517.48,97.909
11517.84,97.907
11518.21,97.904
11518.58,97.901
11518.94,97.898
11519.31,97.896
11519.68,97.893
11520.04,97.891
11520.41,97.888
11520.77,97.886
11521.14,97.883
11521.51,97.881
11521.87,97.878
11522.24,97.875
11522.61,97.873
11522.97,97.869
11523.34,97.867
11523.70,97.865
11524.07,97.862
11524.44,97.859
11524.80,97.857
11525.17,97.853
11525.54,97.852
11525.90,97.849
11526.27,97.846
11526.63,97.844
11527.00,97.841
11527.37,97.838
11527.73,97.835
11528.10,97.833
11528.47,97.830
11528.83,97.828
11529.20,97.825
11529.56,97.822
11529.93,97.820
11530.30,97.817
11530.66,97.815
11531.03,97.811
11531.39,97.809
11531.76,97.806
11532.13,97.803
11532.49,97.801
11532.86,97.798
11533.23,97.796
11533.59,97.793
11533.96,97.791
11534.32,97.788
11534.69,97.785
11535.06,97.783
11535.42,97.780
11535.79,97.778
11536.16,97.775
11536.52,97.772
11536.89,97.770
11537.25,97.767
11537.62,97.764
11537.99,97.762
11538.35,97.760
11538.72,97.756
11539.09,97.754
11539.45,97.751
11539.82,97.749
11540.18,97.746
11540.55,97.744
11540.92,97.741
11541.28,97.739
11541.65,97.736
11542.01,97.733
11542.38,97.730
11542.75,97.727
11543.11,97.725
11543.48,97.722
11543.85,97.719
11544.21,97.717
11544.58,97.715
11544.94,97.712
11545.31,97.709
11545.68,97.707
11546.04,97.704
11546.41,97.702
11546.78,97.698
11547.14,97.696
11547.51,97.694
11547.87,97.691
11548.24,97.689
11548.61,97.685
11548.97,97.683
11549.34,97.680
11549.71,97.677
11550.07,97.675
11550.44,97.672
11550.80,97.669
11551.17,97.667
11551.54,97.665
11551.90,97.662
11552.27,97.660
11552.63,97.656
11553.00,97.654
11553.37,97.651
11553.73,97.648
11554.10,97.646
11554.47,97.643
11554.83,97.641
11555.20,97.638
11555.56,97.636
11555.93,97.633
11556.30,97.631
11556.66,97.628
11557.03,97.625
11557.40,97.623
11557.76,97.620
11558.13,97.617
11558.49,97.614
11558.86,97.612
11559.23,97.609
11559.59,97.607
11559.96,97.604
11560.33,97.602
11560.69,97.599
11561.06,97.596
11561.42,97.594
11561.79,97.591
11562.16,97.588
11562.52,97.585
11562.89,97.583
11563.26,97.581
11563.62,97.578
11563.99,97.576
11564.35,97.573
11564.72,97.570
11565.09,97.567
11565.45,97.565
11565.82,97.562
11566.18,97.560
11566.55,97.558
11566.92,97.555
11567.28,97.552
11567.65,97.549
11568.02,97.547
11568.38,97.544
11568.75,97.541
11569.11,97.538
11569.48,97.536
11569.85,97.534
11570.21,97.531
11570.58,97.528
11570.95,97.525
11571.31,97.523
11571.68,97.520
11572.04,97.518
11572.41,97.515
11572.78,97.513
11573.14,97.510
11573.51,97.507
11573.88,97.505
11574.24,97.502
11574.61,97.499
11574.97,97.497
11575.34,97.495
11575.71,97.492
11576.07,97.489
11576.44,97.487
11576.80,97.484
11577.17,97.482
11577.54,97.479
11577.90,97.477
11578.27,97.474
11578.64,97.471
11579.00,97.469
11579.37,97.466
11579.73,97.464
11580.10,97.460
11580.47,97.458
11580.83,97.456
11581.20,97.453
11581.57,97.450
11581.93,97.447
11582.30,97.445
11582.66,97.442
11583.03,97.440
11583.40,97.438
11583.76,97.434
11584.13,97.432
11584.50,97.430
11584.86,97.427
11585.23,97.424
11585.59,97.422
11585.96,97.419
11586.33,97.416
11586.69,97.414
11587.06,97.411
11587.43,97.409
11587.79,97.406
11588.16,97.404
11588.52,97.401
11588.89,97.398
11589.26,97.396
11589.62,97.393
11589.99,97.391
11590.35,97.388
11590.72,97.385
11591.09,97.383
11591.45,97.381
11591.82,97.377
11592.19,97.375
11592.55,97.373
11592.92,97.370
11593.28,97.368
11593.65,97.365
11594.02,97.362
11594.38,97.359
11594.75,97.358
11595.12,97.355
11595.48,97.352
11595.85,97.350
11596.21,97.346
11596.58,97.345
11596.95,97.341
11597.31,97.339
11597.68,97.337
11598.05,97.334
11598.41,97.332
11598.78,97.329
11599.14,97.326
11599.51,97.324
11599.88,97.321
11600.24,97.319
11600.61,97.316
11600.97,97.314
11601.34,97.311
11601.71,97.308
11602.07,97.305
11602.44,97.303
11602.81,97.300
11603.17,97.298
11603.54,97.296
11603.90,97.293
11604.27,97.290
11604.64,97.288
11605.00,97.285
11605.37,97.282
11605.74,97.280
11606.10,97.278
11606.47,97.275
11606.83,97.272
11607.20,97.270
11607.57,97.267
11607.93,97.264
11608.30,97.262
11608.67,97.260
11609.03,97.257
11609.40,97.255
11609.76,97.252
11610.13,97.249
11610.50,97.247
11610.86,97.244
11611.23,97.242
11611.59,97.239
11611.96,97.237
11612.33,97.234
11612.69,97.232
11613.06,97.229
11613.43,97.226
11613.79,97.224
11614.16,97.221
11614.52,97.219
11614.89,97.216
11615.26,97.214
11615.62,97.212
11615.99,97.209
11616.36,97.206
11616.72,97.203
11617.09,97.201
11617.45,97.198
11617.82,97.196
11618.19,97.194
11618.55,97.191
11618.92,97.189
11619.29,97.186
11619.65,97.183
11620.02,97.181
11620.38,97.178
11620.75,97.176
11621.12,97.173
11621.48,97.171
11621.85,97.168
11622.22,97.166
11622.58,97.163
11622.95,97.160
11623.31,97.158
11623.68,97.155
11624.05,97.153
11624.41,97.150
11624.78,97.148
11625.14,97.145
11625.51,97.143
11625.88,97.141
11626.24,97.138
11626.61,97.136
11626.98,97.133
11627.34,97.130
11627.71,97.128
11628.07,97.125
11628.44,97.123
11628.81,97.120
11629.17,97.118
11629.54,97.115
11629.91,97.112
11630.27,97.111
11630.64,97.108
11631.00,97.106
11631.37,97.103
11631.74,97.100
11632.10,97.098
11632.47,97.095
11632.84,97.093
11633.20,97.091
11633.57,97.088
11633.93,97.085
11634.30,97.083
11634.67,97.080
11635.03,97.078
11635.40,97.075
11635.76,97.072
11636.13,97.071
11636.50,97.067
11636.86,97.065
11637.23,97.063
11637.60,97.060
11637.96,97.058
11638.33,97.055
11638.69,97.053
11639.06,97.050
11639.43,97.048
11639.79,97.046
11640.16,97.043
11640.53,97.040
11640.89,97.038
11641.26,97.035
11641.62,97.033
11641.99,97.030
11642.36,97.028
11642.72,97.025
11643.09,97.023
11643.46,97.020
11643.82,97.018
11644.19,97.016
11644.55,97.013
11644.92,97.011
11645.29,97.008
11645.65,97.005
11646.02,97.004
11646.39,97.001
11646.75,96.999
11647.12,96.995
11647.48,96.994
11647.85,96.991
11648.22,96.989
11648.58,96.986
11648.95,96.983
11649.31,96.981
11649.68,96.978
11650.05,96.977
11650.41,96.974
11650.78,96.971
11651.15,96.969
11651.51,96.966
11651.88,96.964
11652.24,96.962
11652.61,96.959
11652.98,96.957
11653.34,96.954
11653.71,96.951
11654.08,96.949
11654.44,96.947
11654.81,96.945
11655.17,96.942
11655.54,96.939
11655.91,96.936
11656.27,96.934
11656.64,96.932
11657.01,96.930
11657.37,96.927
11657.74,96.925
11658.10,96.923
11658.47,96.920
11658.84,96.918
11659.20,96.915
11659.57,96.912
11659.93,96.910
11660.30,96.907
11660.67,96.905
11661.03,96.903
11661.40,96.900
11661.77,96.898
11662.13,96.895
11662.50,96.893
11662.86,96.891
11663.23,96.888
11663.60,96.886
11663.96,96.883
11664.33,96.881
11664.70,96.879
11665.06,96.876
11665.43,96.874
11665.79,96.871
11666.16,96.869
11666.53,96.867
11666.89,96.864
11667.26,96.862
11667.63,96.859
11667.99,96.857
11668.36,96.855
11668.72,96.852
11669.09,96.850
11669.46,96.847
11669.82,96.844
11670.19,96.842
11670.55,96.840
11670.92,96.838
11671.29,96.835
11671.65,96.833
11672.02,96.831
11672.39,96.828
11672.75,96.826
11673.12,96.823
11673.48,96.821
11673.85,96.819
11674.22,96.816
11674.58,96.814
11674.95,96.811
11675.32,96.809
11675.68,96.806
11676.05,96.804
11676.41,96.802
11676.78,96.799
11677.15,96.797
11677.51,96.794
11677.88,96.792
11678.25,96.790
11678.61,96.787
11678.98,96.785
11679.34,96.782
11679.71,96.780
11680.08,96.778
11680.44,96.775
11680.81,96.773
11681.18,96.770
11681.54,96.768
11681.91,96.766
11682.27,96.763
11682.64,96.761
11683.01,96.759
11683.37,96.757
11683.74,96.755
11684.10,96.752
11684.47,96.749
11684.84,96.747
11685.20,96.745
11685.57,96.743
11685.94,96.740
11686.30,96.737
11686.67,96.735
11687.03,96.733
11687.40,96.731
11687.77,96.728
11688.13,96.726
11688.50,96.724
11688.87,96.721
11689.23,96.719
11689.60,96.716
11689.96,96.714
11690.33,96.712
11690.70,96.709
11691.06,96.707
11691.43,96.704
11691.80,96.703
11692.16,96.700
11692.53,96.697
11692.89,96.695
11693.26,96.693
11693.63,96.691
11693.99,96.689
11694.36,96.686
11694.72,96.683
11695.09,96.681
11695.46,96.679
11695.82,96.677
11696.19,96.674
11696.56,96.672
11696.92,96.670
11697.29,96.667
11697.65,96.665
11698.02,96.663
11698.39,96.660
11698.75,96.657
11699.12,96.656
11699.49,96.653
11699.85,96.651
11700.22,96.648
11700.58,96.647
11700.95,96.644
11701.32,96.642
11701.68,96.639
11702.05,96.637
11702.42,96.635
11702.78,96.632
11703.15,96.631
11703.51,96.628
11703.88,96.626
11704.25,96.623
11704.61,96.621
11704.98,96.618
11705.34,96.617
11705.71,96.614
11706.08,96.612
11706.44,96.609
11706.81,96.608
11707.18,96.605
11707.54,96.603
11707.91,96.600
11708.27,96.598
11708.64,96.596
11709.01,96.594
11709.37,96.591
11709.74,96.589
11710.11,96.587
11710.47,96.585
11710.84,96.582
11711.20,96.579
11711.57,96.577
11711.94,96.575
11712.30,96.573
11712.67,96.571
11713.04,96.569
11713.40,96.566
11713.77,96.564
11714.13,96.561
11714.50,96.559
11714.87,96.557
11715.23,96.554
11715.60,96.552
11715.97,96.550
11716.33,96.547
11716.70,96.546
11717.06,96.543
11717.43,96.541
11717.80,96.539
11718.16,96.536
11718.53,96.534
11718.89,96.532
11719.26,96.529
11719.63,96.528
11719.99,96.525
11720.36,96.523
11720.73,96.520
11721.09,96.519
11721.46,96.516
11721.82,96.514
11722.19,96.511
11722.56,96.509
11722.92,96.507
11723.29,96.505
11723.66,96.502
11724.02,96.500
11724.39,96.498
11724.75,96.496
11725.12,96.493
11725.49,96.492
11725.85,96.489
11726.22,96.487
11726.59,96.484
11726.95,96.483
11727.32,96.481
11727.68,96.477
11728.05,96.475
11728.42,96.474
11728.78,96.471
11729.15,96.469
11729.51,96.466
11729.88,96.464
11730.25,96.463
11730.61,96.460
11730.98,96.458
11731.35,96.456
11731.71,96.453
11732.08,96.451
11732.44,96.449
11732.81,96.447
11733.18,96.445
11733.54,96.442
11733.91,96.440
11734.28,96.438
11734.64,96.436
11735.01,96.433
11735.37,96.431
11735.74,96.429
11736.11,96.427
11736.47,96.424
11736.84,96.422
11737.21,96.420
11737.57,96.418
11737.94,96.416
11738.30,96.413
11738.67,96.412
11739.04,96.409
11739.40,96.407
11739.77,96.405
11740.14,96.402
11740.50,96.400
11740.87,96.398
11741.23,96.395
11741.60,96.394
11741.97,96.392
11742.33,96.389
11742.70,96.387
11743.06,96.385
11743.43,96.383
11743.80,96.380
11744.16,96.379
11744.53,96.376
11744.90,96.374
11745.26,96.371
11745.63,96.370
11745.99,96.367
11746.36,96.365
11746.73,96.363
11747.09,96.361
11747.46,96.359
11747.83,96.357
11748.19,96.354
11748.56,96.352
11748.92,96.350
11749.29,96.347
11749.66,96.346
11750.02,96.344
11750.39,96.341
11750.76,96.339
11751.12,96.337
11751.49,96.334
11751.85,96.333
11752.22,96.330
11752.59,96.328
11752.95,96.326
11753.32,96.323
11753.68,96.322
11754.05,96.320
11754.42,96.317
11754.78,96.316
11755.15,96.313
11755.52,96.311
11755.88,96.309
11756.25,96.306
11756.61,96.305
11756.98,96.302
11757.35,96.300
11757.71,96.298
11758.08,96.296
11758.45,96.293
11758.81,96.291
11759.18,96.289
11759.54,96.287
11759.91,96.285
11760.28,96.283
11760.64,96.280
11761.01,96.279
11761.38,96.276
11761.74,96.274
11762.11,96.272
11762.47,96.270
11762.84,96.268
11763.21,96.266
11763.57,96.263
11763.94,96.262
11764.30,96.259
11764.67,96.257
11765.04,96.255
11765.40,96.253
11765.77,96.251
11766.14,96.249
11766.50,96.246
11766.87,96.245
11767.23,96.243
11767.60,96.240
11767.97,96.238
11768.33,96.236
11768.70,96.234
11769.07,96.232
11769.43,96.230
11769.80,96.227
11770.16,96.225
11770.53,96.224
11770.90,96.221
11771.26,96.219
11771.63,96.216
11772.00,96.215
11772.36,96.213
11772.73,96.210
11773.09,96.208
11773.46,96.206
11773.83,96.204
11774.19,96.202
11774.56,96.200
11774.93,96.198
11775.29,96.196
11775.66,96.194
11776.02,96.191
11776.39,96.189
11776.76,96.188
11777.12,96.185
11777.49,96.183
11777.85,96.181
11778.22,96.179
11778.59,96.177
11778.95,96.175
11779.32,96.172
11779.69,96.171
11780.05,96.168
11780.42,96.166
11780.78,96.164
11781.15,96.162
11781.52,96.160
11781.88,96.158
11782.25,96.156
11782.62,96.154
11782.98,96.151
11783.35,96.150
11783.71,96.148
11784.08,96.145
11784.45,96.143
11784.81,96.142
11785.18,96.139
11785.55,96.137
11785.91,96.135
11786.28,96.132
11786.64,96.131
11787.01,96.129
11787.38,96.127
11787.74,96.124
11788.11,96.123
11788.47,96.120
11788.84,96.118
11789.21,96.117
11789.57,96.114
11789.94,96.112
11790.31,96.111
11790.67,96.108
11791.04,96.106
11791.40,96.104
11791.77,96.102
11792.14,96.100
11792.50,96.097
11792.87,96.096
11793.24,96.094
11793.60,96.092
11793.97,96.090
11794.33,96.088
11794.70,96.085
11795.07,96.083
11795.43,96.082
11795.80,96.079
11796.17,96.078
11796.53,96.075
11796.90,96.073
11797.26,96.071
11797.63,96.069
11798.00,96.067
11798.36,96.065
11798.73,96.062
11799.09,96.061
11799.46,96.059
11799.83,96.057
11800.19,96.055
11800.56,96.053
11800.93,96.050
11801.29,96.048
11801.66,96.047
11802.02,96.044
11802.39,96.043
11802.76,96.041
11803.12,96.038
11803.49,96.036
11803.86,96.034
11804.22,96.032
11804.59,96.030
11804.95,96.028
11805.32,96.026
11805.69,96.024
11806.05,96.023
11806.42,96.020
11806.79,96.018
11807.15,96.016
11807.52,96.014
11807.88,96.011
11808.25,96.010
11808.62,96.007
11808.98,96.006
11809.35,96.004
11809.72,96.001
11810.08,96.000
11810.45,95.998
11810.81,95.995
11811.18,95.994
11811.55,95.992
11811.91,95.990
11812.28,95.987
11812.64,95.986
11813.01,95.984
11813.38,95.981
11813.74,95.980
11814.11,95.978
11814.48,95.976
11814.84,95.974
11815.21,95.971
11815.57,95.970
11815.94,95.967
11816.31,95.965
11816.67,95.963
11817.04,95.962
11817.41,95.960
11817.77,95.958
11818.14,95.956
11818.50,95.953
11818.87,95.952
11819.24,95.950
11819.60,95.947
11819.97,95.945
11820.34,95.944
11820.70,95.942
11821.07,95.940
11821.43,95.938
11821.80,95.935
11822.17,95.934
11822.53,95.931
11822.90,95.929
11823.26,95.927
11823.63,95.925
11824.00,95.924
11824.36,95.922
11824.73,95.919
11825.10,95.917
11825.46,95.916
11825.83,95.913
11826.19,95.911
11826.56,95.910
11826.93,95.907
11827.29,95.906
11827.66,95.904
11828.03,95.901
11828.39,95.900
11828.76,95.898
11829.12,95.895
11829.49,95.894
11829.86,95.892
11830.22,95.889
11830.59,95.888
11830.96,95.886
11831.32,95.883
11831.69,95.882
11832.05,95.880
11832.42,95.878
11832.79,95.876
11833.15,95.874
11833.52,95.872
11833.89,95.870
11834.25,95.868
11834.62,95.866
11834.98,95.864
11835.35,95.862
11835.72,95.860
11836.08,95.858
11836.45,95.856
11836.81,95.855
11837.18,95.852
11837.55,95.850
11837.91,95.848
11838.28,95.846
11838.65,95.845
11839.01,95.842
11839.38,95.840
11839.74,95.838
11840.11,95.837
11840.48,95.834
11840.84,95.833
11841.21,95.831
11841.58,95.829
11841.94,95.827
11842.31,95.825
11842.67,95.822
11843.04,95.821
11843.41,95.819
11843.77,95.817
11844.14,95.815
11844.51,95.813
11844.87,95.811
11845.24,95.809
11845.60,95.807
11845.97,95.805
11846.34,95.803
11846.70,95.802
11847.07,95.799
11847.43,95.797
11847.80,95.796
11848.17,95.793
11848.53,95.791
11848.90,95.790
11849.27,95.788
11849.63,95.785
11850.00,95.784
11850.36,95.781
11850.73,95.780
11851.10,95.778
11851.46,95.776
11851.83,95.774
11852.20,95.772
11852.56,95.770
11852.93,95.768
11853.29,95.766
11853.66,95.764
11854.03,95.762
11854.39,95.761
11854.76,95.758
11855.13,95.757
11855.49,95.755
11855.86,95.752
11856.22,95.751
11856.59,95.749
11856.96,95.747
11857.32,95.745
11857.69,95.743
11858.05,95.742
11858.42,95.739
11858.79,95.737
11859.15,95.735
11859.52,95.733
11859.89,95.731
11860.25,95.730
11860.62,95.727
11860.98,95.725
11861.35,95.724
11861.72,95.722
11862.08,95.720
11862.45,95.718
11862.82,95.716
11863.18,95.714
11863.55,95.712
11863.91,95.710
11864.28,95.709
11864.65,95.707
11865.01,95.704
11865.38,95.703
11865.75,95.701
11866.11,95.699
11866.48,95.697
11866.84,95.695
11867.21,95.693
11867.58,95.691
11867.94,95.689
11868.31,95.688
11868.68,95.685
11869.04,95.683
11869.41,95.682
11869.77,95.680
11870.14,95.678
11870.51,95.675
11870.87,95.674
11871.24,95.672
11871.60,95.670
11871.97,95.668
11872.34,95.666
11872.70,95.665
11873.07,95.662
11873.44,95.660
11873.80,95.659
11874.17,95.656
11874.53,95.655
11874.90,95.653
11875.27,95.651
11875.63,95.649
11876.00,95.647
11876.37,95.645
11876.73,95.644
11877.10,95.642
11877.46,95.639
11877.83,95.638
11878.20,95.636
11878.56,95.634
11878.93,95.632
11879.30,95.630
11879.66,95.628
11880.03,95.626
11880.39,95.625
11880.76,95.623
11881.13,95.620
11881.49,95.619
11881.86,95.617
11882.22,95.615
11882.59,95.613
11882.96,95.611
11883.32,95.609
11883.69,95.608
11884.06,95.606
11884.42,95.603
11884.79,95.602
11885.15,95.600
11885.52,95.598
11885.89,95.596
11886.25,95.594
11886.62,95.592
11886.99,95.590
11887.35,95.589
11887.72,95.587
11888.08,95.585
11888.45,95.583
11888.82,95.581
11889.18,95.579
11889.55,95.578
11889.92,95.576
11890.28,95.573
11890.65,95.572
11891.01,95.570
11891.38,95.568
11891.75,95.566
11892.11,95.564
11892.48,95.562
11892.84,95.560
11893.21,95.558
11893.58,95.556
11893.94,95.554
11894.31,95.552
11894.68,95.551
11895.04,95.549
11895.41,95.547
11895.77,95.545
11896.14,95.543
11896.51,95.541
11896.87,95.540
11897.24,95.538
11897.61,95.536
11897.97,95.534
11898.34,95.532
11898.70,95.531
11899.07,95.529
11899.44,95.526
11899.80,95.525
11900.17,95.523
11900.54,95.521
11900.90,95.519
11901.27,95.517
11901.63,95.515
11902.00,95.513
11902.37,95.512
11902.73,95.510
11903.10,95.508
11903.47,95.506
11903.83,95.504
11904.20,95.502
11904.56,95.501
11904.93,95.499
11905.30,95.496
11905.66,95.495
11906.03,95.493
11906.39,95.491
11906.76,95.489
11907.13,95.487
11907.49,95.486
11907.86,95.484
11908.23,95.482
11908.59,95.480
11908.96,95.478
11909.32,95.476
11909.69,95.475
11910.06,95.472
11910.42,95.471
11910.79,95.469
11911.16,95.467
11911.52,95.465
11911.89,95.464
11912.25,95.462
11912.62,95.459
11912.99,95.458
11913.35,95.456
11913.72,95.454
11914.09,95.452
11914.45,95.451
11914.82,95.448
11915.18,95.447
11915.55,95.445
11915.92,95.443
11916.28,95.441
11916.65,95.439
11917.01,95.437
11917.38,95.436
11917.75,95.434
11918.11,95.432
11918.48,95.430
11918.85,95.428
11919.21,95.427
11919.58,95.424
11919.94,95.422
11920.31,95.421
11920.68,95.418
11921.04,95.417
11921.41,95.416
11921.78,95.413
11922.14,95.411
11922.51,95.410
11922.87,95.408
11923.24,95.406
11923.61,95.404
11923.97,95.402
11924.34,95.400
11924.71,95.399
11925.07,95.397
11925.44,95.395
11925.80,95.393
11926.17,95.391
11926.54,95.389
11926.90,95.388
11927.27,95.386
11927.64,95.384
11928.00,95.382
11928.37,95.380
11928.73,95.379
11929.10,95.376
11929.47,95.374
11929.83,95.373
11930.20,95.371
11930.56,95.370
11930.93,95.368
11931.30,95.365
11931.66,95.364
11932.03,95.362
11932.40,95.360
11932.76,95.358
11933.13,95.357
11933.49,95.355
11933.86,95.353
11934.23,95.351
11934.59,95.349
11934.96,95.347
11935.33,95.346
11935.69,95.344
11936.06,95.342
11936.42,95.340
11936.79,95.338
11937.16,95.337
11937.52,95.334
11937.89,95.332
11938.26,95.331
11938.62,95.329
11938.99,95.328
11939.35,95.326
11939.72,95.323
11940.09,95.322
11940.45,95.320
11940.82,95.318
11941.18,95.317
11941.55,95.315
11941.92,95.313
11942.28,95.311
11942.65,95.309
11943.02,95.307
11943.38,95.305
11943.75,95.303
11944.11,95.302
11944.48,95.300
11944.85,95.298
11945.21,95.296
11945.58,95.294
11945.95,95.292
11946.31,95.290
11946.68,95.290
11947.04,95.287
11947.41,95.285
11947.78,95.284
11948.14,95.282
11948.51,95.280
11948.88,95.278
11949.24,95.276
11949.61,95.275
11949.97,95.273
11950.34,95.271
11950.71,95.269
11951.07,95.267
11951.44,95.266
11951.80,95.263
11952.17,95.262
11952.54,95.260
11952.90,95.258
11953.27,95.256
11953.64,95.255
11954.00,95.252
11954.37,95.251
11954.73,95.249
11955.10,95.248
11955.47,95.245
11955.83,95.244
11956.20,95.242
11956.57,95.240
11956.93,95.238
11957.30,95.237
11957.66,95.235
11958.03,95.233
11958.40,95.232
11958.76,95.230
11959.13,95.228
11959.50,95.226
11959.86,95.224
11960.23,95.222
11960.59,95.221
11960.96,95.219
11961.33,95.217
11961.69,95.215
11962.06,95.213
11962.43,95.211
11962.79,95.210
11963.16,95.208
11963.52,95.206
11963.89,95.204
11964.26,95.203
11964.62,95.201
11964.99,95.198
11965.35,95.197
11965.72,95.196
11966.09,95.194
11966.45,95.192
11966.82,95.190
11967.19,95.188
11967.55,95.186
11967.92,95.184
11968.28,95.183
11968.65,95.181
11969.02,95.179
11969.38,95.177
11969.75,95.175
11970.12,95.173
11970.48,95.172
11970.85,95.170
11971.21,95.168
11971.58,95.167
11971.95,95.165
11972.31,95.163
11972.68,95.161
11973.05,95.160
11973.41,95.157
11973.78,95.156
11974.14,95.155
11974.51,95.153
11974.88,95.150
11975.24,95.149
11975.61,95.147
11975.97,95.145
11976.34,95.144
11976.71,95.142
11977.07,95.140
11977.44,95.138
11977.81,95.136
11978.17,95.135
11978.54,95.132
11978.90,95.131
11979.27,95.129
11979.64,95.127
11980.00,95.126
11980.37,95.124
11980.74,95.122
11981.10,95.120
11981.47,95.118
11981.83,95.117
11982.20,95.115
11982.57,95.113
11982.93,95.111
11983.30,95.110
11983.67,95.108
11984.03,95.106
11984.40,95.105
11984.76,95.103
11985.13,95.101
11985.50,95.099
11985.86,95.097
11986.23,95.095
11986.59,95.094
11986.96,95.092
11987.33,95.090
11987.69,95.088
11988.06,95.087
11988.43,95.085
11988.79,95.083
11989.16,95.081
11989.52,95.079
11989.89,95.078
11990.26,95.076
11990.62,95.075
11990.99,95.072
11991.36,95.071
11991.72,95.069
11992.09,95.067
11992.45,95.066
11992.82,95.064
11993.19,95.061
11993.55,95.060
11993.92,95.059
11994.29,95.056
11994.65,95.055
11995.02,95.053
11995.38,95.052
11995.75,95.049
11996.12,95.048
11996.48,95.046
11996.85,95.044
11997.22,95.043
11997.58,95.041
11997.95,95.039
11998.31,95.037
11998.68,95.035
11999.05,95.034
11999.41,95.032
11999.78,95.030
12000.14,95.029
12000.51,95.026
12000.88,95.025
12001.24,95.023
12001.61,95.021
12001.98,95.020
12002.34,95.018
12002.71,95.017
12003.07,95.014
12003.44,95.013
12003.81,95.011
12004.17,95.009
12004.54,95.007
12004.91,95.005
12005.27,95.004
12005.64,95.002
12006.00,95.000
12006.37,94.999
12006.74,94.996
12007.10,94.995
12007.47,94.994
12007.84,94.992
12008.20,94.990
12008.57,94.988
12008.93,94.987
12009.30,94.984
12009.67,94.983
12010.03,94.981
12010.40,94.980
12010.76,94.978
12011.13,94.976
12011.50,94.974
12011.86,94.972
12012.23,94.971
12012.60,94.969
12012.96,94.968
12013.33,94.965
12013.69,94.964
12014.06,94.962
12014.43,94.960
12014.79,94.959
12015.16,94.957
12015.53,94.955
12015.89,94.953
12016.26,94.951
12016.62,94.950
12016.99,94.948
12017.36,94.947
12017.72,94.945
12018.09,94.943
12018.46,94.941
12018.82,94.939
12019.19,94.938
12019.55,94.935
12019.92,94.934
12020.29,94.932
12020.65,94.930
12021.02,94.928
12021.39,94.927
12021.75,94.925
12022.12,94.924
12022.48,94.922
12022.85,94.921
12023.22,94.919
12023.58,94.917
12023.95,94.916
12024.31,94.913
12024.68,94.912
12025.05,94.910
12025.41,94.909
12025.78,94.906
12026.15,94.905
12026.51,94.903
12026.88,94.901
12027.24,94.900
12027.61,94.898
12027.98,94.896
12028.34,94.894
12028.71,94.892
12029.08,94.891
12029.44,94.889
12029.81,94.888
12030.17,94.886
12030.54,94.884
12030.91,94.882
12031.27,94.880
12031.64,94.879
12032.01,94.877
12032.37,94.876
12032.74,94.874
12033.10,94.872
12033.47,94.870
12033.84,94.868
12034.20,94.867
12034.57,94.865
12034.93,94.864
12035.30,94.862
12035.67,94.860
12036.03,94.858
12036.40,94.857
12036.77,94.855
12037.13,94.853
12037.50,94.852
12037.86,94.850
12038.23,94.848
12038.60,94.846
12038.96,94.845
12039.33,94.843
12039.70,94.841
12040.06,94.840
12040.43,94.838
12040.79,94.836
12041.16,94.834
12041.53,94.832
12041.89,94.831
12042.26,94.829
12042.63,94.828
12042.99,94.826
12043.36,94.824
12043.72,94.822
12044.09,94.820
12044.46,94.819
12044.82,94.817
12045.19,94.816
12045.55,94.814
12045.92,94.812
12046.29,94.810
12046.65,94.809
12047.02,94.807
12047.39,94.805
12047.75,94.803
12048.12,94.802
12048.48,94.800
12048.85,94.798
12049.22,94.797
12049.58,94.795
12049.95,94.793
12050.32,94.792
12050.68,94.790
12051.05,94.788
12051.41,94.787
12051.78,94.785
12052.15,94.783
12052.51,94.781
12052.88,94.780
12053.25,94.778
12053.61,94.776
12053.98,94.775
12054.34,94.774
12054.71,94.771
12055.08,94.769
12055.44,94.768
12055.81,94.766
12056.18,94.764
12056.54,94.763
12056.91,94.761
12057.27,94.760
12057.64,94.758
12058.01,94.757
12058.37,94.755
12058.74,94.753
12059.10,94.751
12059.47,94.749
12059.84,94.748
12060.20,94.746
12060.57,94.744
12060.94,94.743
12061.30,94.741
12061.67,94.739
12062.03,94.738
12062.40,94.736
12062.77,94.734
12063.13,94.733
12063.50,94.731
12063.87,94.729
12064.23,94.728
12064.60,94.726
12064.96,94.725
12065.33,94.722
12065.70,94.721
12066.06,94.719
12066.43,94.718
12066.80,94.715
12067.16,94.714
12067.53,94.713
12067.89,94.711
12068.26,94.709
12068.63,94.707
12068.99,94.706
12069.36,94.704
12069.72,94.703
12070.09,94.701
12070.46,94.699
12070.82,94.697
12071.19,94.696
12071.56,94.694
12071.92,94.692
12072.29,94.691
12072.65,94.689
12073.02,94.688
12073.39,94.686
12073.75,94.684
12074.12,94.682
12074.49,94.680
12074.85,94.679
12075.22,94.678
12075.58,94.676
12075.95,94.674
12076.32,94.672
12076.68,94.671
12077.05,94.669
12077.42,94.667
12077.78,94.666
12078.15,94.664
12078.51,94.662
12078.88,94.661
12079.25,94.659
12079.61,94.657
12079.98,94.656
12080.34,94.654
12080.71,94.653
12081.08,94.650
12081.44,94.649
12081.81,94.648
12082.18,94.646
12082.54,94.644
12082.91,94.642
12083.27,94.641
12083.64,94.639
12084.01,94.638
12084.37,94.636
12084.74,94.634
12085.11,94.632
12085.47,94.631
12085.84,94.630
12086.20,94.627
12086.57,94.626
12086.94,94.624
12087.30,94.623
12087.67,94.621
12088.04,94.619
12088.40,94.618
12088.77,94.616
12089.13,94.614
12089.50,94.613
12089.87,94.611
12090.23,94.609
12090.60,94.608
12090.97,94.607
12091.33,94.605
12091.70,94.603
12092.06,94.602
12092.43,94.600
12092.80,94.598
12093.16,94.596
12093.53,94.595
12093.89,94.594
12094.26,94.591
12094.63,94.590
12094.99,94.588
12095.36,94.587
12095.73,94.584
12096.09,94.583
12096.46,94.582
12096.82,94.580
12097.19,94.578
12097.56,94.576
12097.92,94.575
12098.29,94.573
12098.66,94.572
12099.02,94.570
12099.39,94.569
12099.75,94.567
12100.12,94.565
12100.49,94.564
12100.85,94.562
12101.22,94.560
12101.59,94.558
12101.95,94.557
12102.32,94.555
12102.68,94.553
12103.05,94.552
12103.42,94.550
12103.78,94.549
12104.15,94.547
12104.51,94.546
12104.88,94.544
12105.25,94.542
12105.61,94.541
12105.98,94.540
12106.35,94.538
12106.71,94.536
12107.08,94.535
12107.44,94.533
12107.81,94.531
12108.18,94.529
12108.54,94.528
12108.91,94.526
12109.28,94.524
12109.64,94.523
12110.01,94.521
12110.37,94.520
12110.74,94.519
12111.11,94.517
12111.47,94.515
12111.84,94.513
12112.21,94.512
12112.57,94.510
12112.94,94.508
12113.30,94.507
12113.67,94.505
12114.04,94.504
12114.40,94.502
12114.77,94.501
12115.14,94.499
12115.50,94.498
12115.87,94.495
12116.23,94.494
12116.60,94.493
12116.97,94.491
12117.33,94.489
12117.70,94.488
12118.06,94.486
12118.43,94.484
12118.80,94.482
12119.16,94.481
12119.53,94.480
12119.90,94.478
12120.26,94.477
12120.63,94.475
12120.99,94.473
12121.36,94.471
12121.73,94.471
12122.09,94.469
12122.46,94.467
12122.83,94.465
12123.19,94.464
12123.56,94.462
12123.92,94.460
12124.29,94.459
12124.66,94.458
12125.02,94.456
12125.39,94.454
12125.76,94.453
12126.12,94.451
12126.49,94.450
12126.85,94.447
12127.22,94.446
12127.59,94.445
12127.95,94.443
12128.32,94.441
12128.68,94.440
12129.05,94.439
12129.42,94.437
12129.78,94.435
12130.15,94.434
12130.52,94.431
12130.88,94.430
12131.25,94.428
12131.61,94.427
12131.98,94.425
12132.35,94.424
12132.71,94.422
12133.08,94.421
12133.45,94.419
12133.81,94.418
12134.18,94.416
12134.54,94.415
12134.91,94.413
12135.28,94.411
12135.64,94.409
12136.01,94.408
12136.38,94.407
12136.74,94.405
12137.11,94.404
12137.47,94.402
12137.84,94.400
12138.21,94.398
12138.57,94.397
12138.94,94.395
12139.30,94.394
12139.67,94.393
12140.04,94.391
12140.40,94.389
12140.77,94.387
12141.14,94.386
12141.50,94.385
12141.87,94.383
12142.23,94.382
12142.60,94.380
12142.97,94.378
12143.33,94.377
12143.70,94.375
12144.07,94.374
12144.43,94.372
12144.80,94.370
12145.16,94.369
12145.53,94.368
12145.90,94.366
12146.26,94.364
12146.63,94.363
12147.00,94.361
12147.36,94.360
12147.73,94.358
12148.09,94.356
12148.46,94.355
12148.83,94.353
12149.19,94.352
12149.56,94.350
12149.93,94.349
12150.29,94.347
12150.66,94.346
12151.02,94.344
12151.39,94.343
12151.76,94.341
12152.12,94.339
12152.49,94.338
12152.85,94.336
12153.22,94.335
12153.59,94.333
12153.95,94.332
12154.32,94.330
12154.69,94.328
12155.05,94.327
12155.42,94.325
12155.78,94.324
12156.15,94.322
12156.52,94.321
12156.88,94.319
12157.25,94.318
12157.62,94.316
12157.98,94.315
12158.35,94.313
12158.71,94.311
12159.08,94.310
12159.45,94.308
12159.81,94.307
12160.18,94.305
12160.55,94.304
12160.91,94.302
12161.28,94.301
12161.64,94.299
12162.01,94.298
12162.38,94.296
12162.74,94.294
12163.11,94.293
12163.47,94.291
12163.84,94.290
12164.21,94.288
12164.57,94.287
12164.94,94.285
12165.31,94.284
12165.67,94.282
12166.04,94.280
12166.40,94.279
12166.77,94.278
12167.14,94.276
12167.50,94.274
12167.87,94.273
12168.24,94.272
12168.60,94.270
12168.97,94.269
12169.33,94.267
12169.70,94.266
12170.07,94.264
12170.43,94.263
12170.80,94.261
12171.17,94.260
12171.53,94.257
12171.90,94.257
12172.26,94.255
12172.63,94.254
12173.00,94.252
12173.36,94.250
12173.73,94.249
12174.10,94.247
12174.46,94.245
12174.83,94.244
12175.19,94.243
12175.56,94.242
12175.93,94.239
12176.29,94.238
12176.66,94.237
12177.02,94.235
12177.39,94.233
12177.76,94.232
12178.12,94.231
12178.49,94.230
12178.86,94.228
12179.22,94.226
12179.59,94.225
12179.95,94.223
12180.32,94.222
12180.69,94.220
12181.05,94.219
12181.42,94.217
12181.79,94.215
12182.15,94.214
12182.52,94.213
12182.88,94.211
12183.25,94.209
12183.62,94.208
12183.98,94.207
12184.35,94.205
12184.72,94.203
12185.08,94.202
12185.45,94.201
12185.81,94.199
12186.18,94.197
12186.55,94.196
12186.91,94.195
12187.28,94.193
12187.64,94.191
12188.01,94.190
12188.38,94.189
12188.74,94.187
12189.11,94.185
12189.48,94.184
12189.84,94.183
12190.21,94.181
12190.57,94.179
12190.94,94.178
12191.31,94.177
12191.67,94.175
12192.04,94.174
12192.41,94.172
12192.77,94.171
12193.14,94.169
12193.50,94.168
12193.87,94.166
12194.24,94.165
12194.60,94.163
12194.97,94.162
12195.34,94.160
12195.70,94.159
12196.07,94.157
12196.43,94.156
12196.80,94.154
12197.17,94.153
12197.53,94.151
12197.90,94.150
12198.26,94.148
12198.63,94.147
12199.00,94.145
12199.36,94.144
12199.73,94.142
12200.10,94.141
12200.46,94.139
12200.83,94.138
12201.19,94.136
12201.56,94.136
12201.93,94.133
12202.29,94.132
12202.66,94.130
12203.03,94.130
12203.39,94.128
12203.76,94.126
12204.12,94.124
12204.49,94.124
12204.86,94.122
12205.22,94.120
12205.59,94.119
12205.96,94.118
12206.32,94.116
12206.69,94.114
12207.05,94.113
12207.42,94.112
12207.79,94.111
12208.15,94.109
12208.52,94.107
12208.89,94.106
12209.25,94.104
12209.62,94.103
12209.98,94.102
12210.35,94.100
12210.72,94.099
12211.08,94.097
12211.45,94.096
12211.81,94.094
12212.18,94.093
12212.55,94.091
12212.91,94.090
12213.28,94.088
12213.65,94.087
12214.01,94.085
12214.38,94.083
12214.74,94.082
12215.11,94.081
12215.48,94.079
12215.84,94.078
12216.21,94.077
12216.58,94.075
12216.94,94.074
12217.31,94.072
12217.67,94.071
12218.04,94.070
12218.41,94.068
12218.77,94.067
12219.14,94.065
12219.51,94.064
12219.87,94.062
12220.24,94.061
12220.60,94.059
12220.97,94.058
12221.34,94.056
12221.70,94.055
12222.07,94.053
12222.43,94.052
12222.80,94.050
12223.17,94.049
12223.53,94.047
12223.90,94.046
12224.27,94.045
12224.63,94.043
12225.00,94.042
12225.36,94.041
12225.73,94.039
12226.10,94.037
12226.46,94.036
12226.83,94.035
12227.20,94.034
12227.56,94.032
12227.93,94.031
12228.29,94.029
12228.66,94.028
12229.03,94.026
12229.39,94.025
12229.76,94.023
12230.13,94.022
12230.49,94.020
12230.86,94.019
12231.22,94.018
12231.59,94.016
12231.96,94.014
12232.32,94.013
12232.69,94.012
12233.05,94.011
12233.42,94.009
12233.79,94.007
12234.15,94.006
12234.52,94.005
12234.89,94.003
12235.25,94.002
12235.62,94.000
12235.98,93.999
12236.35,93.998
12236.72,93.996
12237.08,93.995
12237.45,93.994
12237.82,93.992
12238.18,93.990
12238.55,93.989
12238.91,93.988
12239.28,93.986
12239.65,93.984
12240.01,93.983
12240.38,93.983
12240.75,93.981
12241.11,93.980
12241.48,93.978
12241.84,93.977
12242.21,93.975
12242.58,93.974
12242.94,93.972
12243.31,93.971
12243.68,93.970
12244.04,93.968
12244.41,93.966
12244.77,93.965
12245.14,93.963
12245.51,93.962
12245.87,93.960
12246.24,93.959
12246.60,93.959
12246.97,93.957
12247.34,93.956
12247.70,93.954
12248.07,93.953
12248.44,93.951
12248.80,93.950
12249.17,93.948
12249.53,93.947
12249.90,93.945
12250.27,93.944
12250.63,93.942
12251.00,93.941
12251.37,93.940
12251.73,93.939
12252.10,93.937
12252.46,93.936
12252.83,93.934
12253.20,93.933
12253.56,93.931
12253.93,93.930
12254.30,93.928
12254.66,93.928
12255.03,93.926
12255.39,93.924
12255.76,93.923
12256.13,93.922
12256.49,93.921
12256.86,93.919
12257.22,93.917
12257.59,93.916
12257.96,93.915
12258.32,93.913
12258.69,93.912
12259.06,93.910
12259.42,93.909
12259.79,93.908
12260.15,93.906
12260.52,93.905
12260.89,93.903
12261.25,93.903
12261.62,93.901
12261.99,93.899
12262.35,93.898
12262.72,93.897
12263.08,93.895
12263.45,93.894
12263.82,93.893
12264.18,93.892
12264.55,93.890
12264.92,93.888
12265.28,93.887
12265.65,93.886
12266.01,93.885
12266.38,93.883
12266.75,93.882
12267.11,93.880
12267.48,93.879
12267.85,93.878
12268.21,93.876
12268.58,93.875
12268.94,93.874
12269.31,93.872
12269.68,93.870
12270.04,93.869
12270.41,93.868
12270.77,93.867
12271.14,93.865
12271.51,93.864
12271.87,93.863
12272.24,93.861
12272.61,93.860
12272.97,93.858
12273.34,93.857
12273.70,93.856
12274.07,93.855
12274.44,93.853
12274.80,93.852
12275.17,93.850
12275.54,93.849
12275.90,93.847
12276.27,93.846
12276.63,93.845
12277.00,93.844
12277.37,93.842
12277.73,93.841
12278.10,93.840
12278.47,93.838
12278.83,93.837
12279.20,93.835
12279.56,93.834
12279.93,93.833
12280.30,93.831
12280.66,93.830
12281.03,93.828
12281.39,93.827
12281.76,93.826
12282.13,93.825
12282.49,93.823
12282.86,93.822
12283.23,93.820
12283.59,93.819
12283.96,93.817
12284.32,93.816
12284.69,93.815
12285.06,93.814
12285.42,93.812
12285.79,93.811
12286.16,93.810
12286.52,93.808
12286.89,93.806
12287.25,93.805
12287.62,93.804
12287.99,93.803
12288.35,93.802
12288.72,93.800
12289.09,93.799
12289.45,93.797
12289.82,93.796
12290.18,93.794
12290.55,93.793
12290.92,93.792
12291.28,93.791
12291.65,93.790
12292.01,93.788
12292.38,93.787
12292.75,93.785
12293.11,93.784
12293.48,93.782
12293.85,93.781
12294.21,93.780
12294.58,93.779
12294.94,93.777
12295.31,93.776
12295.68,93.775
12296.04,93.773
12296.41,93.772
12296.78,93.771
12297.14,93.769
12297.51,93.768
12297.87,93.767
12298.24,93.766
12298.61,93.764
12298.97,93.763
12299.34,93.762
12299.71,93.760
12300.07,93.758
12300.44,93.757
12300.80,93.756
12301.17,93.755
12301.54,93.754
12301.90,93.752
12302.27,93.751
12302.64,93.749
12303.00,93.748
12303.37,93.747
12303.73,93.745
12304.10,93.744
12304.47,93.743
12304.83,93.742
12305.20,93.740
12305.56,93.739
12305.93,93.738
12306.30,93.736
12306.66,93.735
12307.03,93.733
12307.40,93.732
12307.76,93.731
12308.13,93.730
12308.49,93.728
12308.86,93.727
12309.23,93.726
12309.59,93.725
12309.96,93.723
12310.33,93.721
12310.69,93.721
12311.06,93.719
12311.42,93.718
12311.79,93.716
12312.16,93.715
12312.52,93.714
12312.89,93.713
12313.26,93.712
12313.62,93.710
12313.99,93.709
12314.35,93.707
12314.72,93.706
12315.09,93.705
12315.45,93.703
12315.82,93.702
12316.18,93.701
12316.55,93.700
12316.92,93.698
12317.28,93.697
12317.65,93.696
12318.02,93.695
12318.38,93.694
12318.75,93.691
12319.11,93.691
12319.48,93.689
12319.85,93.688
12320.21,93.686
12320.58,93.685
12320.95,93.684
12321.31,93.683
12321.68,93.681
12322.04,93.680
12322.41,93.679
12322.78,93.678
12323.14,93.677
12323.51,93.674
12323.88,93.674
12324.24,93.672
12324.61,93.671
12324.97,93.669
12325.34,93.668
12325.71,93.667
12326.07,93.666
12326.44,93.665
12326.80,93.663
12327.17,93.662
12327.54,93.661
12327.90,93.659
12328.27,93.658
12328.64,93.657
12329.00,93.656
12329.37,93.654
12329.73,93.653
12330.10,93.652
12330.47,93.650
12330.83,93.649
12331.20,93.648
12331.57,93.647
12331.93,93.645
12332.30,93.644
12332.66,93.642
12333.03,93.642
12333.40,93.640
12333.76,93.639
12334.13,93.638
12334.50,93.636
12334.86,93.635
12335.23,93.633
12335.59,93.632
12335.96,93.631
12336.33,93.630
12336.69,93.629
12337.06,93.627
12337.43,93.626
12337.79,93.625
12338.16,93.624
12338.52,93.622
12338.89,93.621
12339.26,93.620
12339.62,93.618
12339.99,93.617
12340.35,93.616
12340.72,93.614
12341.09,93.613
12341.45,93.612
12341.82,93.611
12342.19,93.609
12342.55,93.608
12342.92,93.607
12343.28,93.606
12343.65,93.605
12344.02,93.603
12344.38,93.602
12344.75,93.600
12345.12,93.600
12345.48,93.598
12345.85,93.596
12346.21,93.596
12346.58,93.594
12346.95,93.593
12347.31,93.591
12347.68,93.590
12348.05,93.590
12348.41,93.588
12348.78,93.587
12349.14,93.585
12349.51,93.584
12349.88,93.583
12350.24,93.582
12350.61,93.580
12350.97,93.579
12351.34,93.578
12351.71,93.577
12352.07,93.576
12352.44,93.574
12352.81,93.572
12353.17,93.572
12353.54,93.571
12353.90,93.569
12354.27,93.568
12354.64,93.566
12355.00,93.566
12355.37,93.564
12355.74,93.563
12356.10,93.562
12356.47,93.560
12356.83,93.559
12357.20,93.558
12357.57,93.556
12357.93,93.555
12358.30,93.554
12358.67,93.552
12359.03,93.552
12359.40,93.550
12359.76,93.549
12360.13,93.548
12360.50,93.547
12360.86,93.546
12361.23,93.544
12361.60,93.543
12361.96,93.541
12362.33,93.541
12362.69,93.539
12363.06,93.538
12363.43,93.537
12363.79,93.535
12364.16,93.534
12364.52,93.533
12364.89,93.531
12365.26,93.530
12365.62,93.530
12365.99,93.528
12366.36,93.527
12366.72,93.525
12367.09,93.524
12367.45,93.523
12367.82,93.522
12368.19,93.520
12368.55,93.519
12368.92,93.518
12369.29,93.517
12369.65,93.516
12370.02,93.514
12370.38,93.513
12370.75,93.511
12371.12,93.511
12371.48,93.510
12371.85,93.508
12372.22,93.507
12372.58,93.506
12372.95,93.505
12373.31,93.504
12373.68,93.502
12374.05,93.501
12374.41,93.500
12374.78,93.498
12375.14,93.497
12375.51,93.496
12375.88,93.495
12376.24,93.493
12376.61,93.492
12376.98,93.491
12377.34,93.490
12377.71,93.489
12378.07,93.487
12378.44,93.487
12378.81,93.485
12379.17,93.484
12379.54,93.482
12379.91,93.482
12380.27,93.480
12380.64,93.478
12381.00,93.477
12381.37,93.476
12381.74,93.475
12382.10,93.474
12382.47,93.472
12382.84,93.471
12383.20,93.471
12383.57,93.469
12383.93,93.468
12384.30,93.466
12384.67,93.465
12385.03,93.465
12385.40,93.463
12385.76,93.462
12386.13,93.460
12386.50,93.459
12386.86,93.459
12387.23,93.457
12387.60,93.456
12387.96,93.454
12388.33,93.454
12388.69,93.453
12389.06,93.451
12389.43,93.450
12389.79,93.448
12390.16,93.447
12390.53,93.447
12390.89,93.445
12391.26,93.444
12391.62,93.442
12391.99,93.441
12392.36,93.440
12392.72,93.439
12393.09,93.438
12393.46,93.436
12393.82,93.436
12394.19,93.434
12394.55,93.433
12394.92,93.432
12395.29,93.430
12395.65,93.429
12396.02,93.428
12396.39,93.427
12396.75,93.425
12397.12,93.424
12397.48,93.423
12397.85,93.422
12398.22,93.421
12398.58,93.419
12398.95,93.418
12399.31,93.418
12399.68,93.416
12400.05,93.415
12400.41,93.413
12400.78,93.412
12401.15,93.411
12401.51,93.410
12401.88,93.409
12402.24,93.407
12402.61,93.406
12402.98,93.406
12403.34,93.404
12403.71,93.403
12404.08,93.402
12404.44,93.401
12404.81,93.400
12405.17,93.398
12405.54,93.397
12405.91,93.396
12406.27,93.394
12406.64,93.393
12407.01,93.393
12407.37,93.391
12407.74,93.390
12408.10,93.388
12408.47,93.388
12408.84,93.386
12409.20,93.386
12409.57,93.384
12409.93,93.383
12410.30,93.382
12410.67,93.381
12411.03,93.380
12411.40,93.378
12411.77,93.377
12412.13,93.376
12412.50,93.374
12412.86,93.374
12413.23,93.373
12413.60,93.371
12413.96,93.370
12414.33,93.369
12414.70,93.368
12415.06,93.367
12415.43,93.365
12415.79,93.364
12416.16,93.362
12416.53,93.362
12416.89,93.361
12417.26,93.359
12417.63,93.358
12417.99,93.357
12418.36,93.356
12418.72,93.355
12419.09,93.353
12419.46,93.352
12419.82,93.352
12420.19,93.350
12420.55,93.349
12420.92,93.348
12421.29,93.346
12421.65,93.346
12422.02,93.344
12422.39,93.343
12422.75,93.342
12423.12,93.341
12423.48,93.340
12423.85,93.338
12424.22,93.338
12424.58,93.336
12424.95,93.335
12425.32,93.334
12425.68,93.333
12426.05,93.332
12426.41,93.331
12426.78,93.329
12427.15,93.328
12427.51,93.326
12427.88,93.326
12428.25,93.325
12428.61,93.323
12428.98,93.322
12429.34,93.321
12429.71,93.320
12430.08,93.319
12430.44,93.318
12430.81,93.317
12431.18,93.316
12431.54,93.314
12431.91,93.313
12432.27,93.312
12432.64,93.311
12433.01,93.309
12433.37,93.309
12433.74,93.307
12434.10,93.306
12434.47,93.305
12434.84,93.304
12435.20,93.303
12435.57,93.302
12435.94,93.300
12436.30,93.299
12436.67,93.298
12437.03,93.297
12437.40,93.296
12437.77,93.294
12438.13,93.293
12438.50,93.292
12438.87,93.291
12439.23,93.290
12439.60,93.289
12439.96,93.287
12440.33,93.287
12440.70,93.286
12441.06,93.284
12441.43,93.284
12441.80,93.282
12442.16,93.281
12442.53,93.280
12442.89,93.279
12443.26,93.278
12443.63,93.276
12443.99,93.275
12444.36,93.275
12444.72,93.273
12445.09,93.272
12445.46,93.271
12445.82,93.270
12446.19,93.268
12446.56,93.267
12446.92,93.266
12447.29,93.266
12447.65,93.264
12448.02,93.263
12448.39,93.262
12448.75,93.261
12449.12,93.260
12449.49,93.258
12449.85,93.257
12450.22,93.257
12450.58,93.255
12450.95,93.254
12451.32,93.253
12451.68,93.252
12452.05,93.251
12452.42,93.249
12452.78,93.249
12453.15,93.247
12453.51,93.246
12453.88,93.245
12454.25,93.244
12454.61,93.243
12454.98,93.242
12455.35,93.240
12455.71,93.239
12456.08,93.239
12456.44,93.237
12456.81,93.236
12457.18,93.235
12457.54,93.234
12457.91,93.233
12458.27,93.232
12458.64,93.231
12459.01,93.230
12459.37,93.228
12459.74,93.228
12460.11,93.226
12460.47,93.226
12460.84,93.224
12461.20,93.223
12461.57,93.222
12461.94,93.221
12462.30,93.219
12462.67,93.219
12463.04,93.218
12463.40,93.216
12463.77,93.215
12464.13,93.215
12464.50,93.213
12464.87,93.212
12465.23,93.210
12465.60,93.210
12465.97,93.209
12466.33,93.208
12466.70,93.207
12467.06,93.206
12467.43,93.204
12467.80,93.203
12468.16,93.202
12468.53,93.201
12468.89,93.200
12469.26,93.199
12469.63,93.197
12469.99,93.197
12470.36,93.195
12470.73,93.195
12471.09,93.193
12471.46,93.192
12471.82,93.191
12472.19,93.190
12472.56,93.189
12472.92,93.188
12473.29,93.187
12473.66,93.186
12474.02,93.185
12474.39,93.184
12474.75,93.183
12475.12,93.181
12475.49,93.180
12475.85,93.179
12476.22,93.178
12476.59,93.177
12476.95,93.176
12477.32,93.175
12477.68,93.174
12478.05,93.172
12478.42,93.172
12478.78,93.171
12479.15,93.169
12479.51,93.168
12479.88,93.167
12480.25,93.166
12480.61,93.166
12480.98,93.164
12481.35,93.163
12481.71,93.162
12482.08,93.161
12482.44,93.160
12482.81,93.159
12483.18,93.157
12483.54,93.156
12483.91,93.156
12484.28,93.154
12484.64,93.153
12485.01,93.153
12485.37,93.151
12485.74,93.150
12486.11,93.149
12486.47,93.148
12486.84,93.147
12487.21,93.146
12487.57,93.144
12487.94,93.144
12488.30,93.142
12488.67,93.142
12489.04,93.141
12489.40,93.139
12489.77,93.139
12490.14,93.137
12490.50,93.137
12490.87,93.136
12491.23,93.135
12491.60,93.133
12491.97,93.132
12492.33,93.131
12492.70,93.131
12493.06,93.129
12493.43,93.128
12493.80,93.127
12494.16,93.126
12494.53,93.125
12494.90,93.124
12495.26,93.123
12495.63,93.122
12495.99,93.120
12496.36,93.120
12496.73,93.118
12497.09,93.118
12497.46,93.117
12497.83,93.115
12498.19,93.114
12498.56,93.114
12498.92,93.112
12499.29,93.112
12499.66,93.110
12500.02,93.109
12500.39,93.108
12500.76,93.107
12501.12,93.106
12501.49,93.105
12501.85,93.103
12502.22,93.103
12502.59,93.101
12502.95,93.101
12503.32,93.100
12503.68,93.099
12504.05,93.098
12504.42,93.096
12504.78,93.096
12505.15,93.095
12505.52,93.094
12505.88,93.093
12506.25,93.091
12506.61,93.090
12506.98,93.090
12507.35,93.089
12507.71,93.088
12508.08,93.087
12508.45,93.085
12508.81,93.084
12509.18,93.084
12509.54,93.082
12509.91,93.082
12510.28,93.080
12510.64,93.079
12511.01,93.078
12511.38,93.078
12511.74,93.076
12512.11,93.075
12512.47,93.074
12512.84,93.073
12513.21,93.072
12513.57,93.071
12513.94,93.071
12514.30,93.069
12514.67,93.069
12515.04,93.067
12515.40,93.066
12515.77,93.065
12516.14,93.064
12516.50,93.063
12516.87,93.062
12517.23,93.061
12517.60,93.060
12517.97,93.059
12518.33,93.058
12518.70,93.057
12519.07,93.056
12519.43,93.054
12519.80,93.054
12520.16,93.052
12520.53,93.052
12520.90,93.050
12521.26,93.050
12521.63,93.048
12522.00,93.048
12522.36,93.047
12522.73,93.046
12523.09,93.045
12523.46,93.044
12523.83,93.043
12524.19,93.042
12524.56,93.041
12524.93,93.040
12525.29,93.039
12525.66,93.037
12526.02,93.037
12526.39,93.035
12526.76,93.035
12527.12,93.034
12527.49,93.033
12527.85,93.031
12528.22,93.031
12528.59,93.030
12528.95,93.029
12529.32,93.028
12529.69,93.027
12530.05,93.026
12530.42,93.025
12530.78,93.024
12531.15,93.023
12531.52,93.022
12531.88,93.021
12532.25,93.020
12532.62,93.019
12532.98,93.018
12533.35,93.017
12533.71,93.016
12534.08,93.016
12534.45,93.014
12534.81,93.013
12535.18,93.012
12535.55,93.012
12535.91,93.010
12536.28,93.010
12536.64,93.008
12537.01,93.007
12537.38,93.006
12537.74,93.006
12538.11,93.005
12538.47,93.004
12538.84,93.003
12539.21,93.001
12539.57,93.001
12539.94,93.000
12540.31,92.999
12540.67,92.998
12541.04,92.997
12541.40,92.995
12541.77,92.995
12542.14,92.994
12542.50,92.993
12542.87,92.992
12543.24,92.991
12543.60,92.990
12543.97,92.989
12544.33,92.989
12544.70,92.987
12545.07,92.987
12545.43,92.985
12545.80,92.984
12546.17,92.983
12546.53,92.983
12546.90,92.982
12547.26,92.981
12547.63,92.980
12548.00,92.978
12548.36,92.977
12548.73,92.977
12549.10,92.976
12549.46,92.975
12549.83,92.974
12550.19,92.973
12550.56,92.972
12550.93,92.971
12551.29,92.970
12551.66,92.969
12552.02,92.968
12552.39,92.968
12552.76,92.966
12553.12,92.965
12553.49,92.965
12553.86,92.963
12554.22,92.963
12554.59,92.962
12554.95,92.961
12555.32,92.959
12555.69,92.959
12556.05,92.957
12556.42,92.957
12556.79,92.956
12557.15,92.955
12557.52,92.954
12557.88,92.953
12558.25,92.953
12558.62,92.951
12558.98,92.951
12559.35,92.950
12559.72,92.948
12560.08,92.948
12560.45,92.947
12560.81,92.946
12561.18,92.945
12561.55,92.944
12561.91,92.944
12562.28,92.942
12562.64,92.942
12563.01,92.940
12563.38,92.940
12563.74,92.938
12564.11,92.938
12564.48,92.937
12564.84,92.936
12565.21,92.935
12565.57,92.934
12565.94,92.933
12566.31,92.932
12566.67,92.931
12567.04,92.930
12567.41,92.929
12567.77,92.928
12568.14,92.928
12568.50,92.927
12568.87,92.926
12569.24,92.925
12569.60,92.924
12569.97,92.923
12570.34,92.922
12570.70,92.921
12571.07,92.921
12571.43,92.919
12571.80,92.918
12572.17,92.917
12572.53,92.916
12572.90,92.916
12573.26,92.915
12573.63,92.914
12574.00,92.913
12574.36,92.912
12574.73,92.912
12575.10,92.910
12575.46,92.910
12575.83,92.909
12576.19,92.907
12576.56,92.907
12576.93,92.906
12577.29,92.905
12577.66,92.904
12578.03,92.903
12578.39,92.903
12578.76,92.901
12579.12,92.900
12579.49,92.900
12579.86,92.899
12580.22,92.898
12580.59,92.897
12580.96,92.897
12581.32,92.895
12581.69,92.894
12582.05,92.894
12582.42,92.893
12582.79,92.892
12583.15,92.891
12583.52,92.890
12583.89,92.889
12584.25,92.888
12584.62,92.887
12584.98,92.887
12585.35,92.886
12585.72,92.885
12586.08,92.885
12586.45,92.883
12586.81,92.882
12587.18,92.882
12587.55,92.880
12587.91,92.880
12588.28,92.879
12588.65,92.878
12589.01,92.877
12589.38,92.876
12589.74,92.876
12590.11,92.874
12590.48,92.874
12590.84,92.873
12591.21,92.872
12591.58,92.871
12591.94,92.870
12592.31,92.870
12592.67,92.869
12593.04,92.868
12593.41,92.867
12593.77,92.866
12594.14,92.865
12594.51,92.864
12594.87,92.863
12595.24,92.863
12595.60,92.862
12595.97,92.861
12596.34,92.861
12596.70,92.859
12597.07,92.858
12597.43,92.858
12597.80,92.856
12598.17,92.856
12598.53,92.856
12598.90,92.854
12599.27,92.853
12599.63,92.853
12600.00,92.852
12600.36,92.851
12600.73,92.850
12601.10,92.850
12601.46,92.849
12601.83,92.847
12602.20,92.847
12602.56,92.846
12602.93,92.845
12603.29,92.845
12603.66,92.844
12604.03,92.843
12604.39,92.842
12604.76,92.841
12605.13,92.840
12605.49,92.839
12605.86,92.839
12606.22,92.838
12606.59,92.837
12606.96,92.836
12607.32,92.835
12607.69,92.834
12608.06,92.834
12608.42,92.833
12608.79,92.833
12609.15,92.831
12609.52,92.831
12609.89,92.830
12610.25,92.829
12610.62,92.828
12610.98,92.828
12611.35,92.827
12611.72,92.826
12612.08,92.825
12612.45,92.824
12612.82,92.823
12613.18,92.822
12613.55,92.822
12613.91,92.821
12614.28,92.820
12614.65,92.819
12615.01,92.819
12615.38,92.818
12615.75,92.816
12616.11,92.816
12616.48,92.816
12616.84,92.815
12617.21,92.814
12617.58,92.813
12617.94,92.812
12618.31,92.811
12618.68,92.811
12619.04,92.809
12619.41,92.809
12619.77,92.809
12620.14,92.807
12620.51,92.806
12620.87,92.806
12621.24,92.805
12621.60,92.804
12621.97,92.803
12622.34,92.803
12622.70,92.802
12623.07,92.802
12623.44,92.800
12623.80,92.799
12624.17,92.799
12624.53,92.799
12624.90,92.797
12625.27,92.797
12625.63,92.796
12626.00,92.795
12626.37,92.794
12626.73,92.793
12627.10,92.793
12627.46,92.792
12627.83,92.791
12628.20,92.791
12628.56,92.790
12628.93,92.789
12629.30,92.788
12629.66,92.787
12630.03,92.786
12630.39,92.786
12630.76,92.785
12631.13,92.785
12631.49,92.784
12631.86,92.783
12632.22,92.782
12632.59,92.781
12632.96,92.781
12633.32,92.780
12633.69,92.779
12634.06,92.779
12634.42,92.778
12634.79,92.777
12635.15,92.776
12635.52,92.775
12635.89,92.775
12636.25,92.774
12636.62,92.773
12636.99,92.772
12637.35,92.772
12637.72,92.771
12638.08,92.770
12638.45,92.770
12638.82,92.769
12639.18,92.768
12639.55,92.767
12639.92,92.767
12640.28,92.766
12640.65,92.766
12641.01,92.764
12641.38,92.763
12641.75,92.763
12642.11,92.763
12642.48,92.762
12642.85,92.761
12643.21,92.760
12643.58,92.760
12643.94,92.759
12644.31,92.758
12644.68,92.757
12645.04,92.757
12645.41,92.756
12645.77,92.755
12646.14,92.755
12646.51,92.754
12646.87,92.754
12647.24,92.752
12647.61,92.751
12647.97,92.751
12648.34,92.751
12648.70,92.749
12649.07,92.749
12649.44,92.749
12649.80,92.748
12650.17,92.746
12650.54,92.746
12650.90,92.745
12651.27,92.745
12651.63,92.744
12652.00,92.743
12652.37,92.743
12652.73,92.742
12653.10,92.741
12653.47,92.740
12653.83,92.740
12654.20,92.739
12654.56,92.738
12654.93,92.737
12655.30,92.737
12655.66,92.737
12656.03,92.736
12656.39,92.735
12656.76,92.734
12657.13,92.734
12657.49,92.733
12657.86,92.732
12658.23,92.731
12658.59,92.731
12658.96,92.731
12659.32,92.730
12659.69,92.729
12660.06,92.728
12660.42,92.727
12660.79,92.727
12661.16,92.726
12661.52,92.726
12661.89,92.725
12662.25,92.725
12662.62,92.724
12662.99,92.723
12663.35,92.722
12663.72,92.721
12664.09,92.721
12664.45,92.721
12664.82,92.719
12665.18,92.719
12665.55,92.719
12665.92,92.718
12666.28,92.718
12666.65,92.716
12667.01,92.715
12667.38,92.715
12667.75,92.714
12668.11,92.714
12668.48,92.713
12668.85,92.713
12669.21,92.712
12669.58,92.712
12669.94,92.711
12670.31,92.709
12670.68,92.709
12671.04,92.709
12671.41,92.708
12671.78,92.708
12672.14,92.707
12672.51,92.706
12672.87,92.706
12673.24,92.705
12673.61,92.704
12673.97,92.704
12674.34,92.703
12674.71,92.702
12675.07,92.701
12675.44,92.701
12675.80,92.701
12676.17,92.700
12676.54,92.699
12676.90,92.698
12677.27,92.698
12677.64,92.697
12678.00,92.697
12678.37,92.696
12678.73,92.695
12679.10,92.695
12679.47,92.694
12679.83,92.694
12680.20,92.693
12680.56,92.692
12680.93,92.691
12681.30,92.691
12681.66,92.691
12682.03,92.690
12682.40,92.689
12682.76,92.689
12683.13,92.688
12683.49,92.688
12683.86,92.687
12684.23,92.686
12684.59,92.686
12684.96,92.685
12685.33,92.685
12685.69,92.684
12686.06,92.683
12686.42,92.683
12686.79,92.682
12687.16,92.681
12687.52,92.681
12687.89,92.680
12688.26,92.680
12688.62,92.679
12688.99,92.678
12689.35,92.678
12689.72,92.678
12690.09,92.677
12690.45,92.677
12690.82,92.675
12691.18,92.675
12691.55,92.674
12691.92,92.674
12692.28,92.674
12692.65,92.673
12693.02,92.672
12693.38,92.672
12693.75,92.671
12694.11,92.671
12694.48,92.670
12694.85,92.669
12695.21,92.669
12695.58,92.668
12695.95,92.668
12696.31,92.668
12696.68,92.666
12697.04,92.666
12697.41,92.666
12697.78,92.665
12698.14,92.665
12698.51,92.664
12698.88,92.663
12699.24,92.663
12699.61,92.662
12699.97,92.662
12700.34,92.661
12700.71,92.660
12701.07,92.660
12701.44,92.660
12701.81,92.659
12702.17,92.659
12702.54,92.658
12702.90,92.657
12703.27,92.657
12703.64,92.656
12704.00,92.656
12704.37,92.655
12704.73,92.654
12705.10,92.654
12705.47,92.654
12705.83,92.653
12706.20,92.653
12706.57,92.652
12706.93,92.651
12707.30,92.651
12707.66,92.650
12708.03,92.650
12708.40,92.649
12708.76,92.648
12709.13,92.648
12709.50,92.648
12709.86,92.647
12710.23,92.647
12710.59,92.646
12710.96,92.645
12711.33,92.645
12711.69,92.644
12712.06,92.644
12712.43,92.644
12712.79,92.643
12713.16,92.642
12713.52,92.642
12713.89,92.641
12714.26,92.641
12714.62,92.641
12714.99,92.640
12715.35,92.639
12715.72,92.639
12716.09,92.638
12716.45,92.638
12716.82,92.637
12717.19,92.637
12717.55,92.636
12717.92,92.636
12718.28,92.635
12718.65,92.635
12719.02,92.635
12719.38,92.634
12719.75,92.633
12720.12,92.633
12720.48,92.632
12720.85,92.632
12721.21,92.632
12721.58,92.631
12721.95,92.630
12722.31,92.630
12722.68,92.630
12723.05,92.629
12723.41,92.629
12723.78,92.628
12724.14,92.627
12724.51,92.627
12724.88,92.626
12725.24,92.626
12725.61,92.626
12725.97,92.626
12726.34,92.625
12726.71,92.625
12727.07,92.624
12727.44,92.624
12727.81,92.623
12728.17,92.623
12728.54,92.622
12728.90,92.621
12729.27,92.621
12729.64,92.620
12730.00,92.620
12730.37,92.620
12730.74,92.619
12731.10,92.619
12731.47,92.618
12731.83,92.618
12732.20,92.618
12732.57,92.617
12732.93,92.617
12733.30,92.616
12733.67,92.616
12734.03,92.615
12734.40,92.615
12734.76,92.614
12735.13,92.614
12735.50,92.614
12735.86,92.613
12736.23,92.612
12736.60,92.612
12736.96,92.612
12737.33,92.612
12737.69,92.611
12738.06,92.611
12738.43,92.610
12738.79,92.609
12739.16,92.609
12739.52,92.608
12739.89,92.608
12740.26,92.608
12740.62,92.607
12740.99,92.607
12741.36,92.606
12741.72,92.606
12742.09,92.606
12742.45,92.605
12742.82,92.605
12743.19,92.605
12743.55,92.604
12743.92,92.603
12744.29,92.603
12744.65,92.602
12745.02,92.602
12745.38,92.602
12745.75,92.602
12746.12,92.602
12746.48,92.601
12746.85,92.601
12747.22,92.600
12747.58,92.600
12747.95,92.600
12748.31,92.599
12748.68,92.599
12749.05,92.598
12749.41,92.597
12749.78,92.597
12750.14,92.597
12750.51,92.596
12750.88,92.596
12751.24,92.596
12751.61,92.595
12751.98,92.594
12752.34,92.595
12752.71,92.594
12753.07,92.594
12753.44,92.594
12753.81,92.593
12754.17,92.593
12754.54,92.593
12754.91,92.592
12755.27,92.591
12755.64,92.591
12756.00,92.590
12756.37,92.590
12756.74,92.590
12757.10,92.590
12757.47,92.589
12757.84,92.588
12758.20,92.588
12758.57,92.589
12758.93,92.588
12759.30,92.588
12759.67,92.587
12760.03,92.587
12760.40,92.587
12760.76,92.586
12761.13,92.585
12761.50,92.585
12761.86,92.584
12762.23,92.584
12762.60,92.584
12762.96,92.584
12763.33,92.584
12763.69,92.583
12764.06,92.583
12764.43,92.583
12764.79,92.582
12765.16,92.582
12765.53,92.581
12765.89,92.581
12766.26,92.581
12766.62,92.581
12766.99,92.580
12767.36,92.579
12767.72,92.579
12768.09,92.579
12768.46,92.578
12768.82,92.578
12769.19,92.578
12769.55,92.578
12769.92,92.578
12770.29,92.577
12770.65,92.577
12771.02,92.576
12771.39,92.576
12771.75,92.576
12772.12,92.575
12772.48,92.575
12772.85,92.575
12773.22,92.575
12773.58,92.574
12773.95,92.573
12774.31,92.573
12774.68,92.573
12775.05,92.573
12775.41,92.572
12775.78,92.572
12776.15,92.572
12776.51,92.572
12776.88,92.571
12777.24,92.571
12777.61,92.571
12777.98,92.570
12778.34,92.570
12778.71,92.570
12779.08,92.570
12779.44,92.569
12779.81,92.569
12780.17,92.569
12780.54,92.568
12780.91,92.567
12781.27,92.567
12781.64,92.567
12782.01,92.567
12782.37,92.566
12782.74,92.567
12783.10,92.566
12783.47,92.566
12783.84,92.566
12784.20,92.566
12784.57,92.565
12784.93,92.564
12785.30,92.564
12785.67,92.564
12786.03,92.564
12786.40,92.564
12786.77,92.563
12787.13,92.563
12787.50,92.562
12787.86,92.562
12788.23,92.562
12788.60,92.562
12788.96,92.561
12789.33,92.561
12789.70,92.561
12790.06,92.561
12790.43,92.560
12790.79,92.561
12791.16,92.560
12791.53,92.559
12791.89,92.559
12792.26,92.559
12792.63,92.559
12792.99,92.558
12793.36,92.559
12793.72,92.558
12794.09,92.558
12794.46,92.558
12794.82,92.558
12795.19,92.557
12795.56,92.556
12795.92,92.556
12796.29,92.556
12796.65,92.556
12797.02,92.556
12797.39,92.555
12797.75,92.555
12798.12,92.555
12798.48,92.555
12798.85,92.555
12799.22,92.554
12799.58,92.554
12799.95,92.554
12800.32,92.554
12800.68,92.553
12801.05,92.553
12801.41,92.553
12801.78,92.553
12802.15,92.553
12802.51,92.552
12802.88,92.552
12803.25,92.552
12803.61,92.552
12803.98,92.552
12804.34,92.551
12804.71,92.550
12805.08,92.551
12805.44,92.550
12805.81,92.550
12806.18,92.550
12806.54,92.550
12806.91,92.549
12807.27,92.549
12807.64,92.549
12808.01,92.549
12808.37,92.549
12808.74,92.549
12809.10,92.548
12809.47,92.548
12809.84,92.548
12810.20,92.548
12810.57,92.547
12810.94,92.547
12811.30,92.547
12811.67,92.547
12812.03,92.547
12812.40,92.546
12812.77,92.546
12813.13,92.546
12813.50,92.546
12813.87,92.546
12814.23,92.546
12814.60,92.546
12814.96,92.545
12815.33,92.545
12815.70,92.545
12816.06,92.544
12816.43,92.544
12816.80,92.544
12817.16,92.544
12817.53,92.544
12817.89,92.543
12818.26,92.543
12818.63,92.543
12818.99,92.543
12819.36,92.543
12819.72,92.542
12820.09,92.542
12820.46,92.543
12820.82,92.542
12821.19,92.542
12821.56,92.542
12821.92,92.541
12822.29,92.541
12822.65,92.541
12823.02,92.541
12823.39,92.541
12823.75,92.541
12824.12,92.541
12824.49,92.540
12824.85,92.541
12825.22,92.540
12825.58,92.540
12825.95,92.540
12826.32,92.540
12826.68,92.540
12827.05,92.540
12827.42,92.539
12827.78,92.539
12828.15,92.539
12828.51,92.539
12828.88,92.538
12829.25,92.538
12829.61,92.538
12829.98,92.538
12830.35,92.538
12830.71,92.538
12831.08,92.537
12831.44,92.537
12831.81,92.537
12832.18,92.537
12832.54,92.537
12832.91,92.537
12833.27,92.537
12833.64,92.537
12834.01,92.537
12834.37,92.537
12834.74,92.536
12835.11,92.536
12835.47,92.536
12835.84,92.536
12836.20,92.535
12836.57,92.536
12836.94,92.536
12837.30,92.535
12837.67,92.535
12838.04,92.535
12838.40,92.535
12838.77,92.535
12839.13,92.535
12839.50,92.535
12839.87,92.535
12840.23,92.535
12840.60,92.535
12840.97,92.534
12841.33,92.534
12841.70,92.534
12842.06,92.534
12842.43,92.534
12842.80,92.534
12843.16,92.534
12843.53,92.534
12843.89,92.534
12844.26,92.533
12844.63,92.533
12844.99,92.533
12845.36,92.532
12845.73,92.533
12846.09,92.532
12846.46,92.532
12846.82,92.532
12847.19,92.532
12847.56,92.532
12847.92,92.532
12848.29,92.532
12848.66,92.531
12849.02,92.532
12849.39,92.531
12849.75,92.531
12850.12,92.531
12850.49,92.531
12850.85,92.531
12851.22,92.531
12851.59,92.531
12851.95,92.531
12852.32,92.531
12852.68,92.531
12853.05,92.531
12853.42,92.531
12853.78,92.531
12854.15,92.531
12854.51,92.530
12854.88,92.531
12855.25,92.531
12855.61,92.530
12855.98,92.530
12856.35,92.530
12856.71,92.530
12857.08,92.530
12857.44,92.530
12857.81,92.529
12858.18,92.530
12858.54,92.530
12858.91,92.529
12859.28,92.529
12859.64,92.529
12860.01,92.529
12860.37,92.530
12860.74,92.529
12861.11,92.529
12861.47,92.529
12861.84,92.529
12862.21,92.529
12862.57,92.529
12862.94,92.528
12863.30,92.529
12863.67,92.529
12864.04,92.529
12864.40,92.529
12864.77,92.528
12865.14,92.528
12865.50,92.529
12865.87,92.528
12866.23,92.529
12866.60,92.528
12866.97,92.528
12867.33,92.528
12867.70,92.528
12868.06,92.528
12868.43,92.528
12868.80,92.528
12869.16,92.528
12869.53,92.528
12869.90,92.528
12870.26,92.528
12870.63,92.528
12870.99,92.528
12871.36,92.528
12871.73,92.528
12872.09,92.528
12872.46,92.528
12872.83,92.528
12873.19,92.528
12873.56,92.528
12873.92,92.528
12874.29,92.528
12874.66,92.528
12875.02,92.527
12875.39,92.528
12875.76,92.528
12876.12,92.528
12876.49,92.528
12876.85,92.527
12877.22,92.528
12877.59,92.527
12877.95,92.528
12878.32,92.527
12878.68,92.527
12879.05,92.527
12879.42,92.527
12879.78,92.528
12880.15,92.527
12880.52,92.528
12880.88,92.527
12881.25,92.527
12881.61,92.527
12881.98,92.527
12882.35,92.527
12882.71,92.527
12883.08,92.527
12883.45,92.527
12883.81,92.527
12884.18,92.527
12884.54,92.527
12884.91,92.527
12885.28,92.527
12885.64,92.527
12886.01,92.527
12886.38,92.526
12886.74,92.527
12887.11,92.527
12887.47,92.527
12887.84,92.527
12888.21,92.527
12888.57,92.527
12888.94,92.526
12889.31,92.527
12889.67,92.527
12890.04,92.527
12890.40,92.527
12890.77,92.527
12891.14,92.527
12891.50,92.526
12891.87,92.527
12892.23,92.527
12892.60,92.527
12892.97,92.527
12893.33,92.527
12893.70,92.527
12894.07,92.527
12894.43,92.527
12894.80,92.527
12895.16,92.527
12895.53,92.527
12895.90,92.527
12896.26,92.527
12896.63,92.528
12897.00,92.527
12897.36,92.528
12897.73,92.527
12898.09,92.528
12898.46,92.528
12898.83,92.527
12899.19,92.528
12899.56,92.527
12899.93,92.528
12900.29,92.527
12900.66,92.528
12901.02,92.528
12901.39,92.528
12901.76,92.528
12902.12,92.528
12902.49,92.528
12902.85,92.528
12903.22,92.528
12903.59,92.528
12903.95,92.528
12904.32,92.528
12904.69,92.528
12905.05,92.528
12905.42,92.528
12905.78,92.528
12906.15,92.528
12906.52,92.528
12906.88,92.528
12907.25,92.528
12907.62,92.529
12907.98,92.528
12908.35,92.529
12908.71,92.528
12909.08,92.528
12909.45,92.529
12909.81,92.528
12910.18,92.529
12910.55,92.528
12910.91,92.529
12911.28,92.529
12911.64,92.529
12912.01,92.529
12912.38,92.529
12912.74,92.529
12913.11,92.529
12913.47,92.529
12913.84,92.529
12914.21,92.529
12914.57,92.529
12914.94,92.529
12915.31,92.529
12915.67,92.529
12916.04,92.530
12916.40,92.529
12916.77,92.529
12917.14,92.529
12917.50,92.529
12917.87,92.530
12918.24,92.530
12918.60,92.529
12918.97,92.530
12919.33,92.529
12919.70,92.530
12920.07,92.530
12920.43,92.529
12920.80,92.530
12921.17,92.530
12921.53,92.530
12921.90,92.530
12922.26,92.530
12922.63,92.530
12923.00,92.531
12923.36,92.530
12923.73,92.530
12924.10,92.531
12924.46,92.531
12924.83,92.531
12925.19,92.531
12925.56,92.530
12925.93,92.531
12926.29,92.531
12926.66,92.531
12927.02,92.531
12927.39,92.531
12927.76,92.531
12928.12,92.531
12928.49,92.531
12928.86,92.531
12929.22,92.531
12929.59,92.531
12929.95,92.532
12930.32,92.532
12930.69,92.532
12931.05,92.532
12931.42,92.532
12931.79,92.532
12932.15,92.532
12932.52,92.532
12932.88,92.532
12933.25,92.532
12933.62,92.533
12933.98,92.532
12934.35,92.533
12934.72,92.533
12935.08,92.533
12935.45,92.533
12935.81,92.534
12936.18,92.533
12936.55,92.534
12936.91,92.534
12937.28,92.534
12937.64,92.534
12938.01,92.534
12938.38,92.534
12938.74,92.534
12939.11,92.534
12939.48,92.534
12939.84,92.534
12940.21,92.535
12940.57,92.534
12940.94,92.535
12941.31,92.534
12941.67,92.534
12942.04,92.535
12942.41,92.535
12942.77,92.535
12943.14,92.535
12943.50,92.535
12943.87,92.535
12944.24,92.535
12944.60,92.535
12944.97,92.535
12945.34,92.535
12945.70,92.536
12946.07,92.535
12946.43,92.536
12946.80,92.536
12947.17,92.536
12947.53,92.536
12947.90,92.536
12948.26,92.536
12948.63,92.536
12949.00,92.537
12949.36,92.537
12949.73,92.537
12950.10,92.537
12950.46,92.537
12950.83,92.537
12951.19,92.537
12951.56,92.537
12951.93,92.537
12952.29,92.537
12952.66,92.538
12953.03,92.537
12953.39,92.538
12953.76,92.538
12954.12,92.538
12954.49,92.538
12954.86,92.538
12955.22,92.538
12955.59,92.538
12955.96,92.539
12956.32,92.538
12956.69,92.539
12957.05,92.539
12957.42,92.540
12957.79,92.539
12958.15,92.540
12958.52,92.540
12958.89,92.540
12959.25,92.540
12959.62,92.540
12959.98,92.540
12960.35,92.540
12960.72,92.540
12961.08,92.541
12961.45,92.541
12961.81,92.541
12962.18,92.541
12962.55,92.540
12962.91,92.541
12963.28,92.541
12963.65,92.541
12964.01,92.541
12964.38,92.541
12964.74,92.542
12965.11,92.541
12965.48,92.542
12965.84,92.542
12966.21,92.542
12966.58,92.542
12966.94,92.542
12967.31,92.542
12967.67,92.542
12968.04,92.543
12968.41,92.543
12968.77,92.543
12969.14,92.543
12969.51,92.543
12969.87,92.543
12970.24,92.543
12970.60,92.543
12970.97,92.543
12971.34,92.544
12971.70,92.544
12972.07,92.544
12972.43,92.544
12972.80,92.544
12973.17,92.544
12973.53,92.544
12973.90,92.544
12974.27,92.545
12974.63,92.546
12975.00,92.545
12975.36,92.546
12975.73,92.546
12976.10,92.546
12976.46,92.546
12976.83,92.546
12977.20,92.546
12977.56,92.546
12977.93,92.546
12978.29,92.547
12978.66,92.547
12979.03,92.547
12979.39,92.547
12979.76,92.547
12980.13,92.547
12980.49,92.547
12980.86,92.547
12981.22,92.547
12981.59,92.547
12981.96,92.548
12982.32,92.548
12982.69,92.548
12983.06,92.548
12983.42,92.549
12983.79,92.548
12984.15,92.548
12984.52,92.548
12984.89,92.549
12985.25,92.549
12985.62,92.549
12985.98,92.549
12986.35,92.549
12986.72,92.549
12987.08,92.549
12987.45,92.550
12987.82,92.549
12988.18,92.550
12988.55,92.550
12988.91,92.550
12989.28,92.550
12989.65,92.550
12990.01,92.551
12990.38,92.550
12990.75,92.551
12991.11,92.552
12991.48,92.551
12991.84,92.552
12992.21,92.552
12992.58,92.552
12992.94,92.552
12993.31,92.552
12993.68,92.552
12994.04,92.553
12994.41,92.553
12994.77,92.553
12995.14,92.553
12995.51,92.553
12995.87,92.553
12996.24,92.553
12996.60,92.553
12996.97,92.553
12997.34,92.554
12997.70,92.554
12998.07,92.553
12998.44,92.554
12998.80,92.554
12999.17,92.554
12999.53,92.554
12999.90,92.555
13000.27,92.555
13000.63,92.555
13001.00,92.555
13001.37,92.555
13001.73,92.555
13002.10,92.555
13002.46,92.555
13002.83,92.555
13003.20,92.556
13003.56,92.556
13003.93,92.556
13004.30,92.556
13004.66,92.556
13005.03,92.556
13005.39,92.556
13005.76,92.557
13006.13,92.556
13006.49,92.557
13006.86,92.558
13007.22,92.558
13007.59,92.558
13007.96,92.558
13008.32,92.558
13008.69,92.558
13009.06,92.558
13009.42,92.558
13009.79,92.559
13010.15,92.559
13010.52,92.559
13010.89,92.559
13011.25,92.559
13011.62,92.559
13011.99,92.559
13012.35,92.559
13012.72,92.559
13013.08,92.559
13013.45,92.560
13013.82,92.560
13014.18,92.560
13014.55,92.560
13014.92,92.561
13015.28,92.560
13015.65,92.560
13016.01,92.561
13016.38,92.561
13016.75,92.561
13017.11,92.561
13017.48,92.561
13017.85,92.561
13018.21,92.561
13018.58,92.561
13018.94,92.562
13019.31,92.562
13019.68,92.562
13020.04,92.562
13020.41,92.562
13020.77,92.562
13021.14,92.562
13021.51,92.563
13021.87,92.563
13022.24,92.563
13022.61,92.564
13022.97,92.564
13023.34,92.564
13023.70,92.564
13024.07,92.564
13024.44,92.564
13024.80,92.564
13025.17,92.564
13025.54,92.565
13025.90,92.565
13026.27,92.564
13026.63,92.565
13027.00,92.565
13027.37,92.565
13027.73,92.565
13028.10,92.566
13028.47,92.566
13028.83,92.566
13029.20,92.566
13029.56,92.566
13029.93,92.567
13030.30,92.566
13030.66,92.566
13031.03,92.566
13031.39,92.566
13031.76,92.567
13032.13,92.567
13032.49,92.567
13032.86,92.567
13033.23,92.567
13033.59,92.567
13033.96,92.567
13034.32,92.567
13034.69,92.568
13035.06,92.568
13035.42,92.568
13035.79,92.569
13036.16,92.569
13036.52,92.569
13036.89,92.569
13037.25,92.569
13037.62,92.569
13037.99,92.569
13038.35,92.569
13038.72,92.570
13039.09,92.570
13039.45,92.570
13039.82,92.570
13040.18,92.570
13040.55,92.570
13040.92,92.570
13041.28,92.570
13041.65,92.571
13042.01,92.571
13042.38,92.571
13042.75,92.571
13043.11,92.570
13043.48,92.571
13043.85,92.572
13044.21,92.572
13044.58,92.572
13044.94,92.572
13045.31,92.572
13045.68,92.572
13046.04,92.572
13046.41,92.572
13046.78,92.572
13047.14,92.572
13047.51,92.572
13047.87,92.573
13048.24,92.572
13048.61,92.573
13048.97,92.573
13049.34,92.573
13049.71,92.573
13050.07,92.573
13050.44,92.573
13050.80,92.573
13051.17,92.573
13051.54,92.574
13051.90,92.573
13052.27,92.574
13052.64,92.574
13053.00,92.575
13053.37,92.575
13053.73,92.575
13054.10,92.575
13054.47,92.575
13054.83,92.575
13055.20,92.575
13055.56,92.575
13055.93,92.575
13056.30,92.576
13056.66,92.576
13057.03,92.576
13057.40,92.576
13057.76,92.576
13058.13,92.576
13058.49,92.576
13058.86,92.577
13059.23,92.576
13059.59,92.577
13059.96,92.576
13060.33,92.577
13060.69,92.577
13061.06,92.577
13061.42,92.577
13061.79,92.577
13062.16,92.577
13062.52,92.578
13062.89,92.577
13063.26,92.578
13063.62,92.578
13063.99,92.578
13064.35,92.578
13064.72,92.578
13065.09,92.578
13065.45,92.578
13065.82,92.579
13066.18,92.578
13066.55,92.578
13066.92,92.578
13067.28,92.579
13067.65,92.579
13068.02,92.579
13068.38,92.579
13068.75,92.579
13069.11,92.579
13069.48,92.579
13069.85,92.579
13070.21,92.579
13070.58,92.579
13070.95,92.580
13071.31,92.579
13071.68,92.580
13072.04,92.580
13072.41,92.580
13072.78,92.580
13073.14,92.581
13073.51,92.580
13073.88,92.581
13074.24,92.581
13074.61,92.581
13074.97,92.581
13075.34,92.581
13075.71,92.581
13076.07,92.581
13076.44,92.581
13076.81,92.581
13077.17,92.581
13077.54,92.582
13077.90,92.581
13078.27,92.582
13078.64,92.582
13079.00,92.582
13079.37,92.582
13079.73,92.582
13080.10,92.582
13080.47,92.582
13080.83,92.582
13081.20,92.582
13081.57,92.582
13081.93,92.582
13082.30,92.582
13082.66,92.582
13083.03,92.583
13083.40,92.583
13083.76,92.582
13084.13,92.583
13084.50,92.582
13084.86,92.583
13085.23,92.583
13085.59,92.583
13085.96,92.583
13086.33,92.584
13086.69,92.583
13087.06,92.583
13087.43,92.584
13087.79,92.584
13088.16,92.584
13088.52,92.584
13088.89,92.583
13089.26,92.584
13089.62,92.584
13089.99,92.584
13090.35,92.584
13090.72,92.584
13091.09,92.584
13091.45,92.584
13091.82,92.584
13092.19,92.584
13092.55,92.584
13092.92,92.584
13093.28,92.585
13093.65,92.585
13094.02,92.584
13094.38,92.585
13094.75,92.585
13095.12,92.585
13095.48,92.585
13095.85,92.585
13096.21,92.585
13096.58,92.585
13096.95,92.585
13097.31,92.585
13097.68,92.585
13098.05,92.585
13098.41,92.585
13098.78,92.585
13099.14,92.585
13099.51,92.585
13099.88,92.585
13100.24,92.585
13100.61,92.585
13100.97,92.585
13101.34,92.585
13101.71,92.586
13102.07,92.585
13102.44,92.586
13102.81,92.585
13103.17,92.586
13103.54,92.586
13103.90,92.586
13104.27,92.586
13104.64,92.587
13105.00,92.586
13105.37,92.586
13105.74,92.586
13106.10,92.586
13106.47,92.587
13106.83,92.586
13107.20,92.587
13107.57,92.586
13107.93,92.587
13108.30,92.587
13108.67,92.587
13109.03,92.587
13109.40,92.587
13109.76,92.587
13110.13,92.587
13110.50,92.587
13110.86,92.587
13111.23,92.587
13111.60,92.587
13111.96,92.587
13112.33,92.587
13112.69,92.587
13113.06,92.587
13113.43,92.587
13113.79,92.587
13114.16,92.587
13114.52,92.587
13114.89,92.587
13115.26,92.587
13115.62,92.587
13115.99,92.587
13116.36,92.587
13116.72,92.587
13117.09,92.587
13117.45,92.587
13117.82,92.587
13118.19,92.587
13118.55,92.587
13118.92,92.587
13119.29,92.587
13119.65,92.587
13120.02,92.587
13120.38,92.587
13120.75,92.587
13121.12,92.587
13121.48,92.587
13121.85,92.587
13122.22,92.587
13122.58,92.587
13122.95,92.587
13123.31,92.587
13123.68,92.587
13124.05,92.587
13124.41,92.587
13124.78,92.587
13125.14,92.587
13125.51,92.587
13125.88,92.587
13126.24,92.587
13126.61,92.587
13126.98,92.587
13127.34,92.587
13127.71,92.587
13128.07,92.587
13128.44,92.587
13128.81,92.587
13129.17,92.587
13129.54,92.587
13129.91,92.587
13130.27,92.587
13130.64,92.587
13131.00,92.587
13131.37,92.587
13131.74,92.587
13132.10,92.587
13132.47,92.587
13132.84,92.586
13133.20,92.587
13133.57,92.586
13133.93,92.587
13134.30,92.586
13134.67,92.586
13135.03,92.587
13135.40,92.586
13135.77,92.586
13136.13,92.586
13136.50,92.586
13136.86,92.586
13137.23,92.586
13137.60,92.585
13137.96,92.586
13138.33,92.585
13138.69,92.586
13139.06,92.585
13139.43,92.585
13139.79,92.585
13140.16,92.585
13140.53,92.585
13140.89,92.585
13141.26,92.585
13141.62,92.585
13141.99,92.585
13142.36,92.585
13142.72,92.585
13143.09,92.585
13143.46,92.585
13143.82,92.585
13144.19,92.585
13144.55,92.584
13144.92,92.585
13145.29,92.584
13145.65,92.585
13146.02,92.584
13146.39,92.584
13146.75,92.584
13147.12,92.584
13147.48,92.584
13147.85,92.584
13148.22,92.584
13148.58,92.584
13148.95,92.584
13149.31,92.583
13149.68,92.584
13150.05,92.584
13150.41,92.584
13150.78,92.583
13151.15,92.583
13151.51,92.583
13151.88,92.583
13152.24,92.583
13152.61,92.583
13152.98,92.583
13153.34,92.583
13153.71,92.582
13154.08,92.582
13154.44,92.582
13154.81,92.583
13155.17,92.582
13155.54,92.582
13155.91,92.582
13156.27,92.582
13156.64,92.582
13157.01,92.582
13157.37,92.582
13157.74,92.582
13158.10,92.582
13158.47,92.581
13158.84,92.582
13159.20,92.581
13159.57,92.581
13159.93,92.581
13160.30,92.581
13160.67,92.581
13161.03,92.581
13161.40,92.581
13161.77,92.580
13162.13,92.581
13162.50,92.580
13162.86,92.580
13163.23,92.580
13163.60,92.579
13163.96,92.579
13164.33,92.579
13164.70,92.579
13165.06,92.579
13165.43,92.579
13165.79,92.579
13166.16,92.578
13166.53,92.578
13166.89,92.578
13167.26,92.578
13167.63,92.578
13167.99,92.578
13168.36,92.578
13168.72,92.578
13169.09,92.578
13169.46,92.578
13169.82,92.578
13170.19,92.577
13170.56,92.577
13170.92,92.577
13171.29,92.576
13171.65,92.577
13172.02,92.577
13172.39,92.577
13172.75,92.576
13173.12,92.576
13173.48,92.576
13173.85,92.576
13174.22,92.575
13174.58,92.576
13174.95,92.575
13175.32,92.575
13175.68,92.575
13176.05,92.575
13176.41,92.575
13176.78,92.574
13177.15,92.574
13177.51,92.574
13177.88,92.573
13178.25,92.573
13178.61,92.573
13178.98,92.573
13179.34,92.573
13179.71,92.572
13180.08,92.572
13180.44,92.572
13180.81,92.572
13181.18,92.572
13181.54,92.572
13181.91,92.572
13182.27,92.572
13182.64,92.571
13183.01,92.570
13183.37,92.571
13183.74,92.571
13184.10,92.571
13184.47,92.570
13184.84,92.570
13185.20,92.570
13185.57,92.570
13185.94,92.569
13186.30,92.570
13186.67,92.569
13187.03,92.569
13187.40,92.569
13187.77,92.569
13188.13,92.568
13188.50,92.568
13188.87,92.567
13189.23,92.567
13189.60,92.567
13189.96,92.567
13190.33,92.566
13190.70,92.567
13191.06,92.567
13191.43,92.566
13191.80,92.566
13192.16,92.566
13192.53,92.565
13192.89,92.565
13193.26,92.565
13193.63,92.565
13193.99,92.564
13194.36,92.564
13194.72,92.564
13195.09,92.564
13195.46,92.564
13195.82,92.563
13196.19,92.562
13196.56,92.563
13196.92,92.562
13197.29,92.562
13197.65,92.561
13198.02,92.561
13198.39,92.561
13198.75,92.561
13199.12,92.561
13199.49,92.560
13199.85,92.560
13200.22,92.560
13200.58,92.560
13200.95,92.559
13201.32,92.559
13201.68,92.559
13202.05,92.559
13202.42,92.559
13202.78,92.558
13203.15,92.558
13203.51,92.558
13203.88,92.557
13204.25,92.557
13204.61,92.557
13204.98,92.556
13205.35,92.556
13205.71,92.555
13206.08,92.555
13206.44,92.555
13206.81,92.555
13207.18,92.555
13207.54,92.554
13207.91,92.554
13208.27,92.553
13208.64,92.553
13209.01,92.553
13209.37,92.553
13209.74,92.553
13210.11,92.552
13210.47,92.552
13210.84,92.552
13211.20,92.552
13211.57,92.551
13211.94,92.550
13212.30,92.550
13212.67,92.550
13213.04,92.549
13213.40,92.549
13213.77,92.549
13214.13,92.549
13214.50,92.548
13214.87,92.548
13215.23,92.547
13215.60,92.547
13215.97,92.547
13216.33,92.547
13216.70,92.547
13217.06,92.546
13217.43,92.546
13217.80,92.546
13218.16,92.545
13218.53,92.544
13218.89,92.544
13219.26,92.544
13219.63,92.544
13219.99,92.543
13220.36,92.543
13220.73,92.542
13221.09,92.542
13221.46,92.542
13221.82,92.541
13222.19,92.541
13222.56,92.541
13222.92,92.541
13223.29,92.540
13223.66,92.540
13224.02,92.540
13224.39,92.539
13224.75,92.538
13225.12,92.538
13225.49,92.537
13225.85,92.537
13226.22,92.537
13226.59,92.537
13226.95,92.537
13227.32,92.536
13227.68,92.535
13228.05,92.535
13228.42,92.535
13228.78,92.535
13229.15,92.534
13229.52,92.534
13229.88,92.533
13230.25,92.532
13230.61,92.532
13230.98,92.531
13231.35,92.531
13231.71,92.531
13232.08,92.531
13232.44,92.530
13232.81,92.530
13233.18,92.529
13233.54,92.529
13233.91,92.529
13234.28,92.529
13234.64,92.528
13235.01,92.528
13235.37,92.527
13235.74,92.526
13236.11,92.526
13236.47,92.525
13236.84,92.525
13237.21,92.525
13237.57,92.524
13237.94,92.523
13238.30,92.524
13238.67,92.524
13239.04,92.523
13239.40,92.523
13239.77,92.522
13240.14,92.522
13240.50,92.521
13240.87,92.520
13241.23,92.520
13241.60,92.519
13241.97,92.519
13242.33,92.519
13242.70,92.518
13243.06,92.518
13243.43,92.517
13243.80,92.517
13244.16,92.517
13244.53,92.516
13244.90,92.516
13245.26,92.515
13245.63,92.514
13245.99,92.514
13246.36,92.513
13246.73,92.513
13247.09,92.512
13247.46,92.512
13247.83,92.511
13248.19,92.511
13248.56,92.511
13248.92,92.510
13249.29,92.510
13249.66,92.509
13250.02,92.508
13250.39,92.508
13250.76,92.507
13251.12,92.507
13251.49,92.506
13251.85,92.506
13252.22,92.505
13252.59,92.505
13252.95,92.505
13253.32,92.504
13253.68,92.504
13254.05,92.503
13254.42,92.502
13254.78,92.502
13255.15,92.501
13255.52,92.501
13255.88,92.500
13256.25,92.500
13256.61,92.499
13256.98,92.499
13257.35,92.499
13257.71,92.498
13258.08,92.497
13258.45,92.496
13258.81,92.496
13259.18,92.495
13259.54,92.495
13259.91,92.494
13260.28,92.494
13260.64,92.493
13261.01,92.493
13261.38,92.493
13261.74,92.492
13262.11,92.492
13262.47,92.491
13262.84,92.490
13263.21,92.490
13263.57,92.489
13263.94,92.489
13264.31,92.488
13264.67,92.488
13265.04,92.487
13265.40,92.486
13265.77,92.486
13266.14,92.485
13266.50,92.484
13266.87,92.484
13267.23,92.483
13267.60,92.483
13267.97,92.483
13268.33,92.482
13268.70,92.481
13269.07,92.481
13269.43,92.480
13269.80,92.479
13270.16,92.478
13270.53,92.478
13270.90,92.477
13271.26,92.477
13271.63,92.477
13272.00,92.476
13272.36,92.475
13272.73,92.475
13273.09,92.474
13273.46,92.473
13273.83,92.472
13274.19,92.472
13274.56,92.471
13274.93,92.471
13275.29,92.471
13275.66,92.470
13276.02,92.469
13276.39,92.468
13276.76,92.468
13277.12,92.467
13277.49,92.466
13277.85,92.466
13278.22,92.465
13278.59,92.465
13278.95,92.464
13279.32,92.463
13279.69,92.463
13280.05,92.462
13280.42,92.461
13280.78,92.460
13281.15,92.460
13281.52,92.459
13281.88,92.459
13282.25,92.458
13282.62,92.457
13282.98,92.457
13283.35,92.456
13283.71,92.456
13284.08,92.455
13284.45,92.454
13284.81,92.453
13285.18,92.453
13285.55,92.452
13285.91,92.452
13286.28,92.451
13286.64,92.450
13287.01,92.449
13287.38,92.448
13287.74,92.448
13288.11,92.447
13288.47,92.447
13288.84,92.446
13289.21,92.445
13289.57,92.445
13289.94,92.444
13290.31,92.443
13290.67,92.442
13291.04,92.441
13291.40,92.441
13291.77,92.440
13292.14,92.439
13292.50,92.439
13292.87,92.438
13293.24,92.437
13293.60,92.436
13293.97,92.436
13294.33,92.436
13294.70,92.434
13295.07,92.434
13295.43,92.433
13295.80,92.433
13296.17,92.431
13296.53,92.430
13296.90,92.430
13297.26,92.429
13297.63,92.428
13298.00,92.428
13298.36,92.427
13298.73,92.427
13299.10,92.425
13299.46,92.425
13299.83,92.424
13300.19,92.423
13300.56,92.422
13300.93,92.422
13301.29,92.421
13301.66,92.420
13302.02,92.419
13302.39,92.419
13302.76,92.418
13303.12,92.417
13303.49,92.416
13303.86,92.415
13304.22,92.415
13304.59,92.414
13304.95,92.413
13305.32,92.412
13305.69,92.412
13306.05,92.411
13306.42,92.410
13306.79,92.410
13307.15,92.409
13307.52,92.407
13307.88,92.407
13308.25,92.406
13308.62,92.406
13308.98,92.404
13309.35,92.404
13309.72,92.403
13310.08,92.403
13310.45,92.401
13310.81,92.400
13311.18,92.400
13311.55,92.399
13311.91,92.398
13312.28,92.398
13312.64,92.397
13313.01,92.395
13313.38,92.395
13313.74,92.394
13314.11,92.393
13314.48,92.392
13314.84,92.392
13315.21,92.391
13315.57,92.389
13315.94,92.389
13316.31,92.388
13316.67,92.387
13317.04,92.386
13317.41,92.386
13317.77,92.385
13318.14,92.383
13318.50,92.383
13318.87,92.382
13319.24,92.381
13319.60,92.380
13319.97,92.380
13320.34,92.379
13320.70,92.378
13321.07,92.377
13321.43,92.376
13321.80,92.375
13322.17,92.374
13322.53,92.373
13322.90,92.373
13323.27,92.372
13323.63,92.371
13324.00,92.370
13324.36,92.369
13324.73,92.368
13325.10,92.367
13325.46,92.367
13325.83,92.365
13326.19,92.364
13326.56,92.363
13326.93,92.362
13327.29,92.362
13327.66,92.361
13328.03,92.360
13328.39,92.359
13328.76,92.358
13329.12,92.357
13329.49,92.356
13329.86,92.356
13330.22,92.355
13330.59,92.353
13330.96,92.353
13331.32,92.351
13331.69,92.351
13332.05,92.350
13332.42,92.349
13332.79,92.348
13333.15,92.347
13333.52,92.346
13333.89,92.345
13334.25,92.344
13334.62,92.344
13334.98,92.342
13335.35,92.341
13335.72,92.340
13336.08,92.339
13336.45,92.339
13336.81,92.338
13337.18,92.337
13337.55,92.335
13337.91,92.334
13338.28,92.334
13338.65,92.333
13339.01,92.332
13339.38,92.331
13339.74,92.329
13340.11,92.329
13340.48,92.328
13340.84,92.327
13341.21,92.326
13341.58,92.325
13341.94,92.324
13342.31,92.322
13342.67,92.322
13343.04,92.321
13343.41,92.320
13343.77,92.319
13344.14,92.317
13344.51,92.317
13344.87,92.316
13345.24,92.315
13345.60,92.314
13345.97,92.312
13346.34,92.312
13346.70,92.310
13347.07,92.310
13347.43,92.308
13347.80,92.308
13348.17,92.306
13348.53,92.305
13348.90,92.305
13349.27,92.303
13349.63,92.303
13350.00,92.302
13350.36,92.300
13350.73,92.299
13351.10,92.298
13351.46,92.297
13351.83,92.297
13352.20,92.295
13352.56,92.294
13352.93,92.293
13353.29,92.292
13353.66,92.291
13354.03,92.290
13354.39,92.289
13354.76,92.287
13355.13,92.287
13355.49,92.285
13355.86,92.285
13356.22,92.284
13356.59,92.282
13356.96,92.281
13357.32,92.280
13357.69,92.279
13358.06,92.278
13358.42,92.277
13358.79,92.276
13359.15,92.275
13359.52,92.274
13359.89,92.273
13360.25,92.272
13360.62,92.270
13360.98,92.269
13361.35,92.268
13361.72,92.267
13362.08,92.266
13362.45,92.265
13362.82,92.263
13363.18,92.263
13363.55,92.261
13363.91,92.261
13364.28,92.259
13364.65,92.258
13365.01,92.257
13365.38,92.256
13365.75,92.255
13366.11,92.254
13366.48,92.252
13366.84,92.251
13367.21,92.251
13367.58,92.249
13367.94,92.248
13368.31,92.246
13368.68,92.246
13369.04,92.245
13369.41,92.243
13369.77,92.242
13370.14,92.242
13370.51,92.240
13370.87,92.239
13371.24,92.238
13371.60,92.236
13371.97,92.236
13372.34,92.234
13372.70,92.233
13373.07,92.231
13373.44,92.231
13373.80,92.230
13374.17,92.228
13374.53,92.227
13374.90,92.225
13375.27,92.225
13375.63,92.224
13376.00,92.222
13376.37,92.221
13376.73,92.220
13377.10,92.219
13377.46,92.218
13377.83,92.216
13378.20,92.215
13378.56,92.214
13378.93,92.213
13379.30,92.212
13379.66,92.210
13380.03,92.209
13380.39,92.208
13380.76,92.207
13381.13,92.205
13381.49,92.204
13381.86,92.203
13382.22,92.202
13382.59,92.201
13382.96,92.199
13383.32,92.198
13383.69,92.197
13384.06,92.196
13384.42,92.195
13384.79,92.193
13385.15,92.192
13385.52,92.191
13385.89,92.190
13386.25,92.188
13386.62,92.186
13386.99,92.186
13387.35,92.184
13387.72,92.183
13388.08,92.182
13388.45,92.180
13388.82,92.179
13389.18,92.178
13389.55,92.177
13389.92,92.175
13390.28,92.174
13390.65,92.173
13391.01,92.172
13391.38,92.171
13391.75,92.169
13392.11,92.168
13392.48,92.166
13392.85,92.165
13393.21,92.164
13393.58,92.162
13393.94,92.161
13394.31,92.160
13394.68,92.159
13395.04,92.157
13395.41,92.156
13395.77,92.155
13396.14,92.154
13396.51,92.153
13396.87,92.151
13397.24,92.149
13397.61,92.148
13397.97,92.147
13398.34,92.145
13398.70,92.144
13399.07,92.143
13399.44,92.142
13399.80,92.141
13400.17,92.139
13400.54,92.137
13400.90,92.136
13401.27,92.135
13401.63,92.133
13402.00,92.132
13402.37,92.131
13402.73,92.130
13403.10,92.128
13403.47,92.127
13403.83,92.126
13404.20,92.124
13404.56,92.123
13404.93,92.121
13405.30,92.120
13405.66,92.119
13406.03,92.118
13406.39,92.116
13406.76,92.114
13407.13,92.114
13407.49,92.112
13407.86,92.111
13408.23,92.109
13408.59,92.108
13408.96,92.107
13409.32,92.105
13409.69,92.104
13410.06,92.102
13410.42,92.101
13410.79,92.099
13411.16,92.098
13411.52,92.097
13411.89,92.095
13412.25,92.094
13412.62,92.093
13412.99,92.091
13413.35,92.090
13413.72,92.088
13414.09,92.087
13414.45,92.085
13414.82,92.084
13415.18,92.083
13415.55,92.082
13415.92,92.079
13416.28,92.078
13416.65,92.077
13417.02,92.076
13417.38,92.074
13417.75,92.073
13418.11,92.071
13418.48,92.070
13418.85,92.069
13419.21,92.066
13419.58,92.065
13419.94,92.064
13420.31,92.062
13420.68,92.061
13421.04,92.059
13421.41,92.058
13421.78,92.057
13422.14,92.055
13422.51,92.053
13422.87,92.052
13423.24,92.050
13423.61,92.049
13423.97,92.048
13424.34,92.046
13424.71,92.044
13425.07,92.043
13425.44,92.042
13425.80,92.041
13426.17,92.039
13426.54,92.037
13426.90,92.035
13427.27,92.035
13427.64,92.033
13428.00,92.031
13428.37,92.030
13428.73,92.029
13429.10,92.027
13429.47,92.025
13429.83,92.024
13430.20,92.023
13430.56,92.021
13430.93,92.019
13431.30,92.018
13431.66,92.017
13432.03,92.015
13432.40,92.013
13432.76,92.012
13433.13,92.010
13433.49,92.009
13433.86,92.007
13434.23,92.006
13434.59,92.004
13434.96,92.002
13435.33,92.001
13435.69,92.000
13436.06,91.998
13436.42,91.996
13436.79,91.995
13437.16,91.993
13437.52,91.992
13437.89,91.990
13438.26,91.989
13438.62,91.987
13438.99,91.986
13439.35,91.984
13439.72,91.982
13440.09,91.981
13440.45,91.979
13440.82,91.978
13441.18,91.977
13441.55,91.975
13441.92,91.973
13442.28,91.971
13442.65,91.970
13443.02,91.968
13443.38,91.966
13443.75,91.965
13444.11,91.964
13444.48,91.962
13444.85,91.960
13445.21,91.959
13445.58,91.957
13445.95,91.956
13446.31,91.954
13446.68,91.952
13447.04,91.951
13447.41,91.950
13447.78,91.947
13448.14,91.946
13448.51,91.945
13448.88,91.942
13449.24,91.941
13449.61,91.939
13449.97,91.938
13450.34,91.936
13450.71,91.935
13451.07,91.933
13451.44,91.931
13451.81,91.930
13452.17,91.928
13452.54,91.927
13452.90,91.925
13453.27,91.923
13453.64,91.922
13454.00,91.920
13454.37,91.918
13454.73,91.917
13455.10,91.915
13455.47,91.913
13455.83,91.912
13456.20,91.910
13456.57,91.909
13456.93,91.907
13457.30,91.905
13457.66,91.904
13458.03,91.902
13458.40,91.900
13458.76,91.899
13459.13,91.897
13459.50,91.895
13459.86,91.894
13460.23,91.892
13460.59,91.890
13460.96,91.888
13461.33,91.886
13461.69,91.885
13462.06,91.883
13462.43,91.882
13462.79,91.880
13463.16,91.879
13463.52,91.876
13463.89,91.875
13464.26,91.873
13464.62,91.871
13464.99,91.870
13465.35,91.868
13465.72,91.867
13466.09,91.864
13466.45,91.863
13466.82,91.861
13467.19,91.859
13467.55,91.857
13467.92,91.856
13468.28,91.855
13468.65,91.852
13469.02,91.851
13469.38,91.849
13469.75,91.847
13470.12,91.846
13470.48,91.844
13470.85,91.842
13471.21,91.840
13471.58,91.839
13471.95,91.837
13472.31,91.835
13472.68,91.834
13473.05,91.832
13473.41,91.830
13473.78,91.828
13474.14,91.826
13474.51,91.825
13474.88,91.823
13475.24,91.821
13475.61,91.820
13475.97,91.817
13476.34,91.816
13476.71,91.814
13477.07,91.812
13477.44,91.811
13477.81,91.809
13478.17,91.807
13478.54,91.805
13478.90,91.803
13479.27,91.802
13479.64,91.800
13480.00,91.798
13480.37,91.797
13480.74,91.794
13481.10,91.793
13481.47,91.791
13481.83,91.790
13482.20,91.787
13482.57,91.785
13482.93,91.784
13483.30,91.782
13483.67,91.780
13484.03,91.778
13484.40,91.776
13484.76,91.774
13485.13,91.773
13485.50,91.771
13485.86,91.769
13486.23,91.767
13486.60,91.766
13486.96,91.764
13487.33,91.762
13487.69,91.761
13488.06,91.758
13488.43,91.757
13488.79,91.755
13489.16,91.752
13489.52,91.751
13489.89,91.749
13490.26,91.747
13490.62,91.745
13490.99,91.743
13491.36,91.742
13491.72,91.740
13492.09,91.738
13492.45,91.737
13492.82,91.734
13493.19,91.733
13493.55,91.731
13493.92,91.728
13494.29,91.726
13494.65,91.725
13495.02,91.723
13495.38,91.721
13495.75,91.719
13496.12,91.718
13496.48,91.716
13496.85,91.714
13497.22,91.712
13497.58,91.710
13497.95,91.708
13498.31,91.706
13498.68,91.704
13499.05,91.703
13499.41,91.701
13499.78,91.699
13500.14,91.697
13500.51,91.695
13500.88,91.693
13501.24,91.691
13501.61,91.689
13501.98,91.688
13502.34,91.685
13502.71,91.684
13503.07,91.682
13503.44,91.680
13503.81,91.678
13504.17,91.675
13504.54,91.674
13504.91,91.672
13505.27,91.670
13505.64,91.668
13506.00,91.666
13506.37,91.665
13506.74,91.662
13507.10,91.660
13507.47,91.659
13507.84,91.656
13508.20,91.655
13508.57,91.653
13508.93,91.651
13509.30,91.649
13509.67,91.647
13510.03,91.645
13510.40,91.643
13510.77,91.641
13511.13,91.639
13511.50,91.638
13511.86,91.635
13512.23,91.633
13512.60,91.632
13512.96,91.630
13513.33,91.627
13513.69,91.626
13514.06,91.624
13514.43,91.621
13514.79,91.619
13515.16,91.618
13515.53,91.616
13515.89,91.614
13516.26,91.612
13516.62,91.609
13516.99,91.608
13517.36,91.606
13517.72,91.604
13518.09,91.602
13518.46,91.600
13518.82,91.598
13519.19,91.596
13519.55,91.594
13519.92,91.592
13520.29,91.590
13520.65,91.588
13521.02,91.586
13521.39,91.584
13521.75,91.582
13522.12,91.580
13522.48,91.578
13522.85,91.576
13523.22,91.574
13523.58,91.572
13523.95,91.570
13524.31,91.567
13524.68,91.566
13525.05,91.564
13525.41,91.562
13525.78,91.560
13526.15,91.558
13526.51,91.555
13526.88,91.554
13527.24,91.552
13527.61,91.550
13527.98,91.547
13528.34,91.546
13528.71,91.543
13529.08,91.541
13529.44,91.540
13529.81,91.537
13530.17,91.535
13530.54,91.534
13530.91,91.531
13531.27,91.529
13531.64,91.527
13532.01,91.525
13532.37,91.524
13532.74,91.522
13533.10,91.519
13533.47,91.517
13533.84,91.515
13534.20,91.513
13534.57,91.511
13534.93,91.508
13535.30,91.507
13535.67,91.505
13536.03,91.502
13536.40,91.501
13536.77,91.499
13537.13,91.496
13537.50,91.495
13537.86,91.492
13538.23,91.490
13538.60,91.488
13538.96,91.486
13539.33,91.484
13539.70,91.482
13540.06,91.480
13540.43,91.478
13540.79,91.475
13541.16,91.474
13541.53,91.472
13541.89,91.469
13542.26,91.467
13542.63,91.465
13542.99,91.463
13543.36,91.461
13543.72,91.459
13544.09,91.457
13544.46,91.455
13544.82,91.453
13545.19,91.451
13545.56,91.448
13545.92,91.447
13546.29,91.444
13546.65,91.442
13547.02,91.440
13547.39,91.438
13547.75,91.436
13548.12,91.433
13548.48,91.431
13548.85,91.429
13549.22,91.427
13549.58,91.425
13549.95,91.423
13550.32,91.421
13550.68,91.418
13551.05,91.416
13551.41,91.415
13551.78,91.412
13552.15,91.410
13552.51,91.408
13552.88,91.405
13553.25,91.404
13553.61,91.401
13553.98,91.399
13554.34,91.397
13554.71,91.395
13555.08,91.393
13555.44,91.391
13555.81,91.388
13556.18,91.386
13556.54,91.384
13556.91,91.382
13557.27,91.380
13557.64,91.378
13558.01,91.376
13558.37,91.374
13558.74,91.371
13559.10,91.369
13559.47,91.367
13559.84,91.365
13560.20,91.363
13560.57,91.361
13560.94,91.358
13561.30,91.356
13561.67,91.354
13562.03,91.352
13562.40,91.350
13562.77,91.347
13563.13,91.346
13563.50,91.343
13563.87,91.341
13564.23,91.338
13564.60,91.337
13564.96,91.334
13565.33,91.332
13565.70,91.330
13566.06,91.328
13566.43,91.326
13566.80,91.323
13567.16,91.321
13567.53,91.319
13567.89,91.317
13568.26,91.315
13568.63,91.312
13568.99,91.310
13569.36,91.308
13569.73,91.305
13570.09,91.303
13570.46,91.301
13570.82,91.299
13571.19,91.297
13571.56,91.294
13571.92,91.293
13572.29,91.290
13572.65,91.288
13573.02,91.285
13573.39,91.284
13573.75,91.281
13574.12,91.279
13574.49,91.276
13574.85,91.274
13575.22,91.273
13575.58,91.270
13575.95,91.268
13576.32,91.266
13576.68,91.263
13577.05,91.261
13577.42,91.259
13577.78,91.256
13578.15,91.255
13578.51,91.252
13578.88,91.250
13579.25,91.248
13579.61,91.245
13579.98,91.243
13580.35,91.241
13580.71,91.239
13581.08,91.237
13581.44,91.234
13581.81,91.231
13582.18,91.230
13582.54,91.228
13582.91,91.225
13583.27,91.223
13583.64,91.221
13584.01,91.219
13584.37,91.216
13584.74,91.214
13585.11,91.212
13585.47,91.209
13585.84,91.207
13586.20,91.205
13586.57,91.202
13586.94,91.200
13587.30,91.198
13587.67,91.196
13588.04,91.194
13588.40,91.191
13588.77,91.189
13589.13,91.186
13589.50,91.184
13589.87,91.182
13590.23,91.180
13590.60,91.177
13590.97,91.175
13591.33,91.172
13591.70,91.171
13592.06,91.168
13592.43,91.166
13592.80,91.163
13593.16,91.162
13593.53,91.159
13593.89,91.157
13594.26,91.154
13594.63,91.152
13594.99,91.150
13595.36,91.148
13595.73,91.145
13596.09,91.142
13596.46,91.141
13596.82,91.138
13597.19,91.136
13597.56,91.134
13597.92,91.131
13598.29,91.129
13598.66,91.127
13599.02,91.125
13599.39,91.122
13599.75,91.120
13600.12,91.118
13600.49,91.115
13600.85,91.113
13601.22,91.111
13601.59,91.108
13601.95,91.106
13602.32,91.103
13602.68,91.101
13603.05,91.099
13603.42,91.097
13603.78,91.094
13604.15,91.091
13604.52,91.090
13604.88,91.088
13605.25,91.085
13605.61,91.082
13605.98,91.080
13606.35,91.078
13606.71,91.076
13607.08,91.073
13607.44,91.071
13607.81,91.069
13608.18,91.066
13608.54,91.064
13608.91,91.061
13609.28,91.059
13609.64,91.056
13610.01,91.054
13610.37,91.052
13610.74,91.050
13611.11,91.047
13611.47,91.045
13611.84,91.042
13612.21,91.040
13612.57,91.038
13612.94,91.035
13613.30,91.034
13613.67,91.030
13614.04,91.029
13614.40,91.026
13614.77,91.023
13615.14,91.022
13615.50,91.019
13615.87,91.017
13616.23,91.014
13616.60,91.012
13616.97,91.010
13617.33,91.007
13617.70,91.004
13618.06,91.002
13618.43,91.000
13618.80,90.998
13619.16,90.996
13619.53,90.993
13619.90,90.990
13620.26,90.988
13620.63,90.986
13620.99,90.983
13621.36,90.981
13621.73,90.979
13622.09,90.976
13622.46,90.974
13622.83,90.971
13623.19,90.969
13623.56,90.966
13623.92,90.965
13624.29,90.962
13624.66,90.959
13625.02,90.958
13625.39,90.954
13625.76,90.953
13626.12,90.950
13626.49,90.947
13626.85,90.945
13627.22,90.943
13627.59,90.940
13627.95,90.938
13628.32,90.935
13628.68,90.933
13629.05,90.930
13629.42,90.928
13629.78,90.926
13630.15,90.923
13630.52,90.921
13630.88,90.918
13631.25,90.916
13631.61,90.913
13631.98,90.911
13632.35,90.909
13632.71,90.906
13633.08,90.904
13633.45,90.901
13633.81,90.899
13634.18,90.897
13634.54,90.894
13634.91,90.892
13635.28,90.890
13635.64,90.887
13636.01,90.885
13636.38,90.882
13636.74,90.880
13637.11,90.877
13637.47,90.875
13637.84,90.873
13638.21,90.870
13638.57,90.868
13638.94,90.865
13639.31,90.862
13639.67,90.861
13640.04,90.858
13640.40,90.856
13640.77,90.853
13641.14,90.850
13641.50,90.849
13641.87,90.846
13642.23,90.844
13642.60,90.841
13642.97,90.838
13643.33,90.836
13643.70,90.834
13644.07,90.831
13644.43,90.829
13644.80,90.826
13645.16,90.824
13645.53,90.822
13645.90,90.819
13646.26,90.816
13646.63,90.814
13647.00,90.811
13647.36,90.809
13647.73,90.806
13648.09,90.804
13648.46,90.802
13648.83,90.799
13649.19,90.797
13649.56,90.794
13649.93,90.792
13650.29,90.790
13650.66,90.787
13651.02,90.785
13651.39,90.782
13651.76,90.780
13652.12,90.778
13652.49,90.775
13652.85,90.773
13653.22,90.770
13653.59,90.767
13653.95,90.765
13654.32,90.763
13654.69,90.760
13655.05,90.758
13655.42,90.755
13655.78,90.753
13656.15,90.750
13656.52,90.748
13656.88,90.745
13657.25,90.743
13657.62,90.740
13657.98,90.738
13658.35,90.736
13658.71,90.733
13659.08,90.731
13659.45,90.728
13659.81,90.726
13660.18,90.723
13660.55,90.721
13660.91,90.718
13661.28,90.715
13661.64,90.714
13662.01,90.710
13662.38,90.709
13662.74,90.706
13663.11,90.703
13663.48,90.701
13663.84,90.698
13664.21,90.696
13664.57,90.694
13664.94,90.691
13665.31,90.689
13665.67,90.685
13666.04,90.684
13666.40,90.681
13666.77,90.678
13667.14,90.676
13667.50,90.673
13667.87,90.671
13668.24,90.668
13668.60,90.666
13668.97,90.663
13669.33,90.661
13669.70,90.659
13670.07,90.656
13670.43,90.654
13670.80,90.651
13671.17,90.648
13671.53,90.646
13671.90,90.643
13672.26,90.641
13672.63,90.638
13673.00,90.636
13673.36,90.633
13673.73,90.631
13674.10,90.629
13674.46,90.626
13674.83,90.624
13675.19,90.621
13675.56,90.618
13675.93,90.616
13676.29,90.614
13676.66,90.611
13677.02,90.608
13677.39,90.606
13677.76,90.603
13678.12,90.601
13678.49,90.599
13678.86,90.596
13679.22,90.594
13679.59,90.591
13679.95,90.589
13680.32,90.586
13680.69,90.584
13681.05,90.581
13681.42,90.578
13681.79,90.576
13682.15,90.573
13682.52,90.571
13682.88,90.569
13683.25,90.566
13683.62,90.564
13683.98,90.561
13684.35,90.559
13684.72,90.556
13685.08,90.553
13685.45,90.551
13685.81,90.548
13686.18,90.546
13686.55,90.543
13686.91,90.541
13687.28,90.538
13687.64,90.536
13688.01,90.534
13688.38,90.531
13688.74,90.529
13689.11,90.526
13689.48,90.523
13689.84,90.520
13690.21,90.518
13690.57,90.516
13690.94,90.513
13691.31,90.511
13691.67,90.508
13692.04,90.505
13692.41,90.504
13692.77,90.501
13693.14,90.499
13693.50,90.495
13693.87,90.493
13694.24,90.490
13694.60,90.489
13694.97,90.486
13695.34,90.483
13695.70,90.481
13696.07,90.478
13696.43,90.476
13696.80,90.473
13697.17,90.471
13697.53,90.468
13697.90,90.465
13698.27,90.463
13698.63,90.460
13699.00,90.458
13699.36,90.456
13699.73,90.453
13700.10,90.450
13700.46,90.448
13700.83,90.445
13701.19,90.443
13701.56,90.440
13701.93,90.438
13702.29,90.435
13702.66,90.433
13703.03,90.430
13703.39,90.428
13703.76,90.425
13704.12,90.422
13704.49,90.420
13704.86,90.417
13705.22,90.415
13705.59,90.412
13705.96,90.410
13706.32,90.407
13706.69,90.404
13707.05,90.403
13707.42,90.399
13707.79,90.398
13708.15,90.394
13708.52,90.392
13708.89,90.389
13709.25,90.387
13709.62,90.385
13709.98,90.382
13710.35,90.380
13710.72,90.377
13711.08,90.375
13711.45,90.372
13711.81,90.369
13712.18,90.367
13712.55,90.364
13712.91,90.362
13713.28,90.359
13713.65,90.357
13714.01,90.354
13714.38,90.352
13714.74,90.349
13715.11,90.347
13715.48,90.344
13715.84,90.341
13716.21,90.339
13716.58,90.337
13716.94,90.334
13717.31,90.332
13717.67,90.329
13718.04,90.326
13718.41,90.323
13718.77,90.322
13719.14,90.319
13719.51,90.317
13719.87,90.314
13720.24,90.311
13720.60,90.308
13720.97,90.306
13721.34,90.303
13721.70,90.301
13722.07,90.299
13722.43,90.296
13722.80,90.293
13723.17,90.291
13723.53,90.288
13723.90,90.286
13724.27,90.283
13724.63,90.280
13725.00,90.278
13725.36,90.275
13725.73,90.273
13726.10,90.270
13726.46,90.268
13726.83,90.266
13727.20,90.262
13727.56,90.261
13727.93,90.257
13728.29,90.255
13728.66,90.252
13729.03,90.250
13729.39,90.248
13729.76,90.245
13730.13,90.243
13730.49,90.240
13730.86,90.238
13731.22,90.235
13731.59,90.233
13731.96,90.230
13732.32,90.227
13732.69,90.225
13733.06,90.222
13733.42,90.220
13733.79,90.218
13734.15,90.215
13734.52,90.213
13734.89,90.209
13735.25,90.207
13735.62,90.204
13735.98,90.202
13736.35,90.200
13736.72,90.197
13737.08,90.194
13737.45,90.192
13737.82,90.189
13738.18,90.187
13738.55,90.184
13738.91,90.181
13739.28,90.180
13739.65,90.177
13740.01,90.174
13740.38,90.171
13740.75,90.169
13741.11,90.166
13741.48,90.164
13741.84,90.162
13742.21,90.159
13742.58,90.156
13742.94,90.154
13743.31,90.151
13743.68,90.149
13744.04,90.146
13744.41,90.143
13744.77,90.141
13745.14,90.138
13745.51,90.136
13745.87,90.133
13746.24,90.131
13746.60,90.129
13746.97,90.126
13747.34,90.123
13747.70,90.121
13748.07,90.118
13748.44,90.116
13748.80,90.113
13749.17,90.111
13749.53,90.108
13749.90,90.106
13750.27,90.103
13750.63,90.101
13751.00,90.098
13751.37,90.096
13751.73,90.093
13752.10,90.090
13752.46,90.088
13752.83,90.085
13753.20,90.083
13753.56,90.080
13753.93,90.078
13754.30,90.076
13754.66,90.073
13755.03,90.070
13755.39,90.067
13755.76,90.065
13756.13,90.062
13756.49,90.060
13756.86,90.058
13757.23,90.055
13757.59,90.053
13757.96,90.050
13758.32,90.047
13758.69,90.045
13759.06,90.042
13759.42,90.040
13759.79,90.037
13760.15,90.035
13760.52,90.032
13760.89,90.030
13761.25,90.027
13761.62,90.025
13761.99,90.022
13762.35,90.019
13762.72,90.017
13763.08,90.014
13763.45,90.012
13763.82,90.010
13764.18,90.007
13764.55,90.005
13764.92,90.002
13765.28,89.999
13765.65,89.997
13766.01,89.994
13766.38,89.992
13766.75,89.990
13767.11,89.987
13767.48,89.984
13767.85,89.981
13768.21,89.980
13768.58,89.977
13768.94,89.974
13769.31,89.972
13769.68,89.969
13770.04,89.967
13770.41,89.964
13770.77,89.962
13771.14,89.959
13771.51,89.957
13771.87,89.954
13772.24,89.952
13772.61,89.949
13772.97,89.947
13773.34,89.944
13773.70,89.941
13774.07,89.939
13774.44,89.936
13774.80,89.934
13775.17,89.931
13775.54,89.928
13775.90,89.927
13776.27,89.924
13776.63,89.921
13777.00,89.919
13777.37,89.916
13777.73,89.914
13778.10,89.912
13778.47,89.909
13778.83,89.906
13779.20,89.903
13779.56,89.901
13779.93,89.899
13780.30,89.896
13780.66,89.894
13781.03,89.891
13781.39,89.888
13781.76,89.886
13782.13,89.883
13782.49,89.881
13782.86,89.879
13783.23,89.876
13783.59,89.874
13783.96,89.871
13784.32,89.868
13784.69,89.866
13785.06,89.864
13785.42,89.862
13785.79,89.858
13786.16,89.856
13786.52,89.853
13786.89,89.851
13787.25,89.849
13787.62,89.846
13787.99,89.844
13788.35,89.841
13788.72,89.838
13789.09,89.836
13789.45,89.834
13789.82,89.831
13790.18,89.829
13790.55,89.826
13790.92,89.823
13791.28,89.821
13791.65,89.819
13792.02,89.816
13792.38,89.814
13792.75,89.811
13793.11,89.809
13793.48,89.806
13793.85,89.803
13794.21,89.801
13794.58,89.798
13794.94,89.797
13795.31,89.793
13795.68,89.791
13796.04,89.789
13796.41,89.786
13796.78,89.784
13797.14,89.781
13797.51,89.778
13797.87,89.776
13798.24,89.773
13798.61,89.771
13798.97,89.769
13799.34,89.766
13799.71,89.763
13800.07,89.762
13800.44,89.758
13800.80,89.756
13801.17,89.754
13801.54,89.751
13801.90,89.749
13802.27,89.746
13802.64,89.744
13803.00,89.742
13803.37,89.739
13803.73,89.737
13804.10,89.734
13804.47,89.731
13804.83,89.729
13805.20,89.727
13805.56,89.724
13805.93,89.722
13806.30,89.719
13806.66,89.716
13807.03,89.714
13807.40,89.712
13807.76,89.709
13808.13,89.707
13808.49,89.704
13808.86,89.702
13809.23,89.699
13809.59,89.697
13809.96,89.694
13810.33,89.692
13810.69,89.690
13811.06,89.687
13811.42,89.684
13811.79,89.682
13812.16,89.680
13812.52,89.677
13812.89,89.674
13813.26,89.672
13813.62,89.669
13813.99,89.668
13814.35,89.665
13814.72,89.662
13815.09,89.660
13815.45,89.657
13815.82,89.654
13816.18,89.653
13816.55,89.650
13816.92,89.648
13817.28,89.645
13817.65,89.642
13818.02,89.641
13818.38,89.638
13818.75,89.636
13819.11,89.633
13819.48,89.630
13819.85,89.628
13820.21,89.626
13820.58,89.624
13820.95,89.620
13821.31,89.618
13821.68,89.616
13822.04,89.613
13822.41,89.611
13822.78,89.608
13823.14,89.606
13823.51,89.603
13823.88,89.601
13824.24,89.599
13824.61,89.596
13824.97,89.594
13825.34,89.591
13825.71,89.589
13826.07,89.586
13826.44,89.584
13826.81,89.582
13827.17,89.579
13827.54,89.576
13827.90,89.574
13828.27,89.572
13828.64,89.569
13829.00,89.567
13829.37,89.565
13829.73,89.562
13830.10,89.559
13830.47,89.557
13830.83,89.555
13831.20,89.553
13831.57,89.549
13831.93,89.547
13832.30,89.545
13832.66,89.542
13833.03,89.540
13833.40,89.537
13833.76,89.535
13834.13,89.532
13834.50,89.531
13834.86,89.528
13835.23,89.525
13835.59,89.524
13835.96,89.520
13836.33,89.518
13836.69,89.516
13837.06,89.513
13837.43,89.511
13837.79,89.508
13838.16,89.507
13838.52,89.504
13838.89,89.501
13839.26,89.499
13839.62,89.496
13839.99,89.495
13840.35,89.492
13840.72,89.489
13841.09,89.487
13841.45,89.484
13841.82,89.482
13842.19,89.480
13842.55,89.477
13842.92,89.475
13843.28,89.472
13843.65,89.470
13844.02,89.468
13844.38,89.465
13844.75,89.463
13845.12,89.460
13845.48,89.458
13845.85,89.456
13846.21,89.453
13846.58,89.451
13846.95,89.448
13847.31,89.446
13847.68,89.444
13848.05,89.441
13848.41,89.439
13848.78,89.436
13849.14,89.434
13849.51,89.431
13849.88,89.429
13850.24,89.427
13850.61,89.424
13850.98,89.422
13851.34,89.419
13851.71,89.418
13852.07,89.415
13852.44,89.412
13852.81,89.410
13853.17,89.407
13853.54,89.405
13853.90,89.403
13854.27,89.400
13854.64,89.398
13855.00,89.395
13855.37,89.394
13855.74,89.391
13856.10,89.388
13856.47,89.386
13856.83,89.384
13857.20,89.382
13857.57,89.379
13857.93,89.377
13858.30,89.375
13858.67,89.372
13859.03,89.370
13859.40,89.367
13859.76,89.365
13860.13,89.362
13860.50,89.360
13860.86,89.358
13861.23,89.356
13861.60,89.353
13861.96,89.350
13862.33,89.349
13862.69,89.346
13863.06,89.344
13863.43,89.341
13863.79,89.339
13864.16,89.337
13864.52,89.334
13864.89,89.332
13865.26,89.329
13865.62,89.327
13865.99,89.325
13866.36,89.323
13866.72,89.320
13867.09,89.318
13867.45,89.315
13867.82,89.313
13868.19,89.310
13868.55,89.309
13868.92,89.306
13869.29,89.304
13869.65,89.302
13870.02,89.299
13870.38,89.297
13870.75,89.294
13871.12,89.292
13871.48,89.290
13871.85,89.287
13872.22,89.285
13872.58,89.282
13872.95,89.280
13873.31,89.278
13873.68,89.276
13874.05,89.273
13874.41,89.270
13874.78,89.269
13875.14,89.266
13875.51,89.264
13875.88,89.261
13876.24,89.260
13876.61,89.257
13876.98,89.255
13877.34,89.252
13877.71,89.250
13878.07,89.248
13878.44,89.245
13878.81,89.243
13879.17,89.240
13879.54,89.238
13879.91,89.236
13880.27,89.233
13880.64,89.231
13881.00,89.229
13881.37,89.227
13881.74,89.225
13882.10,89.222
13882.47,89.220
13882.84,89.218
13883.20,89.215
13883.57,89.213
13883.93,89.210
13884.30,89.208
13884.67,89.206
13885.03,89.203
13885.40,89.201
13885.77,89.199
13886.13,89.196
13886.50,89.195
13886.86,89.192
13887.23,89.190
13887.60,89.188
13887.96,89.185
13888.33,89.183
13888.69,89.180
13889.06,89.178
13889.43,89.176
13889.79,89.174
13890.16,89.172
13890.53,89.169
13890.89,89.167
13891.26,89.165
13891.62,89.162
13891.99,89.160
13892.36,89.158
13892.72,89.156
13893.09,89.154
13893.46,89.151
13893.82,89.149
13894.19,89.146
13894.55,89.143
13894.92,89.142
13895.29,89.139
13895.65,89.137
13896.02,89.135
13896.39,89.132
13896.75,89.130
13897.12,89.128
13897.48,89.126
13897.85,89.123
13898.22,89.121
13898.58,89.119
13898.95,89.117
13899.31,89.114
13899.68,89.112
13900.05,89.110
13900.41,89.108
13900.78,89.106
13901.15,89.103
13901.51,89.101
13901.88,89.099
13902.24,89.096
13902.61,89.094
13902.98,89.092
13903.34,89.090
13903.71,89.088
13904.08,89.085
13904.44,89.082
13904.81,89.081
13905.17,89.078
13905.54,89.076
13905.91,89.073
13906.27,89.072
13906.64,89.069
13907.01,89.067
13907.37,89.064
13907.74,89.062
13908.10,89.060
13908.47,89.058
13908.84,89.055
13909.20,89.053
13909.57,89.052
13909.93,89.049
13910.30,89.047
13910.67,89.044
13911.03,89.043
13911.40,89.040
13911.77,89.038
13912.13,89.035
13912.50,89.033
13912.86,89.031
13913.23,89.029
13913.60,89.026
13913.96,89.024
13914.33,89.023
13914.70,89.020
13915.06,89.018
13915.43,89.016
13915.79,89.013
13916.16,89.011
13916.53,89.009
13916.89,89.006
13917.26,89.004
13917.63,89.002
13917.99,88.999
13918.36,88.998
13918.72,88.995
13919.09,88.993
13919.46,88.991
13919.82,88.989
13920.19,88.987
13920.56,88.984
13920.92,88.982
13921.29,88.980
13921.65,88.978
13922.02,88.975
13922.39,88.974
13922.75,88.971
13923.12,88.969
13923.48,88.966
13923.85,88.964
13924.22,88.962
13924.58,88.960
13924.95,88.958
13925.32,88.956
13925.68,88.953
13926.05,88.952
13926.41,88.949
13926.78,88.947
13927.15,88.945
13927.51,88.942
13927.88,88.941
13928.25,88.938
13928.61,88.936
13928.98,88.934
13929.34,88.931
13929.71,88.929
13930.08,88.928
13930.44,88.925
13930.81,88.923
13931.18,88.921
13931.54,88.918
13931.91,88.916
13932.27,88.915
13932.64,88.912
13933.01,88.910
13933.37,88.907
13933.74,88.905
13934.10,88.903
13934.47,88.901
13934.84,88.899
13935.20,88.897
13935.57,88.894
13935.94,88.892
13936.30,88.891
13936.67,88.888
13937.03,88.886
13937.40,88.883
13937.77,88.882
13938.13,88.880
13938.50,88.877
13938.87,88.875
13939.23,88.873
13939.60,88.870
13939.96,88.869
13940.33,88.867
13940.70,88.864
13941.06,88.862
13941.43,88.859
13941.80,88.858
13942.16,88.856
13942.53,88.853
13942.89,88.851
13943.26,88.850
13943.63,88.847
13943.99,88.845
13944.36,88.843
13944.73,88.840
13945.09,88.839
13945.46,88.837
13945.82,88.834
13946.19,88.832
13946.56,88.830
13946.92,88.828
13947.29,88.826
13947.65,88.823
13948.02,88.822
13948.39,88.820
13948.75,88.817
13949.12,88.814
13949.49,88.813
13949.85,88.810
13950.22,88.809
13950.58,88.806
13950.95,88.804
13951.32,88.802
13951.68,88.800
13952.05,88.797
13952.42,88.796
13952.78,88.793
13953.15,88.791
13953.51,88.790
13953.88,88.787
13954.25,88.785
13954.61,88.783
13954.98,88.781
13955.35,88.779
13955.71,88.776
13956.08,88.774
13956.44,88.773
13956.81,88.770
13957.18,88.768
13957.54,88.766
13957.91,88.764
13958.27,88.762
13958.64,88.760
13959.01,88.758
13959.37,88.755
13959.74,88.754
13960.11,88.751
13960.47,88.749
13960.84,88.747
13961.20,88.745
13961.57,88.743
13961.94,88.740
13962.30,88.739
13962.67,88.737
13963.04,88.734
13963.40,88.733
13963.77,88.731
13964.13,88.728
13964.50,88.727
13964.87,88.724
13965.23,88.722
13965.60,88.720
13965.97,88.718
13966.33,88.715
13966.70,88.714
13967.06,88.712
13967.43,88.709
13967.80,88.707
13968.16,88.706
13968.53,88.703
13968.89,88.702
13969.26,88.699
13969.63,88.697
13969.99,88.695
13970.36,88.693
13970.73,88.691
13971.09,88.689
13971.46,88.686
13971.82,88.685
13972.19,88.683
13972.56,88.680
13972.92,88.678
13973.29,88.677
13973.66,88.674
13974.02,88.672
13974.39,88.670
13974.75,88.668
13975.12,88.666
13975.49,88.664
13975.85,88.662
13976.22,88.660
13976.59,88.657
13976.95,88.656
13977.32,88.654
13977.68,88.652
13978.05,88.650
13978.42,88.647
13978.78,88.645
13979.15,88.643
13979.52,88.642
13979.88,88.639
13980.25,88.637
13980.61,88.635
13980.98,88.633
13981.35,88.631
13981.71,88.629
13982.08,88.626
13982.44,88.625
13982.81,88.623
13983.18,88.621
13983.54,88.619
13983.91,88.617
13984.28,88.614
13984.64,88.612
13985.01,88.611
13985.37,88.608
13985.74,88.607
13986.11,88.605
13986.47,88.602
13986.84,88.600
13987.21,88.599
13987.57,88.596
13987.94,88.594
13988.30,88.593
13988.67,88.590
13989.04,88.589
13989.40,88.586
13989.77,88.585
13990.14,88.582
13990.50,88.581
13990.87,88.578
13991.23,88.577
13991.60,88.574
13991.97,88.572
13992.33,88.570
13992.70,88.568
13993.06,88.566
13993.43,88.564
13993.80,88.562
13994.16,88.560
13994.53,88.558
13994.90,88.556
13995.26,88.554
13995.63,88.552
13995.99,88.550
13996.36,88.548
13996.73,88.546
13997.09,88.544
13997.46,88.542
13997.83,88.540
13998.19,88.538
13998.56,88.536
13998.92,88.534
13999.29,88.532
13999.66,88.530
14000.02,88.528
14000.39,88.526
14000.76,88.524
14001.12,88.522
14001.49,88.520
14001.85,88.518
14002.22,88.516
14002.59,88.514
14002.95,88.512
14003.32,88.510
14003.68,88.508
14004.05,88.506
14004.42,88.504
14004.78,88.502
14005.15,88.501
14005.52,88.498
14005.88,88.496
14006.25,88.494
14006.61,88.493
14006.98,88.490
14007.35,88.489
14007.71,88.486
14008.08,88.484
14008.45,88.482
14008.81,88.481
14009.18,88.478
14009.54,88.477
14009.91,88.475
14010.28,88.472
14010.64,88.471
14011.01,88.469
14011.38,88.466
14011.74,88.465
14012.11,88.463
14012.47,88.461
14012.84,88.459
14013.21,88.457
14013.57,88.454
14013.94,88.453
14014.31,88.451
14014.67,88.449
14015.04,88.447
14015.40,88.445
14015.77,88.443
14016.14,88.441
14016.50,88.439
14016.87,88.438
14017.23,88.435
14017.60,88.434
14017.97,88.431
14018.33,88.429
14018.70,88.427
14019.07,88.425
14019.43,88.423
14019.80,88.421
14020.16,88.419
14020.53,88.418
14020.90,88.416
14021.26,88.413
14021.63,88.412
14022.00,88.410
14022.36,88.408
14022.73,88.406
14023.09,88.404
14023.46,88.402
14023.83,88.400
14024.19,88.398
14024.56,88.396
14024.93,88.394
14025.29,88.392
14025.66,88.390
14026.02,88.388
14026.39,88.386
14026.76,88.385
14027.12,88.382
14027.49,88.381
14027.85,88.379
14028.22,88.377
14028.59,88.374
14028.95,88.373
14029.32,88.371
14029.69,88.369
14030.05,88.367
14030.42,88.365
14030.78,88.363
14031.15,88.362
14031.52,88.359
14031.88,88.357
14032.25,88.356
14032.62,88.354
14032.98,88.352
14033.35,88.350
14033.71,88.348
14034.08,88.346
14034.45,88.344
14034.81,88.343
14035.18,88.340
14035.55,88.339
14035.91,88.337
14036.28,88.335
14036.64,88.333
14037.01,88.331
14037.38,88.329
14037.74,88.327
14038.11,88.325
14038.48,88.323
14038.84,88.321
14039.21,88.320
14039.57,88.317
14039.94,88.316
14040.31,88.314
14040.67,88.311
14041.04,88.310
14041.40,88.308
14041.77,88.306
14042.14,88.304
14042.50,88.303
14042.87,88.300
14043.24,88.299
14043.60,88.297
14043.97,88.294
14044.33,88.292
14044.70,88.291
14045.07,88.289
14045.43,88.287
14045.80,88.285
14046.17,88.284
14046.53,88.281
14046.90,88.279
14047.26,88.278
14047.63,88.276
14048.00,88.273
14048.36,88.272
14048.73,88.270
14049.10,88.268
14049.46,88.266
14049.83,88.264
14050.19,88.263
14050.56,88.261
14050.93,88.259
14051.29,88.257
14051.66,88.255
14052.02,88.254
14052.39,88.251
14052.76,88.249
14053.12,88.248
14053.49,88.245
14053.86,88.244
14054.22,88.242
14054.59,88.240
14054.95,88.238
14055.32,88.237
14055.69,88.234
14056.05,88.233
14056.42,88.231
14056.79,88.229
14057.15,88.227
14057.52,88.225
14057.88,88.223
14058.25,88.221
14058.62,88.219
14058.98,88.218
14059.35,88.215
14059.72,88.214
14060.08,88.212
14060.45,88.210
14060.81,88.209
14061.18,88.206
14061.55,88.204
14061.91,88.203
14062.28,88.201
14062.64,88.199
14063.01,88.197
14063.38,88.195
14063.74,88.194
14064.11,88.191
14064.48,88.190
14064.84,88.188
14065.21,88.186
14065.57,88.184
14065.94,88.183
14066.31,88.180
14066.67,88.179
14067.04,88.177
14067.41,88.175
14067.77,88.173
14068.14,88.171
14068.50,88.169
14068.87,88.167
14069.24,88.166
14069.60,88.163
14069.97,88.162
14070.34,88.160
14070.70,88.159
14071.07,88.156
14071.43,88.155
14071.80,88.153
14072.17,88.151
14072.53,88.149
14072.90,88.148
14073.27,88.145
14073.63,88.144
14074.00,88.142
14074.36,88.139
14074.73,88.138
14075.10,88.136
14075.46,88.135
14075.83,88.132
14076.19,88.131
14076.56,88.129
14076.93,88.127
14077.29,88.125
14077.66,88.124
14078.03,88.121
14078.39,88.120
14078.76,88.118
14079.12,88.116
14079.49,88.114
14079.86,88.113
14080.22,88.111
14080.59,88.108
14080.96,88.107
14081.32,88.105
14081.69,88.103
14082.05,88.102
14082.42,88.100
14082.79,88.098
14083.15,88.096
14083.52,88.094
14083.89,88.092
14084.25,88.090
14084.62,88.089
14084.98,88.087
14085.35,88.085
14085.72,88.084
14086.08,88.082
14086.45,88.080
14086.81,88.078
14087.18,88.076
14087.55,88.075
14087.91,88.073
14088.28,88.070
14088.65,88.069
14089.01,88.067
14089.38,88.065
14089.74,88.064
14090.11,88.061
14090.48,88.060
14090.84,88.058
14091.21,88.056
14091.58,88.054
14091.94,88.053
14092.31,88.051
14092.67,88.049
14093.04,88.047
14093.41,88.046
14093.77,88.043
14094.14,88.041
14094.51,88.040
14094.87,88.038
14095.24,88.036
14095.60,88.035
14095.97,88.032
14096.34,88.031
14096.70,88.029
14097.07,88.028
14097.44,88.025
14097.80,88.024
14098.17,88.022
14098.53,88.020
14098.90,88.019
14099.27,88.017
14099.63,88.015
14100.00,88.013
14100.36,88.011
14100.73,88.010
14101.10,88.008
14101.46,88.006
14101.83,88.004
14102.20,88.002
14102.56,88.001
14102.93,87.999
14103.29,87.997
14103.66,87.995
14104.03,87.993
14104.39,87.992
14104.76,87.990
14105.13,87.988
14105.49,87.987
14105.86,87.984
14106.22,87.983
14106.59,87.981
14106.96,87.978
14107.32,87.977
14107.69,87.975
14108.06,87.974
14108.42,87.972
14108.79,87.970
14109.15,87.968
14109.52,87.967
14109.89,87.965
14110.25,87.963
14110.62,87.962
14110.98,87.960
14111.35,87.958
14111.72,87.956
14112.08,87.954
14112.45,87.953
14112.82,87.951
14113.18,87.949
14113.55,87.947
14113.91,87.945
14114.28,87.944
14114.65,87.941
14115.01,87.940
14115.38,87.938
14115.75,87.936
14116.11,87.934
14116.48,87.933
14116.84,87.931
14117.21,87.929
14117.58,87.928
14117.94,87.925
14118.31,87.924
14118.68,87.922
14119.04,87.920
14119.41,87.918
14119.77,87.916
14120.14,87.915
14120.51,87.913
14120.87,87.912
14121.24,87.910
14121.60,87.908
14121.97,87.906
14122.34,87.904
14122.70,87.903
14123.07,87.901
14123.44,87.899
14123.80,87.898
14124.17,87.895
14124.53,87.894
14124.90,87.892
14125.27,87.890
14125.63,87.888
14126.00,87.886
14126.37,87.885
14126.73,87.883
14127.10,87.882
14127.46,87.880
14127.83,87.878
14128.20,87.876
14128.56,87.874
14128.93,87.873
14129.30,87.871
14129.66,87.869
14130.03,87.868
14130.39,87.865
14130.76,87.864
14131.13,87.862
14131.49,87.860
14131.86,87.858
14132.23,87.857
14132.59,87.856
14132.96,87.853
14133.32,87.852
14133.69,87.850
14134.06,87.848
14134.42,87.846
14134.79,87.844
14135.15,87.843
14135.52,87.841
14135.89,87.839
14136.25,87.838
14136.62,87.836
14136.99,87.834
14137.35,87.832
14137.72,87.831
14138.08,87.828
14138.45,87.827
14138.82,87.825
14139.18,87.823
14139.55,87.822
14139.92,87.820
14140.28,87.819
14140.65,87.816
14141.01,87.815
14141.38,87.813
14141.75,87.811
14142.11,87.809
14142.48,87.808
14142.85,87.806
14143.21,87.804
14143.58,87.803
14143.94,87.801
14144.31,87.799
14144.68,87.797
14145.04,87.796
14145.41,87.794
14145.77,87.792
14146.14,87.791
14146.51,87.788
14146.87,87.787
14147.24,87.785
14147.61,87.783
14147.97,87.781
14148.34,87.780
14148.70,87.778
14149.07,87.776
14149.44,87.774
14149.80,87.773
14150.17,87.771
14150.54,87.769
14150.90,87.768
14151.27,87.766
14151.63,87.764
14152.00,87.762
14152.37,87.761
14152.73,87.759
14153.10,87.757
14153.47,87.755
14153.83,87.754
14154.20,87.752
14154.56,87.750
14154.93,87.749
14155.30,87.746
14155.66,87.745
14156.03,87.743
14156.39,87.742
14156.76,87.740
14157.13,87.738
14157.49,87.736
14157.86,87.735
14158.23,87.733
14158.59,87.731
14158.96,87.730
14159.32,87.727
14159.69,87.725
14160.06,87.725
14160.42,87.722
14160.79,87.721
14161.16,87.719
14161.52,87.717
14161.89,87.715
14162.25,87.714
14162.62,87.712
14162.99,87.710
14163.35,87.709
14163.72,87.707
14164.09,87.706
14164.45,87.704
14164.82,87.702
14165.18,87.700
14165.55,87.698
14165.92,87.696
14166.28,87.695
14166.65,87.693
14167.02,87.691
14167.38,87.690
14167.75,87.688
14168.11,87.686
14168.48,87.684
14168.85,87.683
14169.21,87.680
14169.58,87.679
14169.94,87.678
14170.31,87.675
14170.68,87.674
14171.04,87.672
14171.41,87.670
14171.78,87.669
14172.14,87.667
14172.51,87.665
14172.87,87.663
14173.24,87.661
14173.61,87.660
14173.97,87.659
14174.34,87.656
14174.71,87.654
14175.07,87.653
14175.44,87.651
14175.80,87.650
14176.17,87.648
14176.54,87.646
14176.90,87.644
14177.27,87.643
14177.64,87.641
14178.00,87.639
14178.37,87.638
14178.73,87.636
14179.10,87.634
14179.47,87.632
14179.83,87.630
14180.20,87.629
14180.56,87.627
14180.93,87.626
14181.30,87.624
14181.66,87.621
14182.03,87.620
14182.40,87.619
14182.76,87.617
14183.13,87.615
14183.49,87.613
14183.86,87.612
14184.23,87.610
14184.59,87.608
14184.96,87.606
14185.33,87.605
14185.69,87.603
14186.06,87.601
14186.42,87.599
14186.79,87.597
14187.16,87.596
14187.52,87.594
14187.89,87.593
14188.26,87.590
14188.62,87.589
14188.99,87.588
14189.35,87.585
14189.72,87.584
14190.09,87.582
14190.45,87.581
14190.82,87.578
14191.19,87.576
14191.55,87.576
14191.92,87.573
14192.28,87.572
14192.65,87.570
14193.02,87.569
14193.38,87.566
14193.75,87.565
14194.11,87.563
14194.48,87.561
14194.85,87.559
14195.21,87.558
14195.58,87.556
14195.95,87.554
14196.31,87.552
14196.68,87.551
14197.04,87.549
14197.41,87.547
14197.78,87.546
14198.14,87.544
14198.51,87.542
14198.88,87.541
14199.24,87.539
14199.61,87.537
14199.97,87.535
14200.34,87.534
14200.71,87.532
14201.07,87.530
14201.44,87.528
14201.81,87.527
14202.17,87.525
14202.54,87.523
14202.90,87.521
14203.27,87.520
14203.64,87.518
14204.00,87.516
14204.37,87.515
14204.73,87.513
14205.10,87.511
14205.47,87.509
14205.83,87.508
14206.20,87.506
14206.57,87.504
14206.93,87.502
14207.30,87.501
14207.66,87.499
14208.03,87.497
14208.40,87.495
14208.76,87.494
14209.13,87.492
14209.50,87.490
14209.86,87.489
14210.23,87.487
14210.59,87.485
14210.96,87.483
14211.33,87.482
14211.69,87.480
14212.06,87.478
14212.43,87.476
14212.79,87.475
14213.16,87.473
14213.52,87.471
14213.89,87.469
14214.26,87.468
14214.62,87.466
14214.99,87.464
14215.35,87.463
14215.72,87.461
14216.09,87.459
14216.45,87.458
14216.82,87.456
14217.19,87.454
14217.55,87.452
14217.92,87.451
14218.28,87.448
14218.65,87.447
14219.02,87.446
14219.38,87.444
14219.75,87.441
14220.12,87.440
14220.48,87.439
14220.85,87.436
14221.21,87.434
14221.58,87.433
14221.95,87.431
14222.31,87.429
14222.68,87.427
14223.05,87.426
14223.41,87.424
14223.78,87.422
14224.14,87.421
14224.51,87.419
14224.88,87.417
14225.24,87.416
14225.61,87.414
14225.98,87.412
14226.34,87.410
14226.71,87.409
14227.07,87.407
14227.44,87.405
14227.81,87.403
14228.17,87.402
14228.54,87.400
14228.90,87.398
14229.27,87.397
14229.64,87.394
14230.00,87.393
14230.37,87.392
14230.74,87.389
14231.10,87.388
14231.47,87.386
14231.83,87.385
14232.20,87.382
14232.57,87.381
14232.93,87.379
14233.30,87.377
14233.67,87.375
14234.03,87.374
14234.40,87.372
14234.76,87.370
14235.13,87.368
14235.50,87.367
14235.86,87.365
14236.23,87.363
14236.60,87.362
14236.96,87.360
14237.33,87.358
14237.69,87.357
14238.06,87.355
14238.43,87.352
14238.79,87.351
14239.16,87.350
14239.52,87.347
14239.89,87.345
14240.26,87.344
14240.62,87.343
14240.99,87.340
14241.36,87.339
14241.72,87.337
14242.09,87.335
14242.45,87.334
14242.82,87.332
14243.19,87.330
14243.55,87.328
14243.92,87.327
14244.29,87.325
14244.65,87.323
14245.02,87.322
14245.38,87.320
14245.75,87.317
14246.12,87.316
14246.48,87.314
14246.85,87.312
14247.22,87.310
14247.58,87.309
14247.95,87.307
14248.31,87.305
14248.68,87.304
14249.05,87.302
14249.41,87.300
14249.78,87.298
14250.14,87.297
14250.51,87.295
14250.88,87.293
14251.24,87.291
14251.61,87.290
14251.98,87.287
14252.34,87.286
14252.71,87.284
14253.07,87.282
14253.44,87.281
14253.81,87.279
14254.17,87.277
14254.54,87.275
14254.91,87.274
14255.27,87.272
14255.64,87.270
14256.00,87.268
14256.37,87.267
14256.74,87.264
14257.10,87.263
14257.47,87.261
14257.84,87.260
14258.20,87.258
14258.57,87.256
14258.93,87.254
14259.30,87.253
14259.67,87.251
14260.03,87.249
14260.40,87.247
14260.77,87.245
14261.13,87.244
14261.50,87.242
14261.86,87.240
14262.23,87.238
14262.60,87.237
14262.96,87.235
14263.33,87.233
14263.69,87.231
14264.06,87.230
14264.43,87.228
14264.79,87.226
14265.16,87.224
14265.53,87.222
14265.89,87.221
14266.26,87.219
14266.62,87.218
14266.99,87.216
14267.36,87.214
14267.72,87.212
14268.09,87.210
14268.46,87.208
14268.82,87.207
14269.19,87.204
14269.55,87.203
14269.92,87.201
14270.29,87.200
14270.65,87.197
14271.02,87.195
14271.39,87.194
14271.75,87.192
14272.12,87.191
14272.48,87.189
14272.85,87.187
14273.22,87.185
14273.58,87.184
14273.95,87.181
14274.31,87.179
14274.68,87.178
14275.05,87.177
14275.41,87.174
14275.78,87.172
14276.15,87.171
14276.51,87.169
14276.88,87.167
14277.24,87.166
14277.61,87.163
14277.98,87.162
14278.34,87.161
14278.71,87.159
14279.08,87.156
14279.44,87.155
14279.81,87.153
14280.17,87.151
14280.54,87.149
14280.91,87.148
14281.27,87.146
14281.64,87.144
14282.01,87.142
14282.37,87.141
14282.74,87.138
14283.10,87.136
14283.47,87.135
14283.84,87.133
14284.20,87.131
14284.57,87.130
14284.94,87.128
14285.30,87.126
14285.67,87.124
14286.03,87.123
14286.40,87.120
14286.77,87.118
14287.13,87.117
14287.50,87.115
14287.86,87.113
14288.23,87.112
14288.60,87.110
14288.96,87.108
14289.33,87.107
14289.70,87.105
14290.06,87.102
14290.43,87.101
14290.79,87.099
14291.16,87.097
14291.53,87.095
14291.89,87.094
14292.26,87.091
14292.63,87.090
14292.99,87.088
14293.36,87.087
14293.72,87.085
14294.09,87.083
14294.46,87.081
14294.82,87.079
14295.19,87.077
14295.56,87.076
14295.92,87.073
14296.29,87.072
14296.65,87.070
14297.02,87.069
14297.39,87.066
14297.75,87.064
14298.12,87.063
14298.48,87.061
14298.85,87.059
14299.22,87.057
14299.58,87.055
14299.95,87.053
14300.32,87.052
14300.68,87.050
14301.05,87.048
14301.41,87.046
14301.78,87.044
14302.15,87.043
14302.51,87.041
14302.88,87.039
14303.25,87.037
14303.61,87.035
14303.98,87.034
14304.34,87.031
14304.71,87.030
14305.08,87.028
14305.44,87.026
14305.81,87.024
14306.18,87.023
14306.54,87.020
14306.91,87.018
14307.27,87.017
14307.64,87.015
14308.01,87.013
14308.37,87.011
14308.74,87.010
14309.10,87.008
14309.47,87.006
14309.84,87.005
14310.20,87.002
14310.57,87.001
14310.94,86.999
14311.30,86.997
14311.67,86.995
14312.03,86.993
14312.40,86.992
14312.77,86.989
14313.13,86.987
14313.50,86.986
14313.87,86.984
14314.23,86.982
14314.60,86.980
14314.96,86.978
14315.33,86.977
14315.70,86.975
14316.06,86.973
14316.43,86.971
14316.80,86.970
14317.16,86.968
14317.53,86.965
14317.89,86.964
14318.26,86.962
14318.63,86.960
14318.99,86.958
14319.36,86.957
14319.73,86.954
14320.09,86.953
14320.46,86.951
14320.82,86.949
14321.19,86.947
14321.56,86.945
14321.92,86.943
14322.29,86.941
14322.65,86.940
14323.02,86.938
14323.39,86.935
14323.75,86.934
14324.12,86.932
14324.49,86.930
14324.85,86.928
14325.22,86.927
14325.58,86.924
14325.95,86.922
14326.32,86.921
14326.68,86.919
14327.05,86.917
14327.42,86.915
14327.78,86.913
14328.15,86.911
14328.51,86.910
14328.88,86.907
14329.25,86.906
14329.61,86.904
14329.98,86.902
14330.35,86.900
14330.71,86.898
14331.08,86.897
14331.44,86.894
14331.81,86.893
14332.18,86.891
14332.54,86.889
14332.91,86.888
14333.27,86.886
14333.64,86.883
14334.01,86.882
14334.37,86.880
14334.74,86.878
14335.11,86.876
14335.47,86.874
14335.84,86.873
14336.20,86.870
14336.57,86.869
14336.94,86.867
14337.30,86.865
14337.67,86.863
14338.04,86.861
14338.40,86.859
14338.77,86.858
14339.13,86.856
14339.50,86.853
14339.87,86.852
14340.23,86.849
14340.60,86.847
14340.97,86.846
14341.33,86.844
14341.70,86.841
14342.06,86.840
14342.43,86.838
14342.80,86.836
14343.16,86.834
14343.53,86.832
14343.89,86.831
14344.26,86.828
14344.63,86.826
14344.99,86.825
14345.36,86.822
14345.73,86.821
14346.09,86.819
14346.46,86.817
14346.82,86.815
14347.19,86.814
14347.56,86.811
14347.92,86.809
14348.29,86.808
14348.66,86.805
14349.02,86.804
14349.39,86.802
14349.75,86.800
14350.12,86.798
14350.49,86.796
14350.85,86.794
14351.22,86.792
14351.59,86.790
14351.95,86.788
14352.32,86.787
14352.68,86.785
14353.05,86.783
14353.42,86.781
14353.78,86.779
14354.15,86.777
14354.52,86.775
14354.88,86.774
14355.25,86.772
14355.61,86.769
14355.98,86.768
14356.35,86.766
14356.71,86.763
14357.08,86.761
14357.44,86.760
14357.81,86.757
14358.18,86.755
14358.54,86.754
14358.91,86.752
14359.28,86.750
14359.64,86.748
14360.01,86.746
14360.37,86.744
14360.74,86.743
14361.11,86.740
14361.47,86.739
14361.84,86.737
14362.21,86.734
14362.57,86.733
14362.94,86.731
14363.30,86.729
14363.67,86.727
14364.04,86.725
14364.40,86.723
14364.77,86.721
14365.14,86.719
14365.50,86.717
14365.87,86.715
14366.23,86.713
14366.60,86.711
14366.97,86.709
14367.33,86.708
14367.70,86.706
14368.06,86.704
14368.43,86.702
14368.80,86.700
14369.16,86.698
14369.53,86.696
14369.90,86.694
14370.26,86.692
14370.63,86.690
14370.99,86.688
14371.36,86.685
14371.73,86.684
14372.09,86.682
14372.46,86.680
14372.83,86.678
14373.19,86.676
14373.56,86.674
14373.92,86.672
14374.29,86.670
14374.66,86.668
14375.02,86.666
14375.39,86.665
14375.76,86.662
14376.12,86.660
14376.49,86.659
14376.85,86.656
14377.22,86.654
14377.59,86.653
14377.95,86.650
14378.32,86.648
14378.69,86.647
14379.05,86.644
14379.42,86.642
14379.78,86.641
14380.15,86.639
14380.52,86.637
14380.88,86.635
14381.25,86.633
14381.61,86.631
14381.98,86.629
14382.35,86.626
14382.71,86.624
14383.08,86.623
14383.45,86.621
14383.81,86.619
14384.18,86.617
14384.54,86.615
14384.91,86.613
14385.28,86.611
14385.64,86.609
14386.01,86.607
14386.38,86.605
14386.74,86.603
14387.11,86.601
14387.47,86.599
14387.84,86.597
14388.21,86.595
14388.57,86.593
14388.94,86.591
14389.31,86.589
14389.67,86.587
14390.04,86.585
14390.40,86.583
14390.77,86.581
14391.14,86.579
14391.50,86.577
14391.87,86.575
14392.23,86.573
14392.60,86.571
14392.97,86.569
14393.33,86.567
14393.70,86.565
14394.07,86.563
14394.43,86.561
14394.80,86.559
14395.16,86.557
14395.53,86.555
14395.90,86.553
14396.26,86.551
14396.63,86.549
14397.00,86.547
14397.36,86.545
14397.73,86.543
14398.09,86.541
14398.46,86.538
14398.83,86.537
14399.19,86.535
14399.56,86.532
14399.93,86.531
14400.29,86.529
14400.66,86.527
14401.02,86.525
14401.39,86.523
14401.76,86.520
14402.12,86.519
14402.49,86.517
14402.85,86.514
14403.22,86.513
14403.59,86.511
14403.95,86.508
14404.32,86.507
14404.69,86.505
14405.05,86.502
14405.42,86.500
14405.78,86.498
14406.15,86.496
14406.52,86.494
14406.88,86.492
14407.25,86.490
14407.62,86.488
14407.98,86.486
14408.35,86.484
14408.71,86.482
14409.08,86.480
14409.45,86.477
14409.81,86.476
14410.18,86.474
14410.55,86.472
14410.91,86.470
14411.28,86.468
14411.64,86.465
14412.01,86.463
14412.38,86.462
14412.74,86.459
14413.11,86.457
14413.48,86.456
14413.84,86.453
14414.21,86.451
14414.57,86.449
14414.94,86.447
14415.31,86.445
14415.67,86.443
14416.04,86.441
14416.40,86.439
14416.77,86.437
14417.14,86.435
14417.50,86.433
14417.87,86.430
14418.24,86.428
14418.60,86.427
14418.97,86.424
14419.33,86.422
14419.70,86.421
14420.07,86.418
14420.43,86.416
14420.80,86.414
14421.17,86.412
14421.53,86.410
14421.90,86.408
14422.26,86.406
14422.63,86.403
14423.00,86.401
14423.36,86.399
14423.73,86.397
14424.10,86.395
14424.46,86.393
14424.83,86.391
14425.19,86.389
14425.56,86.387
14425.93,86.385
14426.29,86.382
14426.66,86.380
14427.02,86.379
14427.39,86.376
14427.76,86.374
14428.12,86.373
14428.49,86.370
14428.86,86.368
14429.22,86.366
14429.59,86.364
14429.95,86.362
14430.32,86.360
14430.69,86.358
14431.05,86.356
14431.42,86.353
14431.79,86.351
14432.15,86.349
14432.52,86.347
14432.88,86.345
14433.25,86.343
14433.62,86.341
14433.98,86.339
14434.35,86.337
14434.72,86.334
14435.08,86.332
14435.45,86.331
14435.81,86.328
14436.18,86.326
14436.55,86.324
14436.91,86.322
14437.28,86.320
14437.64,86.317
14438.01,86.316
14438.38,86.314
14438.74,86.311
14439.11,86.309
14439.48,86.307
14439.84,86.305
14440.21,86.303
14440.57,86.301
14440.94,86.298
14441.31,86.297
14441.67,86.294
14442.04,86.292
14442.41,86.290
14442.77,86.288
14443.14,86.286
14443.50,86.284
14443.87,86.282
14444.24,86.279
14444.60,86.277
14444.97,86.275
14445.34,86.273
14445.70,86.271
14446.07,86.269
14446.43,86.267
14446.80,86.264
14447.17,86.262
14447.53,86.260
14447.90,86.258
14448.27,86.256
14448.63,86.254
14449.00,86.251
14449.36,86.250
14449.73,86.248
14450.10,86.245
14450.46,86.243
14450.83,86.241
14451.19,86.239
14451.56,86.237
14451.93,86.234
14452.29,86.233
14452.66,86.231
14453.03,86.228
14453.39,86.226
14453.76,86.224
14454.12,86.221
14454.49,86.219
14454.86,86.218
14455.22,86.215
14455.59,86.213
14455.96,86.210
14456.32,86.209
14456.69,86.207
14457.05,86.204
14457.42,86.202
14457.79,86.200
14458.15,86.197
14458.52,86.195
14458.89,86.194
14459.25,86.191
14459.62,86.189
14459.98,86.187
14460.35,86.184
14460.72,86.183
14461.08,86.180
14461.45,86.178
14461.81,86.176
14462.18,86.174
14462.55,86.172
14462.91,86.169
14463.28,86.167
14463.65,86.165
14464.01,86.163
14464.38,86.161
14464.74,86.159
14465.11,86.156
14465.48,86.154
14465.84,86.152
14466.21,86.150
14466.58,86.148
14466.94,86.146
14467.31,86.143
14467.67,86.141
14468.04,86.139
14468.41,86.137
14468.77,86.135
14469.14,86.132
14469.51,86.130
14469.87,86.128
14470.24,86.126
14470.60,86.124
14470.97,86.121
14471.34,86.119
14471.70,86.117
14472.07,86.115
14472.44,86.113
14472.80,86.111
14473.17,86.109
14473.53,86.106
14473.90,86.103
14474.27,86.102
14474.63,86.100
14475.00,86.097
14475.36,86.095
14475.73,86.093
14476.10,86.090
14476.46,86.088
14476.83,86.086
14477.20,86.084
14477.56,86.082
14477.93,86.079
14478.29,86.077
14478.66,86.075
14479.03,86.073
14479.39,86.071
14479.76,86.069
14480.13,86.066
14480.49,86.064
14480.86,86.061
14481.22,86.059
14481.59,86.058
14481.96,86.055
14482.32,86.052
14482.69,86.050
14483.06,86.048
14483.42,86.046
14483.79,86.044
14484.15,86.041
14484.52,86.039
14484.89,86.037
14485.25,86.035
14485.62,86.033
14485.98,86.031
14486.35,86.028
14486.72,86.026
14487.08,86.023
14487.45,86.022
14487.82,86.019
14488.18,86.017
14488.55,86.014
14488.91,86.013
14489.28,86.011
14489.65,86.008
14490.01,86.006
14490.38,86.004
14490.75,86.001
14491.11,85.999
14491.48,85.997
14491.84,85.995
14492.21,85.993
14492.58,85.990
14492.94,85.987
14493.31,85.986
14493.68,85.983
14494.04,85.981
14494.41,85.979
14494.77,85.977
14495.14,85.974
14495.51,85.972
14495.87,85.970
14496.24,85.968
14496.60,85.965
14496.97,85.963
14497.34,85.960
14497.70,85.959
14498.07,85.956
14498.44,85.954
14498.80,85.952
14499.17,85.949
14499.53,85.947
14499.90,85.945
14500.27,85.942
14500.63,85.941
14501.00,85.938
14501.37,85.935
14501.73,85.934
14502.10,85.931
14502.46,85.929
14502.83,85.927
14503.20,85.924
14503.56,85.922
14503.93,85.919
14504.30,85.917
14504.66,85.915
14505.03,85.912
14505.39,85.910
14505.76,85.909
14506.13,85.906
14506.49,85.904
14506.86,85.901
14507.23,85.899
14507.59,85.897
14507.96,85.894
14508.32,85.892
14508.69,85.890
14509.06,85.887
14509.42,85.885
14509.79,85.883
14510.15,85.881
14510.52,85.879
14510.89,85.876
14511.25,85.874
14511.62,85.871
14511.99,85.870
14512.35,85.867
14512.72,85.865
14513.08,85.863
14513.45,85.860
14513.82,85.858
14514.18,85.856
14514.55,85.853
14514.92,85.851
14515.28,85.849
14515.65,85.846
14516.01,85.844
14516.38,85.841
14516.75,85.840
14517.11,85.837
14517.48,85.834
14517.85,85.832
14518.21,85.830
14518.58,85.828
14518.94,85.826
14519.31,85.823
14519.68,85.820
14520.04,85.819
14520.41,85.816
14520.77,85.814
14521.14,85.811
14521.51,85.809
14521.87,85.806
14522.24,85.805
14522.61,85.802
14522.97,85.800
14523.34,85.797
14523.70,85.795
14524.07,85.792
14524.44,85.791
14524.80,85.788
14525.17,85.786
14525.54,85.783
14525.90,85.781
14526.27,85.778
14526.63,85.776
14527.00,85.774
14527.37,85.772
14527.73,85.769
14528.10,85.767
14528.47,85.764
14528.83,85.763
14529.20,85.760
14529.56,85.758
14529.93,85.755
14530.30,85.753
14530.66,85.750
14531.03,85.749
14531.40,85.746
14531.76,85.744
14532.13,85.741
14532.49,85.739
14532.86,85.737
14533.23,85.734
14533.59,85.732
14533.96,85.729
14534.32,85.727
14534.69,85.725
14535.06,85.722
14535.42,85.720
14535.79,85.718
14536.16,85.715
14536.52,85.713
14536.89,85.710
14537.25,85.708
14537.62,85.706
14537.99,85.703
14538.35,85.701
14538.72,85.698
14539.09,85.697
14539.45,85.694
14539.82,85.692
14540.18,85.689
14540.55,85.686
14540.92,85.684
14541.28,85.682
14541.65,85.680
14542.02,85.678
14542.38,85.674
14542.75,85.673
14543.11,85.670
14543.48,85.668
14543.85,85.666
14544.21,85.663
14544.58,85.660
14544.94,85.658
14545.31,85.656
14545.68,85.654
14546.04,85.651
14546.41,85.648
14546.78,85.646
14547.14,85.644
14547.51,85.642
14547.87,85.639
14548.24,85.637
14548.61,85.634
14548.97,85.632
14549.34,85.630
14549.71,85.627
14550.07,85.625
14550.44,85.623
14550.80,85.620
14551.17,85.618
14551.54,85.615
14551.90,85.613
14552.27,85.611
14552.64,85.608
14553.00,85.606
14553.37,85.603
14553.73,85.600
14554.10,85.599
14554.47,85.596
14554.83,85.594
14555.20,85.591
14555.56,85.589
14555.93,85.586
14556.30,85.584
14556.66,85.582
14557.03,85.579
14557.40,85.576
14557.76,85.574
14558.13,85.572
14558.49,85.570
14558.86,85.567
14559.23,85.564
14559.59,85.562
14559.96,85.559
14560.33,85.557
14560.69,85.555
14561.06,85.553
14561.42,85.550
14561.79,85.547
14562.16,85.545
14562.52,85.542
14562.89,85.541
14563.26,85.538
14563.62,85.535
14563.99,85.532
14564.35,85.530
14564.72,85.528
14565.09,85.525
14565.45,85.523
14565.82,85.521
14566.19,85.518
14566.55,85.516
14566.92,85.513
14567.28,85.511
14567.65,85.508
14568.02,85.507
14568.38,85.504
14568.75,85.501
14569.11,85.499
14569.48,85.496
14569.85,85.494
14570.21,85.492
14570.58,85.489
14570.95,85.487
14571.31,85.484
14571.68,85.482
14572.04,85.479
14572.41,85.477
14572.78,85.475
14573.14,85.471
14573.51,85.469
14573.88,85.467
14574.24,85.465
14574.61,85.462
14574.97,85.459
14575.34,85.458
14575.71,85.454
14576.07,85.452
14576.44,85.450
14576.81,85.447
14577.17,85.445
14577.54,85.442
14577.90,85.440
14578.27,85.437
14578.64,85.435
14579.00,85.433
14579.37,85.430
14579.73,85.428
14580.10,85.425
14580.47,85.422
14580.83,85.420
14581.20,85.417
14581.57,85.415
14581.93,85.413
14582.30,85.410
14582.66,85.407
14583.03,85.405
14583.40,85.403
14583.76,85.400
14584.13,85.398
14584.50,85.395
14584.86,85.393
14585.23,85.390
14585.59,85.388
14585.96,85.386
14586.33,85.383
14586.69,85.380
14587.06,85.378
14587.43,85.376
14587.79,85.373
14588.16,85.370
14588.52,85.368
14588.89,85.365
14589.26,85.363
14589.62,85.361
14589.99,85.358
14590.35,85.356
14590.72,85.353
14591.09,85.351
14591.45,85.348
14591.82,85.346
14592.19,85.343
14592.55,85.341
14592.92,85.338
14593.28,85.335
14593.65,85.333
14594.02,85.331
14594.38,85.328
14594.75,85.326
14595.12,85.323
14595.48,85.320
14595.85,85.318
14596.21,85.316
14596.58,85.313
14596.95,85.310
14597.31,85.308
14597.68,85.305
14598.05,85.303
14598.41,85.300
14598.78,85.297
14599.14,85.296
14599.51,85.293
14599.88,85.291
14600.24,85.288
14600.61,85.285
14600.98,85.282
14601.34,85.280
14601.71,85.278
14602.07,85.275
14602.44,85.273
14602.81,85.270
14603.17,85.268
14603.54,85.265
14603.90,85.263
14604.27,85.260
14604.64,85.257
14605.00,85.255
14605.37,85.252
14605.74,85.250
14606.10,85.247
14606.47,85.245
14606.83,85.242
14607.20,85.239
14607.57,85.237
14607.93,85.234
14608.30,85.233
14608.67,85.230
14609.03,85.227
14609.40,85.225
14609.76,85.222
14610.13,85.219
14610.50,85.217
14610.86,85.214
14611.23,85.212
14611.60,85.209
14611.96,85.207
14612.33,85.204
14612.69,85.202
14613.06,85.199
14613.43,85.197
14613.79,85.194
14614.16,85.191
14614.52,85.189
14614.89,85.186
14615.26,85.184
14615.62,85.181
14615.99,85.178
14616.36,85.176
14616.72,85.173
14617.09,85.171
14617.45,85.168
14617.82,85.166
14618.19,85.163
14618.55,85.161
14618.92,85.158
14619.29,85.156
14619.65,85.153
14620.02,85.150
14620.38,85.148
14620.75,85.145
14621.12,85.142
14621.48,85.140
14621.85,85.138
14622.22,85.135
14622.58,85.132
14622.95,85.130
14623.31,85.127
14623.68,85.125
14624.05,85.123
14624.41,85.119
14624.78,85.117
14625.15,85.114
14625.51,85.112
14625.88,85.109
14626.24,85.107
14626.61,85.104
14626.98,85.101
14627.34,85.099
14627.71,85.096
14628.07,85.094
14628.44,85.091
14628.81,85.089
14629.17,85.086
14629.54,85.084
14629.91,85.081
14630.27,85.078
14630.64,85.076
14631.00,85.073
14631.37,85.070
14631.74,85.068
14632.10,85.065
14632.47,85.062
14632.84,85.060
14633.20,85.058
14633.57,85.055
14633.93,85.052
14634.30,85.050
14634.67,85.047
14635.03,85.044
14635.40,85.042
14635.77,85.039
14636.13,85.037
14636.50,85.034
14636.86,85.031
14637.23,85.029
14637.60,85.026
14637.96,85.024
14638.33,85.022
14638.69,85.019
14639.06,85.016
14639.43,85.013
14639.79,85.011
14640.16,85.008
14640.53,85.005
14640.89,85.003
14641.26,85.001
14641.62,84.998
14641.99,84.995
14642.36,84.992
14642.72,84.989
14643.09,84.987
14643.46,84.984
14643.82,84.982
14644.19,84.980
14644.55,84.977
14644.92,84.974
14645.29,84.972
14645.65,84.969
14646.02,84.966
14646.39,84.964
14646.75,84.960
14647.12,84.958
14647.48,84.956
14647.85,84.953
14648.22,84.951
14648.58,84.948
14648.95,84.945
14649.31,84.942
14649.68,84.940
14650.05,84.938
14650.41,84.935
14650.78,84.931
14651.15,84.929
14651.51,84.927
14651.88,84.924
14652.24,84.921
14652.61,84.919
14652.98,84.916
14653.34,84.913
14653.71,84.911
14654.08,84.909
14654.44,84.905
14654.81,84.903
14655.17,84.900
14655.54,84.898
14655.91,84.895
14656.27,84.892
14656.64,84.889
14657.01,84.887
14657.37,84.885
14657.74,84.882
14658.10,84.879
14658.47,84.876
14658.84,84.874
14659.20,84.871
14659.57,84.869
14659.94,84.866
14660.30,84.864
14660.67,84.861
14661.03,84.858
14661.40,84.855
14661.77,84.852
14662.13,84.850
14662.50,84.847
14662.86,84.844
14663.23,84.842
14663.60,84.840
14663.96,84.837
14664.33,84.834
14664.70,84.832
14665.06,84.829
14665.43,84.826
14665.79,84.823
14666.16,84.821
14666.53,84.817
14666.89,84.815
14667.26,84.812
14667.63,84.810
14667.99,84.807
14668.36,84.805
14668.72,84.802
14669.09,84.799
14669.46,84.797
14669.82,84.794
14670.19,84.791
14670.56,84.788
14670.92,84.786
14671.29,84.784
14671.65,84.781
14672.02,84.778
14672.39,84.775
14672.75,84.772
14673.12,84.769
14673.48,84.767
14673.85,84.764
14674.22,84.761
14674.58,84.759
14674.95,84.756
14675.32,84.754
14675.68,84.751
14676.05,84.749
14676.41,84.745
14676.78,84.743
14677.15,84.740
14677.51,84.737
14677.88,84.735
14678.25,84.732
14678.61,84.730
14678.98,84.727
14679.34,84.724
14679.71,84.721
14680.08,84.719
14680.44,84.716
14680.81,84.713
14681.18,84.710
14681.54,84.708
14681.91,84.705
14682.27,84.703
14682.64,84.700
14683.01,84.697
14683.37,84.695
14683.74,84.692
14684.10,84.689
14684.47,84.686
14684.84,84.684
14685.20,84.681
14685.57,84.678
14685.94,84.675
14686.30,84.672
14686.67,84.670
14687.03,84.668
14687.40,84.665
14687.77,84.662
14688.13,84.660
14688.50,84.656
14688.87,84.654
14689.23,84.650
14689.60,84.648
14689.96,84.645
14690.33,84.642
14690.70,84.640
14691.06,84.637
14691.43,84.635
14691.80,84.631
14692.16,84.629
14692.53,84.626
14692.89,84.624
14693.26,84.621
14693.63,84.618
14693.99,84.615
14694.36,84.612
14694.73,84.610
14695.09,84.607
14695.46,84.605
14695.82,84.602
14696.19,84.599
14696.56,84.596
14696.92,84.594
14697.29,84.591
14697.65,84.588
14698.02,84.585
14698.39,84.583
14698.75,84.580
14699.12,84.578
14699.49,84.575
14699.85,84.572
14700.22,84.569
14700.58,84.566
14700.95,84.564
14701.32,84.561
14701.68,84.558
14702.05,84.555
14702.42,84.552
14702.78,84.550
14703.15,84.547
14703.51,84.544
14703.88,84.542
14704.25,84.539
14704.61,84.536
14704.98,84.533
14705.35,84.531
14705.71,84.528
14706.08,84.525
14706.44,84.522
14706.81,84.519
14707.18,84.517
14707.54,84.514
14707.91,84.511
14708.27,84.508
14708.64,84.505
14709.01,84.503
14709.37,84.500
14709.74,84.498
14710.11,84.495
14710.47,84.492
14710.84,84.489
14711.20,84.486
14711.57,84.483
14711.94,84.481
14712.30,84.478
14712.67,84.475
14713.04,84.472
14713.40,84.469
14713.77,84.467
14714.13,84.464
14714.50,84.462
14714.87,84.459
14715.23,84.456
14715.60,84.453
14715.97,84.450
14716.33,84.447
14716.70,84.445
14717.06,84.442
14717.43,84.439
14717.80,84.436
14718.16,84.434
14718.53,84.431
14718.90,84.428
14719.26,84.425
14719.63,84.422
14719.99,84.419
14720.36,84.417
14720.73,84.414
14721.09,84.411
14721.46,84.409
14721.82,84.405
14722.19,84.403
14722.56,84.400
14722.92,84.398
14723.29,84.395
14723.66,84.392
14724.02,84.389
14724.39,84.386
14724.75,84.384
14725.12,84.381
14725.49,84.379
14725.85,84.376
14726.22,84.373
14726.59,84.370
14726.95,84.367
14727.32,84.364
14727.68,84.362
14728.05,84.358
14728.42,84.356
14728.78,84.353
14729.15,84.350
14729.52,84.347
14729.88,84.344
14730.25,84.342
14730.61,84.339
14730.98,84.336
14731.35,84.334
14731.71,84.331
14732.08,84.328
14732.44,84.325
14732.81,84.322
14733.18,84.319
14733.54,84.316
14733.91,84.314
14734.28,84.311
14734.64,84.308
14735.01,84.305
14735.37,84.303
14735.74,84.299
14736.11,84.297
14736.47,84.294
14736.84,84.291
14737.21,84.288
14737.57,84.285
14737.94,84.282
14738.30,84.279
14738.67,84.277
14739.04,84.275
14739.40,84.272
14739.77,84.269
14740.14,84.266
14740.50,84.263
14740.87,84.261
14741.23,84.257
14741.60,84.255
14741.97,84.252
14742.33,84.249
14742.70,84.246
14743.06,84.243
14743.43,84.240
14743.80,84.237
14744.16,84.234
14744.53,84.232
14744.90,84.229
14745.26,84.226
14745.63,84.224
14745.99,84.221
14746.36,84.218
14746.73,84.215
14747.09,84.212
14747.46,84.209
14747.83,84.206
14748.19,84.204
14748.56,84.201
14748.92,84.198
14749.29,84.195
14749.66,84.192
14750.02,84.190
14750.39,84.186
14750.76,84.184
14751.12,84.181
14751.49,84.178
14751.85,84.175
14752.22,84.172
14752.59,84.169
14752.95,84.166
14753.32,84.163
14753.69,84.161
14754.05,84.158
14754.42,84.155
14754.78,84.152
14755.15,84.150
14755.52,84.147
14755.88,84.144
14756.25,84.141
14756.61,84.138
14756.98,84.136
14757.35,84.132
14757.71,84.130
14758.08,84.126
14758.45,84.124
14758.81,84.121
14759.18,84.118
14759.54,84.115
14759.91,84.113
14760.28,84.109
14760.64,84.107
14761.01,84.103
14761.38,84.101
14761.74,84.099
14762.11,84.095
14762.47,84.093
14762.84,84.089
14763.21,84.087
14763.57,84.084
14763.94,84.081
14764.31,84.078
14764.67,84.075
14765.04,84.072
14765.40,84.070
14765.77,84.067
14766.14,84.064
14766.50,84.061
14766.87,84.058
14767.23,84.055
14767.60,84.053
14767.97,84.049
14768.33,84.047
14768.70,84.043
14769.07,84.041
14769.43,84.038
14769.80,84.035
14770.16,84.032
14770.53,84.029
14770.90,84.026
14771.26,84.023
14771.63,84.020
14772.00,84.018
14772.36,84.015
14772.73,84.012
14773.09,84.009
14773.46,84.006
14773.83,84.004
14774.19,84.001
14774.56,83.998
14774.93,83.995
14775.29,83.992
14775.66,83.989
14776.02,83.986
14776.39,83.983
14776.76,83.981
14777.12,83.977
14777.49,83.975
14777.85,83.971
14778.22,83.969
14778.59,83.965
14778.95,83.963
14779.32,83.960
14779.69,83.957
14780.05,83.954
14780.42,83.951
14780.78,83.948
14781.15,83.945
14781.52,83.942
14781.88,83.940
14782.25,83.936
14782.62,83.934
14782.98,83.931
14783.35,83.928
14783.71,83.925
14784.08,83.922
14784.45,83.919
14784.81,83.916
14785.18,83.913
14785.55,83.910
14785.91,83.907
14786.28,83.905
14786.64,83.902
14787.01,83.899
14787.38,83.896
14787.74,83.893
14788.11,83.890
14788.48,83.888
14788.84,83.885
14789.21,83.882
14789.57,83.879
14789.94,83.876
14790.31,83.873
14790.67,83.870
14791.04,83.867
14791.40,83.864
14791.77,83.861
14792.14,83.858
14792.50,83.856
14792.87,83.852
14793.24,83.850
14793.60,83.846
14793.97,83.844
14794.33,83.840
14794.70,83.838
14795.07,83.834
14795.43,83.832
14795.80,83.829
14796.17,83.826
14796.53,83.823
14796.90,83.820
14797.26,83.817
14797.63,83.814
14798.00,83.811
14798.36,83.809
14798.73,83.806
14799.10,83.803
14799.46,83.800
14799.83,83.797
14800.19,83.794
14800.56,83.791
14800.93,83.788
14801.29,83.785
14801.66,83.782
14802.02,83.779
14802.39,83.776
14802.76,83.773
14803.12,83.770
14803.49,83.767
14803.86,83.764
14804.22,83.761
14804.59,83.758
14804.95,83.756
14805.32,83.753
14805.69,83.750
14806.05,83.747
14806.42,83.744
14806.79,83.741
14807.15,83.738
14807.52,83.735
14807.88,83.732
14808.25,83.730
14808.62,83.726
14808.98,83.724
14809.35,83.720
14809.72,83.718
14810.08,83.714
14810.45,83.712
14810.81,83.709
14811.18,83.706
14811.55,83.703
14811.91,83.700
14812.28,83.697
14812.65,83.694
14813.01,83.691
14813.38,83.688
14813.74,83.685
14814.11,83.682
14814.48,83.679
14814.84,83.676
14815.21,83.673
14815.57,83.670
14815.94,83.667
14816.31,83.665
14816.67,83.662
14817.04,83.659
14817.41,83.656
14817.77,83.653
14818.14,83.650
14818.50,83.647
14818.87,83.644
14819.24,83.641
14819.60,83.638
14819.97,83.635
14820.34,83.631
14820.70,83.629
14821.07,83.625
14821.43,83.623
14821.80,83.620
14822.17,83.617
14822.53,83.614
14822.90,83.611
14823.27,83.608
14823.63,83.605
14824.00,83.602
14824.36,83.600
14824.73,83.596
14825.10,83.593
14825.46,83.590
14825.83,83.587
14826.19,83.584
14826.56,83.581
14826.93,83.578
14827.29,83.576
14827.66,83.572
14828.03,83.570
14828.39,83.566
14828.76,83.563
14829.12,83.560
14829.49,83.558
14829.86,83.554
14830.22,83.552
14830.59,83.548
14830.96,83.546
14831.32,83.542
14831.69,83.540
14832.05,83.537
14832.42,83.534
14832.79,83.531
14833.15,83.528
14833.52,83.525
14833.89,83.522
14834.25,83.519
14834.62,83.516
14834.98,83.513
14835.35,83.510
14835.72,83.507
14836.08,83.504
14836.45,83.501
14836.81,83.498
14837.18,83.495
14837.55,83.492
14837.91,83.488
14838.28,83.486
14838.65,83.483
14839.01,83.480
14839.38,83.477
14839.74,83.474
14840.11,83.471
14840.48,83.468
14840.84,83.465
14841.21,83.462
14841.58,83.459
14841.94,83.456
14842.31,83.453
14842.67,83.450
14843.04,83.447
14843.41,83.444
14843.77,83.441
14844.14,83.438
14844.51,83.434
14844.87,83.431
14845.24,83.429
14845.60,83.426
14845.97,83.423
14846.34,83.419
14846.70,83.416
14847.07,83.413
14847.44,83.411
14847.80,83.408
14848.17,83.405
14848.53,83.401
14848.90,83.398
14849.27,83.395
14849.63,83.393
14850.00,83.390
14850.36,83.387
14850.73,83.383
14851.10,83.381
14851.46,83.378
14851.83,83.375
14852.20,83.371
14852.56,83.368
14852.93,83.365
14853.29,83.362
14853.66,83.360
14854.03,83.356
14854.39,83.353
14854.76,83.350
14855.13,83.347
14855.49,83.345
14855.86,83.341
14856.22,83.339
14856.59,83.335
14856.96,83.333
14857.32,83.329
14857.69,83.326
14858.06,83.323
14858.42,83.320
14858.79,83.317
14859.15,83.314
14859.52,83.311
14859.89,83.309
14860.25,83.305
14860.62,83.302
14860.98,83.299
14861.35,83.297
14861.72,83.293
14862.08,83.290
14862.45,83.287
14862.82,83.284
14863.18,83.281
14863.55,83.278
14863.91,83.275
14864.28,83.272
14864.65,83.269
14865.01,83.266
14865.38,83.263
14865.75,83.260
14866.11,83.257
14866.48,83.254
14866.84,83.250
14867.21,83.248
14867.58,83.245
14867.94,83.242
14868.31,83.239
14868.68,83.236
14869.04,83.233
14869.41,83.230
14869.77,83.227
14870.14,83.224
14870.51,83.220
14870.87,83.218
14871.24,83.214
14871.60,83.211
14871.97,83.208
14872.34,83.205
14872.70,83.203
14873.07,83.199
14873.44,83.196
14873.80,83.193
14874.17,83.190
14874.53,83.187
14874.90,83.184
14875.27,83.181
14875.63,83.178
14876.00,83.174
14876.37,83.172
14876.73,83.168
14877.10,83.165
14877.46,83.162
14877.83,83.160
14878.20,83.156
14878.56,83.154
14878.93,83.150
14879.30,83.147
14879.66,83.144
14880.03,83.142
14880.39,83.138
14880.76,83.135
14881.13,83.132
14881.49,83.129
14881.86,83.126
14882.23,83.123
14882.59,83.120
14882.96,83.117
14883.32,83.114
14883.69,83.111
14884.06,83.107
14884.42,83.105
14884.79,83.102
14885.15,83.099
14885.52,83.096
14885.89,83.093
14886.25,83.089
14886.62,83.087
14886.99,83.084
14887.35,83.080
14887.72,83.077
14888.08,83.075
14888.45,83.071
14888.82,83.068
14889.18,83.064
14889.55,83.061
14889.92,83.059
14890.28,83.055
14890.65,83.053
14891.01,83.049
14891.38,83.047
14891.75,83.043
14892.11,83.041
14892.48,83.037
14892.85,83.034
14893.21,83.031
14893.58,83.028
14893.94,83.025
14894.31,83.022
14894.68,83.019
14895.04,83.016
14895.41,83.012
14895.77,83.010
14896.14,83.006
14896.51,83.004
14896.87,83.001
14897.24,82.998
14897.61,82.994
14897.97,82.992
14898.34,82.989
14898.70,82.985
14899.07,82.982
14899.44,82.979
14899.80,82.976
14900.17,82.973
14900.54,82.969
14900.90,82.967
14901.27,82.964
14901.63,82.960
14902.00,82.958
14902.37,82.954
14902.73,82.952
14903.10,82.948
14903.47,82.945
14903.83,82.942
14904.20,82.939
14904.56,82.936
14904.93,82.933
14905.30,82.929
14905.66,82.927
14906.03,82.923
14906.40,82.921
14906.76,82.917
14907.13,82.915
14907.49,82.912
14907.86,82.908
14908.23,82.905
14908.59,82.903
14908.96,82.899
14909.32,82.896
14909.69,82.892
14910.06,82.890
14910.42,82.886
14910.79,82.883
14911.16,82.880
14911.52,82.877
14911.89,82.874
14912.25,82.871
14912.62,82.868
14912.99,82.865
14913.35,82.862
14913.72,82.859
14914.09,82.856
14914.45,82.853
14914.82,82.850
14915.18,82.846
14915.55,82.844
14915.92,82.840
14916.28,82.838
14916.65,82.834
14917.02,82.831
14917.38,82.828
14917.75,82.825
14918.11,82.822
14918.48,82.819
14918.85,82.816
14919.21,82.812
14919.58,82.809
14919.94,82.806
14920.31,82.803
14920.68,82.800
14921.04,82.797
14921.41,82.794
14921.78,82.791
14922.14,82.788
14922.51,82.785
14922.87,82.781
14923.24,82.778
14923.61,82.775
14923.97,82.772
14924.34,82.769
14924.71,82.766
14925.07,82.763
14925.44,82.760
14925.80,82.757
14926.17,82.754
14926.54,82.751
14926.90,82.748
14927.27,82.744
14927.64,82.742
14928.00,82.738
14928.37,82.735
14928.73,82.732
14929.10,82.729
14929.47,82.725
14929.83,82.722
14930.20,82.720
14930.56,82.716
14930.93,82.714
14931.30,82.710
14931.66,82.708
14932.03,82.704
14932.40,82.701
14932.76,82.698
14933.13,82.695
14933.49,82.691
14933.86,82.689
14934.23,82.685
14934.59,82.683
14934.96,82.679
14935.33,82.677
14935.69,82.673
14936.06,82.670
14936.42,82.666
14936.79,82.664
14937.16,82.660
14937.52,82.657
14937.89,82.654
14938.26,82.651
14938.62,82.648
14938.99,82.645
14939.35,82.642
14939.72,82.639
14940.09,82.636
14940.45,82.632
14940.82,82.630
14941.19,82.626
14941.55,82.623
14941.92,82.620
14942.28,82.617
14942.65,82.614
14943.02,82.611
14943.38,82.608
14943.75,82.605
14944.11,82.602
14944.48,82.599
14944.85,82.596
14945.21,82.592
14945.58,82.589
14945.95,82.586
14946.31,82.583
14946.68,82.579
14947.04,82.577
14947.41,82.573
14947.78,82.571
14948.14,82.567
14948.51,82.565
14948.88,82.561
14949.24,82.558
14949.61,82.555
14949.97,82.552
14950.34,82.548
14950.71,82.546
14951.07,82.542
14951.44,82.539
14951.81,82.536
14952.17,82.533
14952.54,82.530
14952.90,82.526
14953.27,82.524
14953.64,82.520
14954.00,82.517
14954.37,82.514
14954.73,82.511
14955.10,82.508
14955.47,82.505
14955.83,82.502
14956.20,82.499
14956.57,82.495
14956.93,82.493
14957.30,82.489
14957.66,82.486
14958.03,82.483
14958.40,82.480
14958.76,82.477
14959.13,82.474
14959.50,82.471
14959.86,82.468
14960.23,82.465
14960.59,82.462
14960.96,82.458
14961.33,82.455
14961.69,82.452
14962.06,82.449
14962.43,82.445
14962.79,82.442
14963.16,82.440
14963.52,82.436
14963.89,82.433
14964.26,82.430
14964.62,82.427
14964.99,82.424
14965.35,82.421
14965.72,82.417
14966.09,82.415
14966.45,82.412
14966.82,82.409
14967.19,82.405
14967.55,82.401
14967.92,82.399
14968.28,82.395
14968.65,82.393
14969.02,82.389
14969.38,82.386
14969.75,82.383
14970.12,82.380
14970.48,82.377
14970.85,82.374
14971.21,82.371
14971.58,82.368
14971.95,82.364
14972.31,82.362
14972.68,82.358
14973.05,82.355
14973.41,82.352
14973.78,82.349
14974.14,82.346
14974.51,82.343
14974.88,82.340
14975.24,82.336
14975.61,82.333
14975.98,82.330
14976.34,82.327
14976.71,82.323
14977.07,82.321
14977.44,82.317
14977.81,82.314
14978.17,82.311
14978.54,82.308
14978.90,82.305
14979.27,82.302
14979.64,82.299
14980.00,82.296
14980.37,82.292
14980.74,82.290
14981.10,82.286
14981.47,82.284
14981.83,82.280
14982.20,82.276
14982.57,82.274
14982.93,82.270
14983.30,82.268
14983.67,82.264
14984.03,82.261
14984.40,82.258
14984.76,82.255
14985.13,82.252
14985.50,82.249
14985.86,82.245
14986.23,82.243
14986.60,82.239
14986.96,82.237
14987.33,82.233
14987.69,82.230
14988.06,82.227
14988.43,82.224
14988.79,82.221
14989.16,82.218
14989.52,82.214
14989.89,82.211
14990.26,82.208
14990.62,82.205
14990.99,82.201
14991.36,82.198
14991.72,82.196
14992.09,82.192
14992.45,82.190
14992.82,82.186
14993.19,82.183
14993.55,82.180
14993.92,82.177
14994.29,82.174
14994.65,82.171
14995.02,82.167
14995.38,82.165
14995.75,82.161
14996.12,82.157
14996.48,82.155
14996.85,82.151
14997.22,82.149
14997.58,82.145
14997.95,82.142
14998.31,82.139
14998.68,82.136
14999.05,82.133
14999.41,82.130
14999.78,82.126
15000.15,82.124
15000.51,82.120
15000.88,82.117
15001.24,82.114
15001.61,82.111
15001.98,82.108
15002.34,82.105
15002.71,82.102
15003.07,82.099
15003.44,82.095
15003.81,82.092
15004.17,82.089
15004.54,82.085
15004.91,82.083
15005.27,82.079
15005.64,82.076
15006.00,82.073
15006.37,82.070
15006.74,82.067
15007.10,82.064
15007.47,82.060
15007.84,82.058
15008.20,82.054
15008.57,82.051
15008.93,82.049
15009.30,82.045
15009.67,82.041
15010.03,82.039
15010.40,82.035
15010.77,82.033
15011.13,82.029
15011.50,82.026
15011.86,82.023
15012.23,82.020
15012.60,82.017
15012.96,82.014
15013.33,82.011
15013.69,82.007
15014.06,82.005
15014.43,82.001
15014.79,81.999
15015.16,81.995
15015.53,81.992
15015.89,81.989
15016.26,81.986
15016.62,81.982
15016.99,81.980
15017.36,81.976
15017.72,81.973
15018.09,81.970
15018.46,81.966
15018.82,81.964
15019.19,81.960
15019.55,81.957
15019.92,81.954
15020.29,81.951
15020.65,81.948
15021.02,81.945
15021.39,81.941
15021.75,81.939
15022.12,81.936
15022.48,81.932
15022.85,81.929
15023.22,81.926
15023.58,81.923
15023.95,81.920
15024.31,81.916
15024.68,81.913
15025.05,81.910
15025.41,81.907
15025.78,81.904
15026.15,81.901
15026.51,81.898
15026.88,81.894
15027.24,81.892
15027.61,81.888
15027.98,81.885
15028.34,81.882
15028.71,81.879
15029.08,81.875
15029.44,81.873
15029.81,81.870
15030.17,81.867
15030.54,81.864
15030.91,81.860
15031.27,81.858
15031.64,81.854
15032.01,81.851
15032.37,81.848
15032.74,81.844
15033.10,81.841
15033.47,81.839
15033.84,81.835
15034.20,81.832
15034.57,81.829
15034.94,81.826
15035.30,81.822
15035.67,81.820
15036.03,81.816
15036.40,81.813
15036.77,81.811
15037.13,81.807
15037.50,81.804
15037.86,81.801
15038.23,81.797
15038.60,81.794
15038.96,81.791
15039.33,81.788
15039.70,81.785
15040.06,81.782
15040.43,81.779
15040.79,81.776
15041.16,81.773
15041.53,81.769
15041.89,81.767
15042.26,81.763
15042.63,81.760
15042.99,81.757
15043.36,81.754
15043.72,81.750
15044.09,81.748
15044.46,81.745
15044.82,81.742
15045.19,81.739
15045.56,81.735
15045.92,81.732
15046.29,81.729
15046.65,81.726
15047.02,81.722
15047.39,81.720
15047.75,81.716
15048.12,81.713
15048.48,81.710
15048.85,81.707
15049.22,81.704
15049.58,81.701
15049.95,81.697
15050.32,81.695
15050.68,81.691
15051.05,81.689
15051.41,81.685
15051.78,81.683
15052.15,81.679
15052.51,81.675
15052.88,81.673
15053.25,81.669
15053.61,81.667
15053.98,81.663
15054.34,81.660
15054.71,81.657
15055.08,81.654
15055.44,81.651
15055.81,81.648
15056.18,81.645
15056.54,81.642
15056.91,81.638
15057.27,81.636
15057.64,81.632
15058.01,81.630
15058.37,81.626
15058.74,81.623
15059.11,81.620
15059.47,81.617
15059.84,81.613
15060.20,81.611
15060.57,81.608
15060.94,81.604
15061.30,81.602
15061.67,81.598
15062.03,81.595
15062.40,81.592
15062.77,81.588
15063.13,81.585
15063.50,81.582
15063.87,81.579
15064.23,81.576
15064.60,81.573
15064.96,81.570
15065.33,81.566
15065.70,81.564
15066.06,81.560
15066.43,81.558
15066.80,81.555
15067.16,81.552
15067.53,81.548
15067.89,81.545
15068.26,81.542
15068.63,81.538
15068.99,81.536
15069.36,81.532
15069.73,81.530
15070.09,81.526
15070.46,81.523
15070.82,81.520
15071.19,81.517
15071.56,81.514
15071.92,81.511
15072.29,81.508
15072.65,81.505
15073.02,81.501
15073.39,81.499
15073.75,81.495
15074.12,81.492
15074.49,81.489
15074.85,81.486
15075.22,81.483
15075.58,81.480
15075.95,81.476
15076.32,81.474
15076.68,81.471
15077.05,81.468
15077.42,81.465
15077.78,81.462
15078.15,81.458
15078.51,81.455
15078.88,81.452
15079.25,81.448
15079.61,81.446
15079.98,81.442
15080.35,81.439
15080.71,81.436
15081.08,81.434
15081.44,81.430
15081.81,81.428
15082.18,81.424
15082.54,81.421
15082.91,81.418
15083.27,81.415
15083.64,81.411
15084.01,81.409
15084.37,81.406
15084.74,81.402
15085.11,81.400
15085.47,81.396
15085.84,81.393
15086.20,81.390
15086.57,81.387
15086.94,81.384
15087.30,81.381
15087.67,81.377
15088.04,81.375
15088.40,81.371
15088.77,81.368
15089.13,81.365
15089.50,81.362
15089.87,81.359
15090.23,81.356
15090.60,81.353
15090.97,81.350
15091.33,81.347
15091.70,81.344
15092.06,81.341
15092.43,81.338
15092.80,81.334
15093.16,81.331
15093.53,81.328
15093.90,81.325
15094.26,81.322
15094.63,81.319
15094.99,81.316
15095.36,81.313
15095.73,81.310
15096.09,81.306
15096.46,81.303
15096.82,81.300
15097.19,81.297
15097.56,81.294
15097.92,81.291
15098.29,81.288
15098.66,81.285
15099.02,81.282
15099.39,81.279
15099.75,81.276
15100.12,81.272
15100.49,81.270
15100.85,81.267
15101.22,81.263
15101.59,81.261
15101.95,81.257
15102.32,81.254
15102.68,81.251
15103.05,81.248
15103.42,81.245
15103.78,81.242
15104.15,81.239
15104.52,81.236
15104.88,81.233
15105.25,81.230
15105.61,81.227
15105.98,81.224
15106.35,81.221
15106.71,81.218
15107.08,81.215
15107.44,81.211
15107.81,81.209
15108.18,81.205
15108.54,81.202
15108.91,81.199
15109.28,81.196
15109.64,81.193
15110.01,81.190
15110.37,81.186
15110.74,81.184
15111.11,81.180
15111.47,81.177
15111.84,81.174
15112.21,81.172
15112.57,81.168
15112.94,81.166
15113.30,81.162
15113.67,81.159
15114.04,81.156
15114.40,81.153
15114.77,81.150
15115.14,81.147
15115.50,81.144
15115.87,81.141
15116.23,81.137
15116.60,81.135
15116.97,81.132
15117.33,81.129
15117.70,81.126
15118.06,81.123
15118.43,81.119
15118.80,81.117
15119.16,81.113
15119.53,81.111
15119.90,81.107
15120.26,81.104
15120.63,81.101
15120.99,81.098
15121.36,81.095
15121.73,81.092
15122.09,81.089
15122.46,81.086
15122.83,81.083
15123.19,81.080
15123.56,81.077
15123.92,81.073
15124.29,81.071
15124.66,81.067
15125.02,81.064
15125.39,81.061
15125.76,81.059
15126.12,81.055
15126.49,81.053
15126.85,81.049
15127.22,81.046
15127.59,81.043
15127.95,81.041
15128.32,81.037
15128.69,81.034
15129.05,81.031
15129.42,81.028
15129.78,81.025
15130.15,81.022
15130.52,81.019
15130.88,81.016
15131.25,81.013
15131.61,81.010
15131.98,81.007
15132.35,81.004
15132.71,81.001
15133.08,80.998
15133.45,80.995
15133.81,80.992
15134.18,80.989
15134.54,80.986
15134.91,80.983
15135.28,80.980
15135.64,80.976
15136.01,80.974
15136.38,80.971
15136.74,80.968
15137.11,80.965
15137.47,80.962
15137.84,80.958
15138.21,80.956
15138.57,80.952
15138.94,80.950
15139.31,80.947
15139.67,80.944
15140.04,80.941
15140.40,80.937
15140.77,80.934
15141.14,80.931
15141.50,80.928
15141.87,80.925
15142.23,80.922
15142.60,80.919
15142.97,80.916
15143.33,80.913
15143.70,80.910
15144.07,80.907
15144.43,80.904
15144.80,80.901
15145.16,80.898
15145.53,80.895
15145.90,80.892
15146.26,80.889
15146.63,80.886
15147.00,80.883
15147.36,80.880
15147.73,80.877
15148.09,80.874
15148.46,80.871
15148.83,80.868
15149.19,80.865
15149.56,80.862
15149.93,80.859
15150.29,80.856
15150.66,80.853
15151.02,80.850
15151.39,80.847
15151.76,80.844
15152.12,80.841
15152.49,80.838
15152.86,80.835
15153.22,80.832
15153.59,80.829
15153.95,80.826
15154.32,80.823
15154.69,80.820
15155.05,80.817
15155.42,80.814
15155.78,80.811
15156.15,80.808
15156.52,80.805
15156.88,80.802
15157.25,80.799
15157.62,80.796
15157.98,80.793
15158.35,80.791
15158.71,80.787
15159.08,80.785
15159.45,80.781
15159.81,80.778
15160.18,80.775
15160.55,80.772
15160.91,80.769
15161.28,80.766
15161.64,80.763
15162.01,80.760
15162.38,80.757
15162.74,80.755
15163.11,80.751
15163.48,80.749
15163.84,80.745
15164.21,80.743
15164.57,80.739
15164.94,80.737
15165.31,80.733
15165.67,80.731
15166.04,80.727
15166.40,80.725
15166.77,80.721
15167.14,80.719
15167.50,80.716
15167.87,80.713
15168.24,80.709
15168.60,80.707
15168.97,80.703
15169.33,80.701
15169.70,80.698
15170.07,80.695
15170.43,80.692
15170.80,80.689
15171.17,80.686
15171.53,80.683
15171.90,80.680
15172.26,80.678
15172.63,80.674
15173.00,80.672
15173.36,80.668
15173.73,80.665
15174.10,80.662
15174.46,80.659
15174.83,80.656
15175.19,80.653
15175.56,80.650
15175.93,80.648
15176.29,80.644
15176.66,80.642
15177.02,80.639
15177.39,80.636
15177.76,80.633
15178.12,80.630
15178.49,80.627
15178.86,80.625
15179.22,80.621
15179.59,80.618
15179.95,80.615
15180.32,80.612
15180.69,80.609
15181.05,80.607
15181.42,80.603
15181.79,80.600
15182.15,80.597
15182.52,80.595
15182.88,80.591
15183.25,80.589
15183.62,80.586
15183.98,80.583
15184.35,80.580
15184.72,80.577
15185.08,80.574
15185.45,80.572
15185.81,80.568
15186.18,80.566
15186.55,80.562
15186.91,80.559
15187.28,80.556
15187.65,80.553
15188.01,80.551
15188.38,80.548
15188.74,80.545
15189.11,80.542
15189.48,80.539
15189.84,80.536
15190.21,80.534
15190.57,80.530
15190.94,80.528
15191.31,80.525
15191.67,80.522
15192.04,80.518
15192.41,80.516
15192.77,80.513
15193.14,80.510
15193.50,80.507
15193.87,80.504
15194.24,80.501
15194.60,80.498
15194.97,80.495
15195.34,80.492
15195.70,80.490
15196.07,80.487
15196.43,80.483
15196.80,80.481
15197.17,80.478
15197.53,80.475
15197.90,80.472
15198.27,80.469
15198.63,80.466
15199.00,80.464
15199.36,80.460
15199.73,80.457
15200.10,80.455
15200.46,80.452
15200.83,80.449
15201.19,80.447
15201.56,80.443
15201.93,80.441
15202.29,80.437
15202.66,80.434
15203.03,80.431
15203.39,80.428
15203.76,80.426
15204.12,80.423
15204.49,80.420
15204.86,80.417
15205.22,80.415
15205.59,80.411
15205.96,80.409
15206.32,80.406
15206.69,80.403
15207.05,80.400
15207.42,80.398
15207.79,80.394
15208.15,80.392
15208.52,80.388
15208.89,80.386
15209.25,80.383
15209.62,80.380
15209.98,80.377
15210.35,80.374
15210.72,80.371
15211.08,80.369
15211.45,80.365
15211.81,80.362
15212.18,80.359
15212.55,80.357
15212.91,80.354
15213.28,80.351
15213.65,80.349
15214.01,80.345
15214.38,80.343
15214.74,80.340
15215.11,80.337
15215.48,80.334
15215.84,80.332
15216.21,80.328
15216.58,80.326
15216.94,80.322
15217.31,80.320
15217.67,80.317
15218.04,80.314
15218.41,80.311
15218.77,80.308
15219.14,80.305
15219.51,80.303
15219.87,80.300
15220.24,80.297
15220.60,80.294
15220.97,80.291
15221.34,80.288
15221.70,80.286
15222.07,80.282
15222.44,80.280
15222.80,80.277
15223.17,80.274
15223.53,80.272
15223.90,80.268
15224.27,80.266
15224.63,80.263
15225.00,80.260
15225.36,80.257
15225.73,80.255
15226.10,80.251
15226.46,80.249
15226.83,80.246
15227.20,80.243
15227.56,80.240
15227.93,80.238
15228.29,80.234
15228.66,80.231
15229.03,80.229
15229.39,80.226
15229.76,80.223
15230.13,80.220
15230.49,80.218
15230.86,80.215
15231.22,80.212
15231.59,80.209
15231.96,80.207
15232.32,80.203
15232.69,80.201
15233.06,80.198
15233.42,80.195
15233.79,80.192
15234.15,80.189
15234.52,80.186
15234.89,80.184
15235.25,80.181
15235.62,80.178
15235.98,80.175
15236.35,80.173
15236.72,80.170
15237.08,80.167
15237.45,80.165
15237.82,80.162
15238.18,80.159
15238.55,80.156
15238.91,80.153
15239.28,80.150
15239.65,80.148
15240.01,80.145
15240.38,80.142
15240.75,80.139
15241.11,80.137
15241.48,80.133
15241.84,80.131
15242.21,80.128
15242.58,80.125
15242.94,80.123
15243.31,80.120
15243.68,80.117
15244.04,80.114
15244.41,80.112
15244.77,80.109
15245.14,80.106
15245.51,80.103
15245.87,80.101
15246.24,80.097
15246.61,80.094
15246.97,80.092
15247.34,80.090
15247.70,80.086
15248.07,80.083
15248.44,80.081
15248.80,80.078
15249.17,80.076
15249.53,80.072
15249.90,80.070
15250.27,80.067
15250.63,80.065
15251.00,80.061
15251.37,80.058
15251.73,80.056
15252.10,80.053
15252.46,80.050
15252.83,80.047
15253.20,80.045
15253.56,80.043
15253.93,80.040
15254.30,80.036
15254.66,80.034
15255.03,80.031
15255.39,80.029
15255.76,80.025
15256.13,80.023
15256.49,80.020
15256.86,80.017
15257.23,80.015
15257.59,80.012
15257.96,80.009
15258.32,80.007
15258.69,80.004
15259.06,80.001
15259.42,79.998
15259.79,79.995
15260.15,79.993
15260.52,79.990
15260.89,79.987
15261.25,79.984
15261.62,79.982
15261.99,79.979
15262.35,79.976
15262.72,79.974
15263.08,79.971
15263.45,79.968
15263.82,79.965
15264.18,79.963
15264.55,79.960
15264.92,79.958
15265.28,79.954
15265.65,79.952
15266.01,79.950
15266.38,79.947
15266.75,79.944
15267.11,79.941
15267.48,79.939
15267.85,79.936
15268.21,79.933
15268.58,79.930
15268.94,79.928
15269.31,79.925
15269.68,79.922
15270.04,79.919
15270.41,79.916
15270.77,79.914
15271.14,79.911
15271.51,79.909
15271.87,79.906
15272.24,79.904
15272.61,79.900
15272.97,79.898
15273.34,79.895
15273.70,79.892
15274.07,79.890
15274.44,79.887
15274.80,79.885
15275.17,79.882
15275.54,79.879
15275.90,79.876
15276.27,79.874
15276.63,79.871
15277.00,79.869
15277.37,79.866
15277.73,79.863
15278.10,79.861
15278.47,79.858
15278.83,79.855
15279.20,79.852
15279.56,79.850
15279.93,79.847
15280.30,79.844
15280.66,79.842
15281.03,79.839
15281.40,79.837
15281.76,79.834
15282.13,79.831
15282.49,79.828
15282.86,79.826
15283.23,79.823
15283.59,79.821
15283.96,79.817
15284.32,79.815
15284.69,79.812
15285.06,79.810
15285.42,79.807
15285.79,79.805
15286.16,79.802
15286.52,79.799
15286.89,79.797
15287.25,79.793
15287.62,79.791
15287.99,79.788
15288.35,79.786
15288.72,79.783
15289.09,79.780
15289.45,79.778
15289.82,79.775
15290.18,79.773
15290.55,79.770
15290.92,79.767
15291.28,79.765
15291.65,79.762
15292.02,79.760
15292.38,79.757
15292.75,79.754
15293.11,79.751
15293.48,79.749
15293.85,79.746
15294.21,79.744
15294.58,79.741
15294.94,79.739
15295.31,79.736
15295.68,79.733
15296.04,79.731
15296.41,79.728
15296.78,79.725
15297.14,79.722
15297.51,79.720
15297.87,79.718
15298.24,79.715
15298.61,79.712
15298.97,79.710
15299.34,79.707
15299.71,79.704
15300.07,79.702
15300.44,79.699
15300.80,79.697
15301.17,79.694
15301.54,79.692
15301.90,79.689
15302.27,79.686
15302.64,79.684
15303.00,79.681
15303.37,79.678
15303.73,79.675
15304.10,79.673
15304.47,79.671
15304.83,79.668
15305.20,79.666
15305.56,79.662
15305.93,79.660
15306.30,79.657
15306.66,79.655
15307.03,79.653
15307.40,79.650
15307.76,79.647
15308.13,79.644
15308.49,79.642
15308.86,79.639
15309.23,79.636
15309.59,79.634
15309.96,79.632
15310.33,79.630
15310.69,79.627
15311.06,79.624
15311.42,79.621
15311.79,79.619
15312.16,79.617
15312.52,79.614
15312.89,79.611
15313.26,79.608
15313.62,79.606
15313.99,79.603
15314.35,79.601
15314.72,79.599
15315.09,79.596
15315.45,79.593
15315.82,79.590
15316.19,79.588
15316.55,79.586
15316.92,79.583
15317.28,79.581
15317.65,79.578
15318.02,79.576
15318.38,79.573
15318.75,79.570
15319.11,79.567
15319.48,79.565
15319.85,79.562
15320.21,79.560
15320.58,79.558
15320.95,79.555
15321.31,79.553
15321.68,79.550
15322.04,79.547
15322.41,79.545
15322.78,79.542
15323.14,79.540
15323.51,79.537
15323.88,79.535
15324.24,79.532
15324.61,79.530
15324.97,79.527
15325.34,79.525
15325.71,79.522
15326.07,79.519
15326.44,79.517
15326.81,79.515
15327.17,79.512
15327.54,79.510
15327.90,79.507
15328.27,79.505
15328.64,79.502
15329.00,79.499
15329.37,79.497
15329.73,79.494
15330.10,79.492
15330.47,79.489
15330.83,79.487
15331.20,79.484
15331.57,79.481
15331.93,79.480
15332.30,79.477
15332.66,79.475
15333.03,79.472
15333.40,79.469
15333.76,79.466
15334.13,79.465
15334.50,79.462
15334.86,79.459
15335.23,79.457
15335.59,79.454
15335.96,79.452
15336.33,79.450
15336.69,79.447
15337.06,79.445
15337.43,79.442
15337.79,79.439
15338.16,79.437
15338.52,79.434
15338.89,79.432
15339.26,79.429
15339.62,79.427
15339.99,79.425
15340.36,79.422
15340.72,79.419
15341.09,79.417
15341.45,79.415
15341.82,79.412
15342.19,79.410
15342.55,79.407
15342.92,79.405
15343.28,79.402
15343.65,79.400
15344.02,79.398
15344.38,79.395
15344.75,79.392
15345.12,79.391
15345.48,79.388
15345.85,79.385
15346.21,79.382
15346.58,79.380
15346.95,79.378
15347.31,79.376
15347.68,79.373
15348.05,79.370
15348.41,79.368
15348.78,79.365
15349.14,79.363
15349.51,79.361
15349.88,79.358
15350.24,79.356
15350.61,79.353
15350.98,79.350
15351.34,79.349
15351.71,79.346
15352.07,79.344
15352.44,79.341
15352.81,79.339
15353.17,79.336
15353.54,79.333
15353.90,79.332
15354.27,79.329
15354.64,79.326
15355.00,79.324
15355.37,79.322
15355.74,79.319
15356.10,79.316
15356.47,79.315
15356.83,79.312
15357.20,79.309
15357.57,79.307
15357.93,79.305
15358.30,79.302
15358.67,79.299
15359.03,79.297
15359.40,79.295
15359.76,79.293
15360.13,79.290
15360.50,79.288
15360.86,79.286
15361.23,79.283
15361.60,79.280
15361.96,79.278
15362.33,79.275
15362.69,79.273
15363.06,79.271
15363.43,79.269
15363.79,79.267
15364.16,79.264
15364.52,79.261
15364.89,79.259
15365.26,79.256
15365.62,79.254
15365.99,79.252
15366.36,79.249
15366.72,79.247
15367.09,79.245
15367.45,79.243
15367.82,79.239
15368.19,79.237
15368.55,79.235
15368.92,79.232
15369.29,79.231
15369.65,79.228
15370.02,79.226
15370.38,79.224
15370.75,79.221
15371.12,79.219
15371.48,79.216
15371.85,79.213
15372.22,79.212
15372.58,79.209
15372.95,79.207
15373.31,79.204
15373.68,79.202
15374.05,79.200
15374.41,79.197
15374.78,79.195
15375.15,79.192
15375.51,79.190
15375.88,79.188
15376.24,79.185
15376.61,79.183
15376.98,79.181
15377.34,79.178
15377.71,79.176
15378.07,79.173
15378.44,79.171
15378.81,79.169
15379.17,79.166
15379.54,79.165
15379.91,79.162
15380.27,79.160
15380.64,79.157
15381.00,79.155
15381.37,79.153
15381.74,79.150
15382.10,79.148
15382.47,79.145
15382.84,79.143
15383.20,79.141
15383.57,79.138
15383.93,79.136
15384.30,79.134
15384.67,79.132
15385.03,79.130
15385.40,79.126
15385.77,79.124
15386.13,79.122
15386.50,79.120
15386.86,79.118
15387.23,79.115
15387.60,79.113
15387.96,79.111
15388.33,79.108
15388.69,79.106
15389.06,79.104
15389.43,79.101
15389.79,79.099
15390.16,79.096
15390.53,79.095
15390.89,79.092
15391.26,79.090
15391.62,79.088
15391.99,79.085
15392.36,79.083
15392.72,79.081
15393.09,79.079
15393.46,79.076
15393.82,79.074
15394.19,79.072
15394.55,79.069
15394.92,79.067
15395.29,79.065
15395.65,79.062
15396.02,79.060
15396.39,79.058
15396.75,79.055
15397.12,79.053
15397.48,79.051
15397.85,79.049
15398.22,79.046
15398.58,79.044
15398.95,79.041
15399.31,79.040
15399.68,79.037
15400.05,79.035
15400.41,79.032
15400.78,79.030
15401.15,79.028
15401.51,79.026
15401.88,79.023
15402.24,79.022
15402.61,79.019
15402.98,79.017
15403.34,79.015
15403.71,79.013
15404.08,79.011
15404.44,79.007
15404.81,79.005
15405.17,79.003
15405.54,79.001
15405.91,78.999
15406.27,78.996
15406.64,78.995
15407.01,78.992
15407.37,78.990
15407.74,78.988
15408.10,78.986
15408.47,78.983
15408.84,78.981
15409.20,78.979
15409.57,78.977
15409.94,78.975
15410.30,78.972
15410.67,78.969
15411.03,78.967
15411.40,78.965
15411.77,78.963
15412.13,78.960
15412.50,78.959
15412.86,78.956
15413.23,78.954
15413.60,78.952
15413.96,78.950
15414.33,78.947
15414.70,78.945
15415.06,78.943
15415.43,78.941
15415.79,78.939
15416.16,78.936
15416.53,78.934
15416.89,78.932
15417.26,78.930
15417.63,78.927
15417.99,78.925
15418.36,78.922
15418.72,78.921
15419.09,78.918
15419.46,78.916
15419.82,78.914
15420.19,78.912
15420.56,78.910
15420.92,78.907
15421.29,78.905
15421.65,78.903
15422.02,78.901
15422.39,78.898
15422.75,78.897
15423.12,78.894
15423.48,78.892
15423.85,78.890
15424.22,78.888
15424.58,78.886
15424.95,78.883
15425.32,78.882
15425.68,78.879
15426.05,78.877
15426.41,78.875
15426.78,78.873
15427.15,78.870
15427.51,78.868
15427.88,78.865
15428.25,78.864
15428.61,78.862
15428.98,78.859
15429.34,78.857
15429.71,78.855
15430.08,78.853
15430.44,78.850
15430.81,78.849
15431.18,78.846
15431.54,78.844
15431.91,78.842
15432.27,78.840
15432.64,78.838
15433.01,78.835
15433.37,78.834
15433.74,78.831
15434.11,78.829
15434.47,78.827
15434.84,78.825
15435.20,78.822
15435.57,78.821
15435.94,78.818
15436.30,78.816
15436.67,78.814
15437.03,78.812
15437.40,78.809
15437.77,78.808
15438.13,78.805
15438.50,78.803
15438.87,78.801
15439.23,78.799
15439.60,78.797
15439.96,78.794
15440.33,78.792
15440.70,78.791
15441.06,78.788
15441.43,78.786
15441.80,78.784
15442.16,78.782
15442.53,78.780
15442.89,78.778
15443.26,78.775
15443.63,78.773
15443.99,78.772
15444.36,78.769
15444.73,78.767
15445.09,78.765
15445.46,78.763
15445.82,78.760
15446.19,78.758
15446.56,78.757
15446.92,78.754
15447.29,78.752
15447.65,78.750
15448.02,78.748
15448.39,78.746
15448.75,78.744
15449.12,78.742
15449.49,78.739
15449.85,78.738
15450.22,78.736
15450.58,78.733
15450.95,78.731
15451.32,78.729
15451.68,78.727
15452.05,78.725
15452.42,78.723
15452.78,78.721
15453.15,78.719
15453.51,78.716
15453.88,78.715
15454.25,78.713
15454.61,78.710
15454.98,78.708
15455.35,78.706
15455.71,78.704
15456.08,78.702
15456.44,78.700
15456.81,78.698
15457.18,78.695
15457.54,78.694
15457.91,78.692
15458.27,78.689
15458.64,78.687
15459.01,78.685
15459.37,78.683
15459.74,78.681
15460.11,78.679
15460.47,78.677
15460.84,78.674
15461.20,78.672
15461.57,78.671
15461.94,78.668
15462.30,78.666
15462.67,78.665
15463.04,78.662
15463.40,78.660
15463.77,78.658
15464.13,78.656
15464.50,78.654
15464.87,78.652
15465.23,78.650
15465.60,78.648
15465.97,78.645
15466.33,78.643
15466.70,78.642
15467.06,78.640
15467.43,78.638
15467.80,78.636
15468.16,78.634
15468.53,78.632
15468.90,78.629
15469.26,78.627
15469.63,78.626
15469.99,78.624
15470.36,78.621
15470.73,78.620
15471.09,78.618
15471.46,78.615
15471.82,78.613
15472.19,78.611
15472.56,78.609
15472.92,78.607
15473.29,78.605
15473.66,78.603
15474.02,78.601
15474.39,78.599
15474.75,78.597
15475.12,78.595
15475.49,78.593
15475.85,78.590
15476.22,78.589
15476.59,78.587
15476.95,78.585
15477.32,78.583
15477.68,78.581
15478.05,78.579
15478.42,78.577
15478.78,78.575
15479.15,78.573
15479.52,78.571
15479.88,78.569
15480.25,78.567
15480.61,78.565
15480.98,78.562
15481.35,78.560
15481.71,78.559
15482.08,78.556
15482.44,78.554
15482.81,78.553
15483.18,78.550
15483.54,78.549
15483.91,78.547
15484.28,78.545
15484.64,78.543
15485.01,78.541
15485.37,78.539
15485.74,78.537
15486.11,78.535
15486.47,78.533
15486.84,78.531
15487.21,78.529
15487.57,78.527
15487.94,78.525
15488.30,78.523
15488.67,78.521
15489.04,78.519
15489.40,78.517
15489.77,78.516
15490.14,78.513
15490.50,78.511
15490.87,78.509
15491.23,78.507
15491.60,78.505
15491.97,78.503
15492.33,78.501
15492.70,78.499
15493.07,78.497
15493.43,78.495
15493.80,78.493
15494.16,78.492
15494.53,78.489
15494.90,78.488
15495.26,78.486
15495.63,78.483
15495.99,78.482
15496.36,78.480
15496.73,78.478
15497.09,78.476
15497.46,78.474
15497.83,78.472
15498.19,78.470
15498.56,78.468
15498.92,78.466
15499.29,78.465
15499.66,78.463
15500.02,78.460
15500.39,78.459
15500.76,78.457
15501.12,78.454
15501.49,78.453
15501.85,78.451
15502.22,78.448
15502.59,78.447
15502.95,78.445
15503.32,78.443
15503.69,78.441
15504.05,78.439
15504.42,78.437
15504.78,78.435
15505.15,78.433
15505.52,78.431
15505.88,78.429
15506.25,78.428
15506.61,78.426
15506.98,78.424
15507.35,78.422
15507.71,78.420
15508.08,78.418
15508.45,78.416
15508.81,78.414
15509.18,78.412
15509.54,78.410
15509.91,78.408
15510.28,78.406
15510.64,78.404
15511.01,78.403
15511.38,78.401
15511.74,78.399
15512.11,78.397
15512.47,78.395
15512.84,78.393
15513.21,78.391
15513.57,78.389
15513.94,78.387
15514.31,78.386
15514.67,78.383
15515.04,78.382
15515.40,78.380
15515.77,78.378
15516.14,78.376
15516.50,78.374
15516.87,78.373
15517.23,78.370
15517.60,78.368
15517.97,78.367
15518.33,78.364
15518.70,78.363
15519.07,78.361
15519.43,78.359
15519.80,78.358
15520.16,78.356
15520.53,78.353
15520.90,78.352
15521.26,78.350
15521.63,78.347
15522.00,78.346
15522.36,78.345
15522.73,78.343
15523.09,78.340
15523.46,78.339
15523.83,78.337
15524.19,78.334
15524.56,78.333
15524.93,78.331
15525.29,78.329
15525.66,78.328
15526.02,78.326
15526.39,78.323
15526.76,78.322
15527.12,78.320
15527.49,78.318
15527.86,78.316
15528.22,78.315
15528.59,78.312
15528.95,78.310
15529.32,78.309
15529.69,78.307
15530.05,78.305
15530.42,78.303
15530.78,78.302
15531.15,78.299
15531.52,78.298
15531.88,78.296
15532.25,78.294
15532.62,78.292
15532.98,78.291
15533.35,78.288
15533.71,78.287
15534.08,78.285
15534.45,78.283
15534.81,78.281
15535.18,78.279
15535.55,78.278
15535.91,78.276
15536.28,78.274
15536.64,78.272
15537.01,78.270
15537.38,78.268
15537.74,78.267
15538.11,78.265
15538.48,78.263
15538.84,78.261
15539.21,78.259
15539.57,78.258
15539.94,78.256
15540.31,78.254
15540.67,78.252
15541.04,78.250
15541.40,78.249
15541.77,78.247
15542.14,78.245
15542.50,78.243
15542.87,78.242
15543.24,78.239
15543.60,78.238
15543.97,78.236
15544.33,78.234
15544.70,78.233
15545.07,78.231
15545.43,78.228
15545.80,78.227
15546.17,78.226
15546.53,78.224
15546.90,78.221
15547.26,78.220
15547.63,78.219
15548.00,78.216
15548.36,78.215
15548.73,78.213
15549.10,78.211
15549.46,78.209
15549.83,78.208
15550.19,78.206
15550.56,78.204
15550.93,78.202
15551.29,78.200
15551.66,78.198
15552.02,78.197
15552.39,78.195
15552.76,78.193
15553.12,78.191
15553.49,78.190
15553.86,78.188
15554.22,78.186
15554.59,78.184
15554.95,78.183
15555.32,78.181
15555.69,78.179
15556.05,78.177
15556.42,78.175
15556.79,78.174
15557.15,78.172
15557.52,78.171
15557.88,78.168
15558.25,78.166
15558.62,78.165
15558.98,78.163
15559.35,78.162
15559.72,78.159
15560.08,78.158
15560.45,78.156
15560.81,78.154
15561.18,78.153
15561.55,78.151
15561.91,78.149
15562.28,78.147
15562.65,78.146
15563.01,78.144
15563.38,78.142
15563.74,78.141
15564.11,78.139
15564.48,78.137
15564.84,78.135
15565.21,78.134
15565.57,78.132
15565.94,78.130
15566.31,78.129
15566.67,78.126
15567.04,78.125
15567.41,78.124
15567.77,78.121
15568.14,78.120
15568.50,78.119
15568.87,78.117
15569.24,78.114
15569.60,78.113
15569.97,78.112
15570.34,78.109
15570.70,78.108
15571.07,78.106
15571.43,78.105
15571.80,78.103
15572.17,78.101
15572.53,78.099
15572.90,78.098
15573.27,78.096
15573.63,78.094
15574.00,78.093
15574.36,78.091
15574.73,78.089
15575.10,78.088
15575.46,78.085
15575.83,78.084
15576.19,78.083
15576.56,78.081
15576.93,78.078
15577.29,78.078
15577.66,78.076
15578.03,78.073
15578.39,78.072
15578.76,78.071
15579.12,78.069
15579.49,78.067
15579.86,78.065
15580.22,78.064
15580.59,78.062
15580.96,78.060
15581.32,78.059
15581.69,78.057
15582.05,78.055
15582.42,78.053
15582.79,78.052
15583.15,78.050
15583.52,78.049
15583.89,78.046
15584.25,78.046
15584.62,78.043
15584.98,78.041
15585.35,78.040
15585.72,78.038
15586.08,78.037
15586.45,78.035
15586.82,78.034
15587.18,78.032
15587.55,78.030
15587.91,78.029
15588.28,78.027
15588.65,78.025
15589.01,78.023
15589.38,78.022
15589.74,78.020
15590.11,78.018
15590.48,78.017
15590.84,78.016
15591.21,78.013
15591.58,78.012
15591.94,78.011
15592.31,78.008
15592.67,78.007
15593.04,78.005
15593.41,78.004
15593.77,78.002
15594.14,78.001
15594.51,77.999
15594.87,77.997
15595.24,77.996
15595.60,77.994
15595.97,77.993
15596.34,77.990
15596.70,77.989
15597.07,77.988
15597.44,77.986
15597.80,77.984
15598.17,77.983
15598.53,77.981
15598.90,77.980
15599.27,77.977
15599.63,77.976
15600.00,77.975
15600.36,77.973
15600.73,77.971
15601.10,77.970
15601.46,77.968
15601.83,77.966
15602.20,77.965
15602.56,77.963
15602.93,77.962
15603.29,77.960
15603.66,77.959
15604.03,77.957
15604.39,77.956
15604.76,77.954
15605.13,77.952
15605.49,77.951
15605.86,77.948
15606.22,77.947
15606.59,77.945
15606.96,77.944
15607.32,77.942
15607.69,77.941
15608.06,77.939
15608.42,77.938
15608.79,77.936
15609.15,77.934
15609.52,77.933
15609.89,77.931
15610.25,77.929
15610.62,77.928
15610.98,77.927
15611.35,77.925
15611.72,77.923
15612.08,77.922
15612.45,77.920
15612.82,77.918
15613.18,77.917
15613.55,77.915
15613.91,77.914
15614.28,77.912
15614.65,77.911
15615.01,77.909
15615.38,77.907
15615.75,77.906
15616.11,77.904
15616.48,77.903
15616.84,77.901
15617.21,77.899
15617.58,77.898
15617.94,77.897
15618.31,77.895
15618.68,77.893
15619.04,77.892
15619.41,77.890
15619.77,77.889
15620.14,77.887
15620.51,77.886
15620.87,77.884
15621.24,77.882
15621.61,77.881
15621.97,77.879
15622.34,77.877
15622.70,77.876
15623.07,77.874
15623.44,77.874
15623.80,77.871
15624.17,77.870
15624.53,77.868
15624.90,77.867
15625.27,77.865
15625.63,77.864
15626.00,77.863
15626.37,77.861
15626.73,77.859
15627.10,77.858
15627.46,77.857
15627.83,77.855
15628.20,77.853
15628.56,77.852
15628.93,77.851
15629.30,77.849
15629.66,77.847
15630.03,77.846
15630.39,77.844
15630.76,77.843
15631.13,77.841
15631.49,77.840
15631.86,77.838
15632.23,77.837
15632.59,77.835
15632.96,77.834
15633.32,77.832
15633.69,77.831
15634.06,77.829
15634.42,77.828
15634.79,77.826
15635.15,77.825
15635.52,77.823
15635.89,77.822
15636.25,77.820
15636.62,77.819
15636.99,77.817
15637.35,77.816
15637.72,77.814
15638.08,77.812
15638.45,77.811
15638.82,77.809
15639.18,77.808
15639.55,77.806
15639.92,77.805
15640.28,77.803
15640.65,77.802
15641.01,77.800
15641.38,77.799
15641.75,77.797
15642.11,77.796
15642.48,77.794
15642.85,77.793
15643.21,77.791
15643.58,77.790
15643.94,77.789
15644.31,77.787
15644.68,77.786
15645.04,77.784
15645.41,77.783
15645.77,77.781
15646.14,77.780
15646.51,77.779
15646.87,77.777
15647.24,77.775
15647.61,77.774
15647.97,77.773
15648.34,77.772
15648.70,77.769
15649.07,77.768
15649.44,77.767
15649.80,77.765
15650.17,77.764
15650.54,77.762
15650.90,77.761
15651.27,77.759
15651.63,77.758
15652.00,77.757
15652.37,77.755
15652.73,77.754
15653.10,77.752
15653.47,77.751
15653.83,77.749
15654.20,77.748
15654.56,77.746
15654.93,77.745
15655.30,77.743
15655.66,77.742
15656.03,77.740
15656.40,77.739
15656.76,77.738
15657.13,77.736
15657.49,77.735
15657.86,77.734
15658.23,77.732
15658.59,77.731
15658.96,77.729
15659.32,77.728
15659.69,77.727
15660.06,77.725
15660.42,77.724
15660.79,77.722
15661.16,77.721
15661.52,77.719
15661.89,77.718
15662.25,77.716
15662.62,77.715
15662.99,77.713
15663.35,77.712
15663.72,77.711
15664.09,77.709
15664.45,77.708
15664.82,77.707
15665.18,77.705
15665.55,77.704
15665.92,77.703
15666.28,77.701
15666.65,77.700
15667.02,77.698
15667.38,77.697
15667.75,77.696
15668.11,77.694
15668.48,77.692
15668.85,77.691
15669.21,77.690
15669.58,77.689
15669.94,77.687
15670.31,77.685
15670.68,77.684
15671.04,77.683
15671.41,77.681
15671.78,77.680
15672.14,77.679
15672.51,77.677
15672.87,77.676
15673.24,77.674
15673.61,77.673
15673.97,77.672
15674.34,77.671
15674.71,77.669
15675.07,77.667
15675.44,77.666
15675.80,77.665
15676.17,77.663
15676.54,77.662
15676.90,77.660
15677.27,77.660
15677.64,77.658
15678.00,77.656
15678.37,77.655
15678.73,77.654
15679.10,77.653
15679.47,77.651
15679.83,77.650
15680.20,77.649
15680.57,77.647
15680.93,77.646
15681.30,77.644
15681.66,77.643
15682.03,77.642
15682.40,77.641
15682.76,77.639
15683.13,77.638
15683.49,77.636
15683.86,77.635
15684.23,77.633
15684.59,77.632
15684.96,77.632
15685.33,77.630
15685.69,77.629
15686.06,77.627
15686.42,77.626
15686.79,77.624
15687.16,77.623
15687.52,77.622
15687.89,77.620
15688.26,77.619
15688.62,77.618
15688.99,77.616
15689.35,77.615
15689.72,77.614
15690.09,77.613
15690.45,77.611
15690.82,77.610
15691.19,77.608
15691.55,77.607
15691.92,77.606
15692.28,77.605
15692.65,77.603
15693.02,77.602
15693.38,77.601
15693.75,77.600
15694.11,77.598
15694.48,77.596
15694.85,77.596
15695.21,77.595
15695.58,77.593
15695.95,77.591
15696.31,77.590
15696.68,77.589
15697.04,77.588
15697.41,77.587
15697.78,77.585
15698.14,77.584
15698.51,77.583
15698.88,77.581
15699.24,77.580
15699.61,77.578
15699.97,77.577
15700.34,77.576
15700.71,77.575
15701.07,77.573
15701.44,77.572
15701.81,77.571
15702.17,77.570
15702.54,77.568
15702.90,77.567
15703.27,77.566
15703.64,77.565
15704.00,77.563
15704.37,77.562
15704.73,77.560
15705.10,77.559
15705.47,77.558
15705.83,77.556
15706.20,77.555
15706.57,77.554
15706.93,77.553
15707.30,77.552
15707.66,77.550
15708.03,77.549
15708.40,77.548
15708.76,77.547
15709.13,77.546
15709.50,77.544
15709.86,77.543
15710.23,77.541
15710.59,77.541
15710.96,77.540
15711.33,77.538
15711.69,77.536
15712.06,77.535
15712.43,77.534
15712.79,77.533
15713.16,77.532
15713.52,77.530
15713.89,77.529
15714.26,77.528
15714.62,77.527
15714.99,77.525
15715.36,77.524
15715.72,77.523
15716.09,77.522
15716.45,77.521
15716.82,77.519
15717.19,77.518
15717.55,77.517
15717.92,77.516
15718.28,77.514
15718.65,77.513
15719.02,77.512
15719.38,77.511
15719.75,77.510
15720.12,77.508
15720.48,77.507
15720.85,77.506
15721.21,77.505
15721.58,77.504
15721.95,77.502
15722.31,77.501
15722.68,77.500
15723.05,77.499
15723.41,77.498
15723.78,77.496
15724.14,77.495
15724.51,77.494
15724.88,77.493
15725.24,77.492
15725.61,77.490
15725.98,77.489
15726.34,77.488
15726.71,77.487
15727.07,77.486
15727.44,77.484
15727.81,77.483
15728.17,77.482
15728.54,77.481
15728.90,77.480
15729.27,77.478
15729.64,77.477
15730.00,77.476
15730.37,77.475
15730.74,77.474
15731.10,77.472
15731.47,77.472
15731.83,77.470
15732.20,77.469
15732.57,77.468
15732.93,77.466
15733.30,77.466
15733.67,77.465
15734.03,77.463
15734.40,77.462
15734.76,77.460
15735.13,77.460
15735.50,77.459
15735.86,77.457
15736.23,77.456
15736.60,77.455
15736.96,77.454
15737.33,77.453
15737.69,77.451
15738.06,77.451
15738.43,77.449
15738.79,77.448
15739.16,77.447
15739.52,77.445
15739.89,77.445
15740.26,77.444
15740.62,77.442
15740.99,77.441
15741.36,77.440
15741.72,77.439
15742.09,77.438
15742.45,77.436
15742.82,77.436
15743.19,77.434
15743.55,77.433
15743.92,77.432
15744.29,77.431
15744.65,77.430
15745.02,77.428
15745.38,77.427
15745.75,77.426
15746.12,77.425
15746.48,77.424
15746.85,77.423
15747.22,77.422
15747.58,77.421
15747.95,77.419
15748.31,77.418
15748.68,77.417
15749.05,77.416
15749.41,77.415
15749.78,77.414
15750.15,77.413
15750.51,77.412
15750.88,77.411
15751.24,77.410
15751.61,77.409
15751.98,77.407
15752.34,77.406
15752.71,77.405
15753.07,77.404
15753.44,77.403
15753.81,77.402
15754.17,77.401
15754.54,77.399
15754.91,77.398
15755.27,77.398
15755.64,77.397
15756.00,77.395
15756.37,77.394
15756.74,77.393
15757.10,77.392
15757.47,77.391
15757.84,77.389
15758.20,77.388
15758.57,77.388
15758.93,77.386
15759.30,77.386
15759.67,77.385
15760.03,77.383
15760.40,77.382
15760.77,77.382
15761.13,77.380
15761.50,77.379
15761.86,77.378
15762.23,77.377
15762.60,77.376
15762.96,77.375
15763.33,77.374
15763.69,77.373
15764.06,77.371
15764.43,77.370
15764.79,77.370
15765.16,77.368
15765.53,77.367
15765.89,77.366
15766.26,77.365
15766.62,77.364
15766.99,77.363
15767.36,77.362
15767.72,77.361
15768.09,77.360
15768.46,77.359
15768.82,77.358
15769.19,77.357
15769.55,77.356
15769.92,77.355
15770.29,77.353
15770.65,77.352
15771.02,77.352
15771.39,77.351
15771.75,77.350
15772.12,77.349
15772.48,77.347
15772.85,77.346
15773.22,77.346
15773.58,77.345
15773.95,77.344
15774.32,77.343
15774.68,77.341
15775.05,77.340
15775.41,77.339
15775.78,77.338
15776.15,77.337
15776.51,77.336
15776.88,77.335
15777.24,77.334
15777.61,77.333
15777.98,77.332
15778.34,77.331
15778.71,77.330
15779.08,77.329
15779.44,77.328
15779.81,77.328
15780.17,77.326
15780.54,77.326
15780.91,77.324
15781.27,77.323
15781.64,77.322
15782.01,77.321
15782.37,77.320
15782.74,77.319
15783.10,77.318
15783.47,77.317
15783.84,77.316
15784.20,77.315
15784.57,77.314
15784.94,77.313
15785.30,77.312
15785.67,77.311
15786.03,77.310
15786.40,77.309
15786.77,77.309
15787.13,77.308
15787.50,77.306
15787.86,77.305
15788.23,77.304
15788.60,77.303
15788.96,77.303
15789.33,77.302
15789.70,77.300
15790.06,77.299
15790.43,77.298
15790.79,77.297
15791.16,77.296
15791.53,77.296
15791.89,77.294
15792.26,77.293
15792.63,77.292
15792.99,77.291
15793.36,77.291
15793.72,77.290
15794.09,77.288
15794.46,77.287
15794.82,77.286
15795.19,77.286
15795.56,77.285
15795.92,77.284
15796.29,77.283
15796.65,77.282
15797.02,77.281
15797.39,77.280
15797.75,77.279
15798.12,77.278
15798.48,77.278
15798.85,77.276
15799.22,77.275
15799.58,77.275
15799.95,77.273
15800.32,77.272
15800.68,77.272
15801.05,77.270
15801.41,77.270
15801.78,77.269
15802.15,77.268
15802.51,77.267
15802.88,77.266
15803.25,77.265
15803.61,77.264
15803.98,77.263
15804.34,77.262
15804.71,77.261
15805.08,77.261
15805.44,77.260
15805.81,77.258
15806.18,77.258
15806.54,77.257
15806.91,77.256
15807.27,77.255
15807.64,77.254
15808.01,77.253
15808.37,77.252
15808.74,77.251
15809.11,77.250
15809.47,77.250
15809.84,77.249
15810.20,77.248
15810.57,77.246
15810.94,77.246
15811.30,77.245
15811.67,77.244
15812.03,77.244
15812.40,77.243
15812.77,77.242
15813.13,77.241
15813.50,77.240
15813.87,77.239
15814.23,77.238
15814.60,77.237
15814.96,77.237
15815.33,77.236
15815.70,77.234
15816.06,77.234
15816.43,77.233
15816.80,77.232
15817.16,77.231
15817.53,77.230
15817.89,77.229
15818.26,77.228
15818.63,77.227
15818.99,77.227
15819.36,77.226
15819.73,77.225
15820.09,77.224
15820.46,77.223
15820.82,77.222
15821.19,77.221
15821.56,77.221
15821.92,77.220
15822.29,77.219
15822.65,77.218
15823.02,77.217
15823.39,77.216
15823.75,77.215
15824.12,77.215
15824.49,77.214
15824.85,77.213
15825.22,77.212
15825.58,77.211
15825.95,77.210
15826.32,77.209
15826.68,77.209
15827.05,77.208
15827.42,77.207
15827.78,77.206
15828.15,77.206
15828.51,77.204
15828.88,77.204
15829.25,77.203
15829.61,77.202
15829.98,77.201
15830.35,77.200
15830.71,77.199
15831.08,77.198
15831.44,77.197
15831.81,77.197
15832.18,77.197
15832.54,77.196
15832.91,77.195
15833.27,77.194
15833.64,77.193
15834.01,77.192
15834.37,77.191
15834.74,77.190
15835.11,77.190
15835.47,77.189
15835.84,77.188
15836.20,77.188
15836.57,77.186
15836.94,77.185
15837.30,77.184
15837.67,77.184
15838.04,77.183
15838.40,77.182
15838.77,77.181
15839.13,77.180
15839.50,77.180
15839.87,77.178
15840.23,77.178
15840.60,77.177
15840.97,77.177
15841.33,77.176
15841.70,77.175
15842.06,77.174
15842.43,77.173
15842.80,77.172
15843.16,77.172
15843.53,77.172
15843.90,77.171
15844.26,77.169
15844.63,77.168
15844.99,77.168
15845.36,77.167
15845.73,77.166
15846.09,77.166
15846.46,77.165
15846.82,77.164
15847.19,77.163
15847.56,77.162
15847.92,77.161
15848.29,77.161
15848.66,77.160
15849.02,77.159
15849.39,77.159
15849.75,77.158
15850.12,77.157
15850.49,77.156
15850.85,77.156
15851.22,77.154
15851.59,77.154
15851.95,77.153
15852.32,77.152
15852.68,77.152
15853.05,77.151
15853.42,77.150
15853.78,77.149
15854.15,77.148
15854.52,77.148
15854.88,77.147
15855.25,77.147
15855.61,77.146
15855.98,77.145
15856.35,77.144
15856.71,77.143
15857.08,77.142
15857.44,77.142
15857.81,77.142
15858.18,77.141
15858.54,77.140
15858.91,77.139
15859.28,77.138
15859.64,77.138
15860.01,77.136
15860.37,77.136
15860.74,77.135
15861.11,77.135
15861.47,77.134
15861.84,77.133
15862.21,77.132
15862.57,77.132
15862.94,77.131
15863.30,77.130
15863.67,77.130
15864.04,77.129
15864.40,77.128
15864.77,77.127
15865.14,77.126
15865.50,77.126
15865.87,77.125
15866.23,77.124
15866.60,77.124
15866.97,77.123
15867.33,77.123
15867.70,77.121
15868.07,77.121
15868.43,77.120
15868.80,77.119
15869.16,77.119
15869.53,77.118
15869.90,77.118
15870.26,77.117
15870.63,77.115
15870.99,77.115
15871.36,77.115
15871.73,77.114
15872.09,77.113
15872.46,77.113
15872.83,77.112
15873.19,77.111
15873.56,77.111
15873.92,77.109
15874.29,77.109
15874.66,77.108
15875.02,77.108
15875.39,77.107
15875.76,77.106
15876.12,77.106
15876.49,77.105
15876.85,77.105
15877.22,77.103
15877.59,77.103
15877.95,77.102
15878.32,77.101
15878.69,77.101
15879.05,77.100
15879.42,77.100
15879.78,77.099
15880.15,77.098
15880.52,77.097
15880.88,77.097
15881.25,77.096
15881.61,77.095
15881.98,77.095
15882.35,77.094
15882.71,77.094
15883.08,77.093
15883.45,77.092
15883.81,77.091
15884.18,77.091
15884.54,77.090
15884.91,77.090
15885.28,77.089
15885.64,77.088
15886.01,77.088
15886.38,77.087
15886.74,77.086
15887.11,77.085
15887.47,77.085
15887.84,77.084
15888.21,77.084
15888.57,77.082
15888.94,77.082
15889.31,77.082
15889.67,77.081
15890.04,77.080
15890.40,77.080
15890.77,77.079
15891.14,77.078
15891.50,77.078
15891.87,77.078
15892.23,77.077
15892.60,77.076
15892.97,77.075
15893.33,77.075
15893.70,77.074
15894.07,77.073
15894.43,77.072
15894.80,77.072
15895.16,77.072
15895.53,77.071
15895.90,77.070
15896.26,77.070
15896.63,77.069
15897.00,77.068
15897.36,77.067
15897.73,77.067
15898.09,77.067
15898.46,77.066
15898.83,77.065
15899.19,77.064
15899.56,77.064
15899.93,77.063
15900.29,77.062
15900.66,77.062
15901.02,77.061
15901.39,77.060
15901.76,77.060
15902.12,77.059
15902.49,77.059
15902.86,77.058
15903.22,77.058
15903.59,77.058
15903.95,77.056
15904.32,77.056
15904.69,77.055
15905.05,77.055
15905.42,77.054
15905.78,77.053
15906.15,77.053
15906.52,77.052
15906.88,77.052
15907.25,77.052
15907.62,77.050
15907.98,77.050
15908.35,77.049
15908.71,77.049
15909.08,77.048
15909.45,77.047
15909.81,77.047
15910.18,77.047
15910.55,77.046
15910.91,77.045
15911.28,77.045
15911.64,77.044
15912.01,77.043
15912.38,77.043
15912.74,77.042
15913.11,77.041
15913.48,77.041
15913.84,77.041
15914.21,77.040
15914.57,77.039
15914.94,77.039
15915.31,77.038
15915.67,77.037
15916.04,77.037
15916.40,77.037
15916.77,77.036
15917.14,77.035
15917.50,77.035
15917.87,77.034
15918.24,77.034
15918.60,77.033
15918.97,77.032
15919.33,77.032
15919.70,77.031
15920.07,77.031
15920.43,77.030
15920.80,77.030
15921.17,77.029
15921.53,77.029
15921.90,77.029
15922.26,77.028
15922.63,77.027
15923.00,77.026
15923.36,77.026
15923.73,77.025
15924.10,77.025
15924.46,77.024
15924.83,77.023
15925.19,77.023
15925.56,77.023
15925.93,77.022
15926.29,77.022
15926.66,77.021
15927.02,77.020
15927.39,77.020
15927.76,77.019
15928.12,77.018
15928.49,77.018
15928.86,77.018
15929.22,77.017
15929.59,77.017
15929.95,77.016
15930.32,77.016
15930.69,77.015
15931.05,77.014
15931.42,77.014
15931.79,77.013
15932.15,77.013
15932.52,77.013
15932.88,77.012
15933.25,77.011
15933.62,77.011
15933.98,77.010
15934.35,77.010
15934.72,77.010
15935.08,77.008
15935.45,77.008
15935.81,77.007
15936.18,77.007
15936.55,77.007
15936.91,77.006
15937.28,77.006
15937.65,77.005
15938.01,77.005
15938.38,77.005
15938.74,77.004
15939.11,77.003
15939.48,77.002
15939.84,77.002
15940.21,77.001
15940.57,77.001
15940.94,77.001
15941.31,77.000
15941.67,76.999
15942.04,76.999
15942.41,76.999
15942.77,76.998
15943.14,76.997
15943.50,76.997
15943.87,76.996
15944.24,76.996
15944.60,76.995
15944.97,76.995
15945.34,76.995
15945.70,76.994
15946.07,76.993
15946.43,76.993
15946.80,76.992
15947.17,76.992
15947.53,76.992
15947.90,76.991
15948.27,76.990
15948.63,76.989
15949.00,76.989
15949.36,76.989
15949.73,76.988
15950.10,76.988
15950.46,76.987
15950.83,76.987
15951.19,76.987
15951.56,76.986
15951.93,76.986
15952.29,76.986
15952.66,76.984
15953.03,76.984
15953.39,76.983
15953.76,76.983
15954.12,76.983
15954.49,76.982
15954.86,76.981
15955.22,76.981
15955.59,76.981
15955.96,76.981
15956.32,76.980
15956.69,76.980
15957.05,76.979
15957.42,76.978
15957.79,76.978
15958.15,76.977
15958.52,76.977
15958.89,76.976
15959.25,76.976
15959.62,76.976
15959.98,76.976
15960.35,76.975
15960.72,76.974
15961.08,76.974
15961.45,76.973
15961.82,76.973
15962.18,76.972
15962.55,76.972
15962.91,76.971
15963.28,76.971
15963.65,76.971
15964.01,76.970
15964.38,76.969
15964.74,76.969
15965.11,76.969
15965.48,76.968
15965.84,76.968
15966.21,76.967
15966.58,76.967
15966.94,76.966
15967.31,76.966
15967.67,76.965
15968.04,76.965
15968.41,76.965
15968.77,76.964
15969.14,76.963
15969.51,76.963
15969.87,76.963
15970.24,76.962
15970.60,76.962
15970.97,76.962
15971.34,76.961
15971.70,76.960
15972.07,76.960
15972.44,76.959
15972.80,76.959
15973.17,76.959
15973.53,76.959
15973.90,76.958
15974.27,76.958
15974.63,76.957
15975.00,76.957
15975.36,76.956
15975.73,76.956
15976.10,76.956
15976.46,76.954
15976.83,76.954
15977.20,76.953
15977.56,76.953
15977.93,76.953
15978.29,76.953
15978.66,76.952
15979.03,76.952
15979.39,76.951
15979.76,76.951
15980.13,76.951
15980.49,76.950
15980.86,76.950
15981.22,76.949
15981.59,76.948
15981.96,76.948
15982.32,76.948
15982.69,76.948
15983.06,76.947
15983.42,76.947
15983.79,76.946
15984.15,76.946
15984.52,76.945
15984.89,76.945
15985.25,76.945
15985.62,76.944
15985.98,76.944
15986.35,76.943
15986.72,76.943
15987.08,76.942
15987.45,76.942
15987.82,76.941
15988.18,76.941
15988.55,76.941
15988.91,76.941
15989.28,76.940
15989.65,76.940
15990.01,76.939
15990.38,76.939
15990.75,76.938
15991.11,76.938
15991.48,76.938
15991.84,76.937
15992.21,76.937
15992.58,76.936
15992.94,76.936
15993.31,76.935
15993.68,76.935
15994.04,76.934
15994.41,76.934
15994.77,76.934
15995.14,76.934
15995.51,76.934
15995.87,76.933
15996.24,76.933
15996.61,76.932
15996.97,76.931
15997.34,76.931
15997.70,76.930
15998.07,76.930
15998.44,76.930
15998.80,76.929
15999.17,76.929
15999.53,76.929
15999.90,76.928
16000.27,76.928
16000.63,76.927
16001.00,76.927
16001.37,76.927
16001.73,76.927
16002.10,76.926
16002.46,76.925
16002.83,76.925
16003.20,76.924
16003.56,76.924
16003.93,76.924
16004.30,76.924
16004.66,76.924
16005.03,76.922
16005.39,76.922
16005.76,76.922
16006.13,76.921
16006.49,76.921
16006.86,76.921
16007.23,76.921
16007.59,76.920
16007.96,76.919
16008.32,76.919
16008.69,76.919
16009.06,76.918
16009.42,76.918
16009.79,76.918
16010.15,76.917
16010.52,76.917
16010.89,76.917
16011.25,76.916
16011.62,76.916
16011.99,76.916
16012.35,76.915
16012.72,76.915
16013.08,76.914
16013.45,76.914
16013.82,76.913
16014.18,76.913
16014.55,76.913
16014.92,76.912
16015.28,76.912
16015.65,76.912
16016.01,76.911
16016.38,76.911
16016.75,76.911
16017.11,76.910
16017.48,76.910
16017.85,76.910
16018.21,76.909
16018.58,76.909
16018.94,76.909
16019.31,76.908
16019.68,76.907
16020.04,76.907
16020.41,76.907
16020.78,76.906
16021.14,76.906
16021.51,76.906
16021.87,76.905
16022.24,76.905
16022.61,76.905
16022.97,76.905
16023.34,76.904
16023.70,76.904
16024.07,76.904
16024.44,76.903
16024.80,76.903
16025.17,76.902
16025.54,76.902
16025.90,76.901
16026.27,76.901
16026.63,76.901
16027.00,76.900
16027.37,76.900
16027.73,76.899
16028.10,76.899
16028.47,76.899
16028.83,76.899
16029.20,76.898
16029.56,76.898
16029.93,76.898
16030.30,76.897
16030.66,76.897
16031.03,76.896
16031.40,76.896
16031.76,76.896
16032.13,76.895
16032.49,76.895
16032.86,76.895
16033.23,76.894
16033.59,76.894
16033.96,76.894
16034.32,76.893
16034.69,76.893
16035.06,76.892
16035.42,76.892
16035.79,76.892
16036.16,76.892
16036.52,76.892
16036.89,76.891
16037.25,76.891
16037.62,76.891
16037.99,76.889
16038.35,76.889
16038.72,76.889
16039.09,76.888
16039.45,76.888
16039.82,76.888
16040.18,76.888
16040.55,76.887
16040.92,76.887
16041.28,76.886
16041.65,76.886
16042.02,76.886
16042.38,76.886
16042.75,76.885
16043.11,76.885
16043.48,76.885
16043.85,76.884
16044.21,76.884
16044.58,76.883
16044.94,76.883
16045.31,76.882
16045.68,76.882
16046.04,76.882
16046.41,76.882
16046.78,76.882
16047.14,76.881
16047.51,76.881
16047.87,76.880
16048.24,76.880
16048.61,76.880
16048.97,76.879
16049.34,76.879
16049.71,76.879
16050.07,76.879
16050.44,76.878
16050.80,76.877
16051.17,76.877
16051.54,76.877
16051.90,76.876
16052.27,76.876
16052.64,76.876
16053.00,76.875
16053.37,76.875
16053.73,76.875
16054.10,76.875
16054.47,76.874
16054.83,76.874
16055.20,76.874
16055.57,76.874
16055.93,76.873
16056.30,76.873
16056.66,76.873
16057.03,76.872
16057.40,76.871
16057.76,76.871
16058.13,76.871
16058.49,76.871
16058.86,76.870
16059.23,76.870
16059.59,76.870
16059.96,76.870
16060.33,76.869
16060.69,76.868
16061.06,76.868
16061.42,76.868
16061.79,76.868
16062.16,76.867
16062.52,76.867
16062.89,76.867
16063.26,76.867
16063.62,76.866
16063.99,76.865
16064.35,76.865
16064.72,76.865
16065.09,76.864
16065.45,76.864
16065.82,76.864
16066.19,76.864
16066.55,76.863
16066.92,76.863
16067.28,76.862
16067.65,76.862
16068.02,76.862
16068.38,76.862
16068.75,76.862
16069.11,76.861
16069.48,76.861
16069.85,76.861
16070.21,76.860
16070.58,76.859
16070.95,76.859
16071.31,76.859
16071.68,76.859
16072.04,76.858
16072.41,76.858
16072.78,76.858
16073.14,76.857
16073.51,76.857
16073.88,76.857
16074.24,76.857
16074.61,76.856
16074.97,76.856
16075.34,76.856
16075.71,76.855
16076.07,76.855
16076.44,76.855
16076.81,76.855
16077.17,76.854
16077.54,76.853
16077.90,76.853
16078.27,76.853
16078.64,76.852
16079.00,76.852
16079.37,76.852
16079.73,76.852
16080.10,76.851
16080.47,76.851
16080.83,76.851
16081.20,76.851
16081.57,76.850
16081.93,76.850
16082.30,76.850
16082.66,76.849
16083.03,76.849
16083.40,76.849
16083.76,76.849
16084.13,76.847
16084.50,76.847
16084.86,76.847
16085.23,76.847
16085.59,76.846
16085.96,76.846
16086.33,76.846
16086.69,76.846
16087.06,76.845
16087.43,76.845
16087.79,76.845
16088.16,76.845
16088.52,76.844
16088.89,76.844
16089.26,76.843
16089.62,76.843
16089.99,76.843
16090.36,76.843
16090.72,76.842
16091.09,76.841
16091.45,76.841
16091.82,76.841
16092.19,76.840
16092.55,76.840
16092.92,76.840
16093.28,76.840
16093.65,76.840
16094.02,76.839
16094.38,76.839
16094.75,76.839
16095.12,76.838
16095.48,76.838
16095.85,76.838
16096.21,76.838
16096.58,76.837
16096.95,76.837
16097.31,76.836
16097.68,76.835
16098.05,76.835
16098.41,76.835
16098.78,76.835
16099.14,76.834
16099.51,76.834
16099.88,76.834
16100.24,76.834
16100.61,76.833
16100.98,76.833
16101.34,76.832
16101.71,76.832
16102.07,76.832
16102.44,76.832
16102.81,76.832
16103.17,76.831
16103.54,76.831
16103.90,76.830
16104.27,76.830
16104.64,76.829
16105.00,76.829
16105.37,76.829
16105.74,76.829
16106.10,76.829
16106.47,76.829
16106.83,76.828
16107.20,76.827
16107.57,76.827
16107.93,76.827
16108.30,76.827
16108.67,76.826
16109.03,76.826
16109.40,76.826
16109.76,76.826
16110.13,76.825
16110.50,76.825
16110.86,76.825
16111.23,76.824
16111.60,76.823
16111.96,76.823
16112.33,76.823
16112.69,76.822
16113.06,76.822
16113.43,76.822
16113.79,76.822
16114.16,76.822
16114.53,76.821
16114.89,76.821
16115.26,76.820
16115.62,76.820
16115.99,76.820
16116.36,76.820
16116.72,76.820
16117.09,76.819
16117.45,76.818
16117.82,76.818
16118.19,76.817
16118.55,76.817
16118.92,76.817
16119.29,76.817
16119.65,76.817
16120.02,76.816
16120.38,76.816
16120.75,76.816
16121.12,76.815
16121.48,76.815
16121.85,76.815
16122.22,76.815
16122.58,76.814
16122.95,76.814
16123.31,76.814
16123.68,76.813
16124.05,76.813
16124.41,76.812
16124.78,76.812
16125.15,76.812
16125.51,76.811
16125.88,76.811
16126.24,76.810
16126.61,76.810
16126.98,76.810
16127.34,76.809
16127.71,76.809
16128.07,76.809
16128.44,76.809
16128.81,76.808
16129.17,76.808
16129.54,76.808
16129.91,76.808
16130.27,76.807
16130.64,76.806
16131.00,76.806
16131.37,76.806
16131.74,76.805
16132.10,76.805
16132.47,76.805
16132.84,76.804
16133.20,76.804
16133.57,76.804
16133.93,76.803
16134.30,76.803
16134.67,76.803
16135.03,76.803
16135.40,76.803
16135.77,76.802
16136.13,76.802
16136.50,76.802
16136.86,76.801
16137.23,76.800
16137.60,76.800
16137.96,76.800
16138.33,76.799
16138.69,76.799
16139.06,76.799
16139.43,76.798
16139.79,76.798
16140.16,76.798
16140.53,76.797
16140.89,76.797
16141.26,76.797
16141.62,76.797
16141.99,76.797
16142.36,76.796
16142.72,76.796
16143.09,76.796
16143.46,76.795
16143.82,76.794
16144.19,76.794
16144.55,76.794
16144.92,76.794
16145.29,76.793
16145.65,76.793
16146.02,76.793
16146.39,76.793
16146.75,76.793
16147.12,76.792
16147.48,76.791
16147.85,76.791
16148.22,76.791
16148.58,76.791
16148.95,76.790
16149.32,76.790
16149.68,76.790
16150.05,76.789
16150.41,76.788
16150.78,76.788
16151.15,76.788
16151.51,76.787
16151.88,76.787
16152.24,76.787
16152.61,76.787
16152.98,76.786
16153.34,76.786
16153.71,76.786
16154.08,76.785
16154.44,76.785
16154.81,76.785
16155.17,76.784
16155.54,76.784
16155.91,76.784
16156.27,76.784
16156.64,76.783
16157.01,76.782
16157.37,76.782
16157.74,76.782
16158.10,76.781
16158.47,76.781
16158.84,76.780
16159.20,76.781
16159.57,76.780
16159.94,76.780
16160.30,76.779
16160.67,76.779
16161.03,76.779
16161.40,76.779
16161.77,76.778
16162.13,76.778
16162.50,76.778
16162.86,76.777
16163.23,76.776
16163.60,76.776
16163.96,76.776
16164.33,76.776
16164.70,76.775
16165.06,76.775
16165.43,76.775
16165.79,76.775
16166.16,76.774
16166.53,76.774
16166.89,76.773
16167.26,76.773
16167.63,76.773
16167.99,76.773
16168.36,76.772
16168.72,76.772
16169.09,76.771
16169.46,76.771
16169.82,76.770
16170.19,76.770
16170.56,76.769
16170.92,76.769
16171.29,76.769
16171.65,76.769
16172.02,76.769
16172.39,76.768
16172.75,76.767
16173.12,76.767
16173.48,76.767
16173.85,76.767
16174.22,76.766
16174.58,76.766
16174.95,76.766
16175.32,76.765
16175.68,76.764
16176.05,76.764
16176.41,76.764
16176.78,76.763
16177.15,76.763
16177.51,76.763
16177.88,76.762
16178.25,76.762
16178.61,76.762
16178.98,76.761
16179.34,76.761
16179.71,76.761
16180.08,76.760
16180.44,76.760
16180.81,76.760
16181.18,76.760
16181.54,76.759
16181.91,76.758
16182.27,76.758
16182.64,76.757
16183.01,76.757
16183.37,76.757
16183.74,76.757
16184.11,76.757
16184.47,76.756
16184.84,76.756
16185.20,76.755
16185.57,76.755
16185.94,76.755
16186.30,76.754
16186.67,76.754
16187.03,76.754
16187.40,76.753
16187.77,76.753
16188.13,76.752
16188.50,76.752
16188.87,76.751
16189.23,76.751
16189.60,76.751
16189.96,76.750
16190.33,76.750
16190.70,76.750
16191.06,76.750
16191.43,76.749
16191.80,76.749
16192.16,76.748
16192.53,76.748
16192.89,76.748
16193.26,76.747
16193.63,76.746
16193.99,76.746
16194.36,76.745
16194.73,76.745
16195.09,76.745
16195.46,76.745
16195.82,76.744
16196.19,76.744
16196.56,76.744
16196.92,76.744
16197.29,76.743
16197.65,76.743
16198.02,76.742
16198.39,76.742
16198.75,76.742
16199.12,76.741
16199.49,76.740
16199.85,76.740
16200.22,76.739
16200.58,76.739
16200.95,76.739
16201.32,76.739
16201.68,76.738
16202.05,76.737
16202.42,76.738
16202.78,76.737
16203.15,76.737
16203.51,76.736
16203.88,76.736
16204.25,76.735
16204.61,76.735
16204.98,76.734
16205.35,76.734
16205.71,76.733
16206.08,76.733
16206.44,76.733
16206.81,76.733
16207.18,76.732
16207.54,76.731
16207.91,76.732
16208.28,76.731
16208.64,76.731
16209.01,76.730
16209.37,76.730
16209.74,76.730
16210.11,76.729
16210.47,76.728
16210.84,76.728
16211.20,76.727
16211.57,76.727
16211.94,76.727
16212.30,76.727
16212.67,76.726
16213.04,76.726
16213.40,76.726
16213.77,76.725
16214.13,76.725
16214.50,76.724
16214.87,76.724
16215.23,76.724
16215.60,76.723
16215.97,76.722
16216.33,76.722
16216.70,76.722
16217.06,76.721
16217.43,76.721
16217.80,76.721
16218.16,76.720
16218.53,76.720
16218.90,76.719
16219.26,76.719
16219.63,76.719
16219.99,76.718
16220.36,76.718
16220.73,76.717
16221.09,76.717
16221.46,76.716
16221.82,76.716
16222.19,76.715
16222.56,76.715
16222.92,76.715
16223.29,76.714
16223.66,76.714
16224.02,76.713
16224.39,76.713
16224.75,76.713
16225.12,76.712
16225.49,76.712
16225.85,76.712
16226.22,76.710
16226.59,76.710
16226.95,76.710
16227.32,76.710
16227.68,76.709
16228.05,76.709
16228.42,76.709
16228.78,76.708
16229.15,76.707
16229.52,76.707
16229.88,76.707
16230.25,76.706
16230.61,76.706
16230.98,76.705
16231.35,76.705
16231.71,76.704
16232.08,76.704
16232.44,76.703
16232.81,76.703
16233.18,76.703
16233.54,76.702
16233.91,76.702
16234.28,76.702
16234.64,76.701
16235.01,76.700
16235.37,76.700
16235.74,76.700
16236.11,76.699
16236.47,76.699
16236.84,76.698
16237.21,76.697
16237.57,76.697
16237.94,76.697
16238.30,76.697
16238.67,76.696
16239.04,76.696
16239.40,76.695
16239.77,76.695
16240.14,76.694
16240.50,76.694
16240.87,76.694
16241.23,76.692
16241.60,76.692
16241.97,76.692
16242.33,76.691
16242.70,76.691
16243.07,76.691
16243.43,76.690
16243.80,76.690
16244.16,76.689
16244.53,76.689
16244.90,76.688
16245.26,76.688
16245.63,76.688
16245.99,76.687
16246.36,76.686
16246.73,76.686
16247.09,76.686
16247.46,76.685
16247.83,76.685
16248.19,76.684
16248.56,76.683
16248.92,76.683
16249.29,76.683
16249.66,76.682
16250.02,76.681
16250.39,76.681
16250.76,76.681
16251.12,76.680
16251.49,76.680
16251.85,76.679
16252.22,76.679
16252.59,76.678
16252.95,76.678
16253.32,76.678
16253.69,76.678
16254.05,76.677
16254.42,76.676
16254.78,76.675
16255.15,76.675
16255.52,76.674
16255.88,76.674
16256.25,76.674
16256.61,76.674
16256.98,76.672
16257.35,76.673
16257.71,76.672
16258.08,76.671
16258.45,76.671
16258.81,76.671
16259.18,76.670
16259.54,76.669
16259.91,76.669
16260.28,76.668
16260.64,76.668
16261.01,76.668
16261.38,76.667
16261.74,76.666
16262.11,76.666
16262.47,76.666
16262.84,76.665
16263.21,76.665
16263.57,76.664
16263.94,76.664
16264.31,76.663
16264.67,76.662
16265.04,76.662
16265.40,76.661
16265.77,76.661
16266.14,76.661
16266.50,76.660
16266.87,76.660
16267.23,76.660
16267.60,76.659
16267.97,76.658
16268.33,76.658
16268.70,76.657
16269.07,76.656
16269.43,76.656
16269.80,76.656
16270.16,76.655
16270.53,76.655
16270.90,76.654
16271.26,76.654
16271.63,76.653
16272.00,76.653
16272.36,76.653
16272.73,76.651
16273.09,76.651
16273.46,76.650
16273.83,76.650
16274.19,76.649
16274.56,76.649
16274.93,76.648
16275.29,76.648
16275.66,76.648
16276.02,76.647
16276.39,76.646
16276.76,76.646
16277.12,76.645
16277.49,76.645
16277.86,76.644
16278.22,76.643
16278.59,76.644
16278.95,76.643
16279.32,76.642
16279.69,76.642
16280.05,76.641
16280.42,76.641
16280.78,76.640
16281.15,76.639
16281.52,76.639
16281.88,76.638
16282.25,76.638
16282.62,76.637
16282.98,76.637
16283.35,76.636
16283.71,76.636
16284.08,76.636
16284.45,76.635
16284.81,76.635
16285.18,76.633
16285.55,76.633
16285.91,76.632
16286.28,76.632
16286.64,76.632
16287.01,76.631
16287.38,76.630
16287.74,76.630
16288.11,76.630
16288.48,76.629
16288.84,76.629
16289.21,76.627
16289.57,76.627
16289.94,76.626
16290.31,76.626
16290.67,76.626
16291.04,76.625
16291.40,76.624
16291.77,76.624
16292.14,76.623
16292.50,76.623
16292.87,76.622
16293.24,76.622
16293.60,76.621
16293.97,76.620
16294.33,76.620
16294.70,76.619
16295.07,76.619
16295.43,76.618
16295.80,76.618
16296.17,76.618
16296.53,76.617
16296.90,76.616
16297.26,76.615
16297.63,76.615
16298.00,76.614
16298.36,76.614
16298.73,76.613
16299.10,76.613
16299.46,76.612
16299.83,76.612
16300.19,76.611
16300.56,76.611
16300.93,76.610
16301.29,76.609
16301.66,76.609
16302.03,76.608
16302.39,76.608
16302.76,76.607
16303.12,76.606
16303.49,76.606
16303.86,76.606
16304.22,76.605
16304.59,76.605
16304.95,76.603
16305.32,76.603
16305.69,76.602
16306.05,76.601
16306.42,76.602
16306.79,76.600
16307.15,76.601
16307.52,76.600
16307.88,76.599
16308.25,76.599
16308.62,76.597
16308.98,76.597
16309.35,76.596
16309.72,76.596
16310.08,76.596
16310.45,76.595
16310.81,76.594
16311.18,76.594
16311.55,76.593
16311.91,76.593
16312.28,76.591
16312.65,76.591
16313.01,76.590
16313.38,76.590
16313.74,76.589
16314.11,76.588
16314.48,76.588
16314.84,76.588
16315.21,76.587
16315.57,76.587
16315.94,76.585
16316.31,76.585
16316.67,76.584
16317.04,76.584
16317.41,76.584
16317.77,76.583
16318.14,76.582
16318.50,76.582
16318.87,76.581
16319.24,76.580
16319.60,76.580
16319.97,76.579
16320.34,76.579
16320.70,76.578
16321.07,76.577
16321.43,76.576
16321.80,76.576
16322.17,76.576
16322.53,76.575
16322.90,76.574
16323.27,76.573
16323.63,76.573
16324.00,76.572
16324.36,76.572
16324.73,76.571
16325.10,76.571
16325.46,76.570
16325.83,76.569
16326.19,76.569
16326.56,76.568
16326.93,76.567
16327.29,76.567
16327.66,76.566
16328.03,76.565
16328.39,76.565
16328.76,76.564
16329.12,76.564
16329.49,76.562
16329.86,76.562
16330.22,76.561
16330.59,76.560
16330.96,76.560
16331.32,76.559
16331.69,76.559
16332.05,76.558
16332.42,76.558
16332.79,76.557
16333.15,76.556
16333.52,76.555
16333.89,76.555
16334.25,76.554
16334.62,76.553
16334.98,76.553
16335.35,76.553
16335.72,76.552
16336.08,76.551
16336.45,76.550
16336.82,76.550
16337.18,76.549
16337.55,76.548
16337.91,76.547
16338.28,76.547
16338.65,76.547
16339.01,76.546
16339.38,76.545
16339.74,76.544
16340.11,76.544
16340.48,76.543
16340.84,76.543
16341.21,76.542
16341.58,76.541
16341.94,76.540
16342.31,76.540
16342.67,76.539
16343.04,76.538
16343.41,76.538
16343.77,76.537
16344.14,76.536
16344.51,76.535
16344.87,76.535
16345.24,76.535
16345.60,76.534
16345.97,76.533
16346.34,76.532
16346.70,76.532
16347.07,76.531
16347.44,76.531
16347.80,76.529
16348.17,76.529
16348.53,76.529
16348.90,76.528
16349.27,76.527
16349.63,76.526
16350.00,76.525
16350.36,76.525
16350.73,76.525
16351.10,76.524
16351.46,76.523
16351.83,76.522
16352.20,76.521
16352.56,76.520
16352.93,76.520
16353.29,76.519
16353.66,76.519
16354.03,76.518
16354.39,76.517
16354.76,76.517
16355.13,76.516
16355.49,76.515
16355.86,76.514
16356.22,76.513
16356.59,76.513
16356.96,76.512
16357.32,76.511
16357.69,76.511
16358.06,76.510
16358.42,76.510
16358.79,76.508
16359.15,76.508
16359.52,76.507
16359.89,76.507
16360.25,76.505
16360.62,76.505
16360.98,76.504
16361.35,76.504
16361.72,76.503
16362.08,76.502
16362.45,76.501
16362.82,76.501
16363.18,76.500
16363.55,76.499
16363.91,76.499
16364.28,76.498
16364.65,76.497
16365.01,76.496
16365.38,76.496
16365.75,76.495
16366.11,76.494
16366.48,76.493
16366.84,76.493
16367.21,76.492
16367.58,76.491
16367.94,76.490
16368.31,76.490
16368.68,76.489
16369.04,76.488
16369.41,76.488
16369.77,76.487
16370.14,76.486
16370.51,76.485
16370.87,76.484
16371.24,76.484
16371.61,76.483
16371.97,76.483
16372.34,76.482
16372.70,76.481
16373.07,76.480
16373.44,76.480
16373.80,76.478
16374.17,76.478
16374.53,76.477
16374.90,76.476
16375.27,76.476
16375.63,76.475
16376.00,76.474
16376.37,76.473
16376.73,76.472
16377.10,76.471
16377.46,76.471
16377.83,76.470
16378.20,76.469
16378.56,76.469
16378.93,76.468
16379.30,76.467
16379.66,76.466
16380.03,76.466
16380.39,76.465
16380.76,76.464
16381.13,76.463
16381.49,76.463
16381.86,76.462
16382.23,76.461
16382.59,76.460
16382.96,76.459
16383.32,76.459
16383.69,76.457
16384.06,76.457
16384.42,76.456
16384.79,76.456
16385.15,76.454
16385.52,76.454
16385.89,76.453
16386.25,76.453
16386.62,76.452
16386.99,76.451
16387.35,76.450
16387.72,76.449
16388.08,76.448
16388.45,76.447
16388.82,76.447
16389.18,76.446
16389.55,76.445
16389.92,76.444
16390.28,76.444
16390.65,76.442
16391.01,76.441
16391.38,76.441
16391.75,76.440
16392.11,76.439
16392.48,76.439
16392.85,76.438
16393.21,76.437
16393.58,76.436
16393.94,76.435
16394.31,76.434
16394.68,76.433
16395.04,76.433
16395.41,76.432
16395.78,76.431
16396.14,76.430
16396.51,76.430
16396.87,76.429
16397.24,76.428
16397.61,76.428
16397.97,76.426
16398.34,76.425
16398.70,76.424
16399.07,76.424
16399.44,76.423
16399.80,76.422
16400.17,76.422
16400.54,76.421
16400.90,76.420
16401.27,76.418
16401.63,76.418
16402.00,76.417
16402.37,76.416
16402.73,76.416
16403.10,76.415
16403.47,76.414
16403.83,76.413
16404.20,76.412
16404.56,76.411
16404.93,76.410
16405.30,76.410
16405.66,76.409
16406.03,76.408
16406.40,76.407
16406.76,76.406
16407.13,76.405
16407.49,76.404
16407.86,76.404
16408.23,76.403
16408.59,76.402
16408.96,76.401
16409.32,76.400
16409.69,76.399
16410.06,76.398
16410.42,76.398
16410.79,76.397
16411.16,76.395
16411.52,76.395
16411.89,76.394
16412.25,76.394
16412.62,76.392
16412.99,76.392
16413.35,76.391
16413.72,76.389
16414.09,76.389
16414.45,76.388
16414.82,76.388
16415.18,76.386
16415.55,76.386
16415.92,76.385
16416.28,76.384
16416.65,76.383
16417.02,76.381
16417.38,76.381
16417.75,76.380
16418.11,76.380
16418.48,76.379
16418.85,76.377
16419.21,76.376
16419.58,76.375
16419.94,76.375
16420.31,76.374
16420.68,76.373
16421.04,76.372
16421.41,76.371
16421.78,76.370
16422.14,76.370
16422.51,76.368
16422.87,76.368
16423.24,76.367
16423.61,76.365
16423.97,76.365
16424.34,76.364
16424.71,76.364
16425.07,76.362
16425.44,76.362
16425.80,76.361
16426.17,76.359
16426.54,76.358
16426.90,76.357
16427.27,76.357
16427.64,76.356
16428.00,76.355
16428.37,76.354
16428.73,76.353
16429.10,76.352
16429.47,76.351
16429.83,76.350
16430.20,76.350
16430.57,76.349
16430.93,76.347
16431.30,76.346
16431.66,76.346
16432.03,76.344
16432.40,76.344
16432.76,76.343
16433.13,76.342
16433.49,76.341
16433.86,76.340
16434.23,76.340
16434.59,76.338
16434.96,76.338
16435.33,76.337
16435.69,76.335
16436.06,76.335
16436.42,76.334
16436.79,76.332
16437.16,76.332
16437.52,76.331
16437.89,76.329
16438.26,76.329
16438.62,76.328
16438.99,76.327
16439.35,76.326
16439.72,76.325
16440.09,76.325
16440.45,76.323
16440.82,76.323
16441.19,76.322
16441.55,76.320
16441.92,76.320
16442.28,76.319
16442.65,76.317
16443.02,76.316
16443.38,76.316
16443.75,76.315
16444.11,76.314
16444.48,76.313
16444.85,76.311
16445.21,76.311
16445.58,76.309
16445.95,76.309
16446.31,76.308
16446.68,76.306
16447.04,76.306
16447.41,76.305
16447.78,76.304
16448.14,76.303
16448.51,76.302
16448.88,76.301
16449.24,76.300
16449.61,76.299
16449.97,76.298
16450.34,76.297
16450.71,76.296
16451.07,76.295
16451.44,76.294
16451.81,76.293
16452.17,76.292
16452.54,76.291
16452.90,76.290
16453.27,76.290
16453.64,76.288
16454.00,76.287
16454.37,76.286
16454.74,76.285
16455.10,76.285
16455.47,76.283
16455.83,76.282
16456.20,76.281
16456.57,76.280
16456.93,76.280
16457.30,76.278
16457.66,76.278
16458.03,76.276
16458.40,76.275
16458.76,76.274
16459.13,76.273
16459.50,76.273
16459.86,76.271
16460.23,76.270
16460.59,76.269
16460.96,76.268
16461.33,76.267
16461.69,76.266
16462.06,76.265
16462.43,76.264
16462.79,76.263
16463.16,76.262
16463.52,76.261
16463.89,76.260
16464.26,76.259
16464.62,76.258
16464.99,76.257
16465.36,76.256
16465.72,76.255
16466.09,76.254
16466.45,76.252
16466.82,76.251
16467.19,76.251
16467.55,76.249
16467.92,76.249
16468.28,76.248
16468.65,76.246
16469.02,76.245
16469.38,76.244
16469.75,76.243
16470.12,76.243
16470.48,76.241
16470.85,76.240
16471.21,76.239
16471.58,76.238
16471.95,76.237
16472.31,76.236
16472.68,76.235
16473.05,76.234
16473.41,76.233
16473.78,76.232
16474.14,76.231
16474.51,76.230
16474.88,76.228
16475.24,76.227
16475.61,76.226
16475.98,76.226
16476.34,76.224
16476.71,76.224
16477.07,76.222
16477.44,76.221
16477.81,76.220
16478.17,76.219
16478.54,76.218
16478.90,76.217
16479.27,76.215
16479.64,76.215
16480.00,76.214
16480.37,76.213
16480.74,76.212
16481.10,76.210
16481.47,76.209
16481.83,76.209
16482.20,76.207
16482.57,76.206
16482.93,76.205
16483.30,76.204
16483.67,76.203
16484.03,76.201
16484.40,76.201
16484.76,76.200
16485.13,76.198
16485.50,76.197
16485.86,76.197
16486.23,76.195
16486.60,76.194
16486.96,76.193
16487.33,76.191
16487.69,76.191
16488.06,76.190
16488.43,76.189
16488.79,76.187
16489.16,76.186
16489.53,76.185
16489.89,76.184
16490.26,76.183
16490.62,76.181
16490.99,76.180
16491.36,76.180
16491.72,76.178
16492.09,76.177
16492.45,76.176
16492.82,76.175
16493.19,76.174
16493.55,76.173
16493.92,76.172
16494.29,76.171
16494.65,76.169
16495.02,76.168
16495.38,76.167
16495.75,76.166
16496.12,76.165
16496.48,76.164
16496.85,76.162
16497.22,76.161
16497.58,76.160
16497.95,76.160
16498.31,76.158
16498.68,76.156
16499.05,76.156
16499.41,76.154
16499.78,76.153
16500.15,76.153
16500.51,76.151
16500.88,76.150
16501.24,76.149
16501.61,76.148
16501.98,76.147
16502.34,76.145
16502.71,76.144
16503.07,76.143
16503.44,76.142
16503.81,76.141
16504.17,76.139
16504.54,76.138
16504.91,76.138
16505.27,76.136
16505.64,76.135
16506.00,76.134
16506.37,76.132
16506.74,76.131
16507.10,76.130
16507.47,76.129
16507.84,76.128
16508.20,76.127
16508.57,76.126
16508.93,76.125
16509.30,76.124
16509.67,76.122
16510.03,76.121
16510.40,76.119
16510.77,76.118
16511.13,76.118
16511.50,76.116
16511.86,76.115
16512.23,76.114
16512.60,76.113
16512.96,76.112
16513.33,76.111
16513.69,76.109
16514.06,76.108
16514.43,76.107
16514.79,76.106
16515.16,76.104
16515.53,76.103
16515.89,76.102
16516.26,76.101
16516.62,76.100
16516.99,76.099
16517.36,76.097
16517.72,76.096
16518.09,76.094
16518.46,76.094
16518.82,76.093
16519.19,76.091
16519.55,76.090
16519.92,76.089
16520.29,76.088
16520.65,76.086
16521.02,76.085
16521.39,76.084
16521.75,76.082
16522.12,76.081
16522.48,76.081
16522.85,76.079
16523.22,76.078
16523.58,76.077
16523.95,76.076
16524.32,76.074
16524.68,76.073
16525.05,76.072
16525.41,76.070
16525.78,76.069
16526.15,76.068
16526.51,76.067
16526.88,76.066
16527.24,76.064
16527.61,76.063
16527.98,76.062
16528.34,76.061
16528.71,76.059
16529.08,76.058
16529.44,76.057
16529.81,76.055
16530.17,76.054
16530.54,76.053
16530.91,76.052
16531.27,76.050
16531.64,76.049
16532.01,76.048
16532.37,76.047
16532.74,76.046
16533.10,76.044
16533.47,76.043
16533.84,76.042
16534.20,76.040
16534.57,76.040
16534.94,76.038
16535.30,76.036
16535.67,76.035
16536.03,76.034
16536.40,76.033
16536.77,76.031
16537.13,76.031
16537.50,76.029
16537.86,76.028
16538.23,76.026
16538.60,76.025
16538.96,76.024
16539.33,76.023
16539.70,76.022
16540.06,76.020
16540.43,76.019
16540.79,76.017
16541.16,76.017
16541.53,76.015
16541.89,76.013
16542.26,76.013
16542.63,76.012
16542.99,76.010
16543.36,76.008
16543.72,76.007
16544.09,76.006
16544.46,76.005
16544.82,76.004
16545.19,76.002
16545.56,76.000
16545.92,75.999
16546.29,75.999
16546.65,75.997
16547.02,75.995
16547.39,75.994
16547.75,75.993
16548.12,75.992
16548.49,75.990
16548.85,75.989
16549.22,75.988
16549.58,75.987
16549.95,75.986
16550.32,75.984
16550.68,75.982
16551.05,75.981
16551.41,75.980
16551.78,75.978
16552.15,75.977
16552.51,75.976
16552.88,75.975
16553.25,75.973
16553.61,75.972
16553.98,75.971
16554.34,75.970
16554.71,75.968
16555.08,75.966
16555.44,75.965
16555.81,75.964
16556.18,75.963
16556.54,75.962
16556.91,75.960
16557.27,75.959
16557.64,75.957
16558.01,75.956
16558.37,75.954
16558.74,75.953
16559.11,75.952
16559.47,75.951
16559.84,75.949
16560.20,75.947
16560.57,75.947
16560.94,75.946
16561.30,75.944
16561.67,75.942
16562.03,75.941
16562.40,75.940
16562.77,75.939
16563.13,75.937
16563.50,75.936
16563.87,75.934
16564.23,75.933
16564.60,75.931
16564.96,75.930
16565.33,75.928
16565.70,75.928
16566.06,75.926
16566.43,75.925
16566.80,75.923
16567.16,75.922
16567.53,75.921
16567.89,75.919
16568.26,75.918
16568.63,75.916
16568.99,75.915
16569.36,75.914
16569.73,75.912
16570.09,75.911
16570.46,75.910
16570.82,75.908
16571.19,75.906
16571.56,75.905
16571.92,75.904
16572.29,75.903
16572.65,75.901
16573.02,75.900
16573.39,75.898
16573.75,75.897
16574.12,75.895
16574.49,75.894
16574.85,75.893
16575.22,75.892
16575.58,75.890
16575.95,75.888
16576.32,75.888
16576.68,75.886
16577.05,75.885
16577.42,75.883
16577.78,75.882
16578.15,75.880
16578.51,75.879
16578.88,75.877
16579.25,75.876
16579.61,75.875
16579.98,75.873
16580.35,75.871
16580.71,75.870
16581.08,75.869
16581.44,75.868
16581.81,75.866
16582.18,75.864
16582.54,75.863
16582.91,75.862
16583.28,75.861
16583.64,75.859
16584.01,75.857
16584.37,75.856
16584.74,75.855
16585.11,75.853
16585.47,75.851
16585.84,75.850
16586.20,75.849
16586.57,75.847
16586.94,75.846
16587.30,75.844
16587.67,75.843
16588.04,75.841
16588.40,75.840
16588.77,75.838
16589.13,75.837
16589.50,75.836
16589.87,75.834
16590.23,75.833
16590.60,75.832
16590.97,75.830
16591.33,75.828
16591.70,75.827
16592.06,75.826
16592.43,75.824
16592.80,75.822
16593.16,75.821
16593.53,75.820
16593.90,75.819
16594.26,75.817
16594.63,75.816
16594.99,75.814
16595.36,75.812
16595.73,75.811
16596.09,75.809
16596.46,75.808
16596.82,75.806
16597.19,75.805
16597.56,75.803
16597.92,75.802
16598.29,75.800
16598.66,75.799
16599.02,75.797
16599.39,75.796
16599.75,75.794
16600.12,75.793
16600.49,75.791
16600.85,75.790
16601.22,75.788
16601.59,75.787
16601.95,75.785
16602.32,75.784
16602.68,75.782
16603.05,75.781
16603.42,75.779
16603.78,75.778
16604.15,75.776
16604.52,75.775
16604.88,75.773
16605.25,75.772
16605.61,75.770
16605.98,75.769
16606.35,75.767
16606.71,75.766
16607.08,75.764
16607.44,75.763
16607.81,75.761
16608.18,75.760
16608.54,75.758
16608.91,75.757
16609.28,75.755
16609.64,75.754
16610.01,75.752
16610.37,75.751
16610.74,75.749
16611.11,75.748
16611.47,75.746
16611.84,75.745
16612.21,75.743
16612.57,75.742
16612.94,75.740
16613.30,75.738
16613.67,75.737
16614.04,75.736
16614.40,75.734
16614.77,75.732
16615.14,75.731
16615.50,75.730
16615.87,75.728
16616.23,75.726
16616.60,75.725
16616.97,75.724
16617.33,75.722
16617.70,75.720
16618.07,75.719
16618.43,75.717
16618.80,75.715
16619.16,75.714
16619.53,75.712
16619.90,75.710
16620.26,75.709
16620.63,75.708
16620.99,75.706
16621.36,75.704
16621.73,75.703
16622.09,75.702
16622.46,75.700
16622.83,75.698
16623.19,75.697
16623.56,75.695
16623.92,75.694
16624.29,75.692
16624.66,75.691
16625.02,75.689
16625.39,75.688
16625.76,75.685
16626.12,75.684
16626.49,75.683
16626.85,75.680
16627.22,75.679
16627.59,75.677
16627.95,75.676
16628.32,75.674
16628.69,75.673
16629.05,75.671
16629.42,75.670
16629.78,75.668
16630.15,75.666
16630.52,75.665
16630.88,75.663
16631.25,75.662
16631.61,75.660
16631.98,75.659
16632.35,75.657
16632.71,75.656
16633.08,75.654
16633.45,75.652
16633.81,75.650
16634.18,75.649
16634.54,75.648
16634.91,75.646
16635.28,75.644
16635.64,75.642
16636.01,75.641
16636.38,75.639
16636.74,75.637
16637.11,75.636
16637.47,75.635
16637.84,75.632
16638.21,75.631
16638.57,75.630
16638.94,75.628
16639.31,75.626
16639.67,75.625
16640.04,75.623
16640.40,75.621
16640.77,75.620
16641.14,75.618
16641.50,75.617
16641.87,75.615
16642.24,75.613
16642.60,75.612
16642.97,75.610
16643.33,75.608
16643.70,75.606
16644.07,75.605
16644.43,75.603
16644.80,75.602
16645.16,75.600
16645.53,75.599
16645.90,75.597
16646.26,75.595
16646.63,75.594
16647.00,75.591
16647.36,75.590
16647.73,75.588
16648.09,75.587
16648.46,75.585
16648.83,75.584
16649.19,75.582
16649.56,75.581
16649.93,75.578
16650.29,75.577
16650.66,75.575
16651.02,75.573
16651.39,75.572
16651.76,75.570
16652.12,75.569
16652.49,75.567
16652.86,75.565
16653.22,75.563
16653.59,75.561
16653.95,75.560
16654.32,75.558
16654.69,75.556
16655.05,75.555
16655.42,75.553
16655.78,75.552
16656.15,75.549
16656.52,75.548
16656.88,75.547
16657.25,75.545
16657.62,75.543
16657.98,75.541
16658.35,75.540
16658.71,75.538
16659.08,75.536
16659.45,75.535
16659.81,75.533
16660.18,75.531
16660.55,75.529
16660.91,75.528
16661.28,75.526
16661.64,75.524
16662.01,75.522
16662.38,75.521
16662.74,75.519
16663.11,75.517
16663.48,75.516
16663.84,75.514
16664.21,75.513
16664.57,75.511
16664.94,75.509
16665.31,75.507
16665.67,75.505
16666.04,75.504
16666.40,75.502
16666.77,75.500
16667.14,75.499
16667.50,75.497
16667.87,75.495
16668.24,75.493
16668.60,75.492
16668.97,75.490
16669.33,75.489
16669.70,75.487
16670.07,75.485
16670.43,75.483
16670.80,75.481
16671.17,75.480
16671.53,75.478
16671.90,75.476
16672.26,75.474
16672.63,75.472
16673.00,75.470
16673.36,75.469
16673.73,75.468
16674.10,75.465
16674.46,75.464
16674.83,75.462
16675.19,75.460
16675.56,75.459
16675.93,75.457
16676.29,75.455
16676.66,75.453
16677.03,75.451
16677.39,75.450
16677.76,75.448
16678.12,75.447
16678.49,75.444
16678.86,75.442
16679.22,75.441
16679.59,75.439
16679.95,75.438
16680.32,75.435
16680.69,75.434
16681.05,75.432
16681.42,75.430
16681.79,75.428
16682.15,75.427
16682.52,75.424
16682.88,75.423
16683.25,75.421
16683.62,75.419
16683.98,75.418
16684.35,75.416
16684.72,75.414
16685.08,75.412
16685.45,75.410
16685.81,75.409
16686.18,75.406
16686.55,75.405
16686.91,75.404
16687.28,75.401
16687.65,75.400
16688.01,75.397
16688.38,75.396
16688.74,75.394
16689.11,75.392
16689.48,75.391
16689.84,75.388
16690.21,75.387
16690.57,75.385
16690.94,75.383
16691.31,75.381
16691.67,75.380
16692.04,75.378
16692.41,75.376
16692.77,75.374
16693.14,75.372
16693.50,75.370
16693.87,75.369
16694.24,75.367
16694.60,75.365
16694.97,75.363
16695.34,75.362
16695.70,75.359
16696.07,75.358
16696.43,75.356
16696.80,75.354
16697.17,75.352
16697.53,75.350
16697.90,75.349
16698.27,75.347
16698.63,75.345
16699.00,75.343
16699.36,75.341
16699.73,75.339
16700.10,75.338
16700.46,75.335
16700.83,75.334
16701.19,75.332
16701.56,75.330
16701.93,75.328
16702.29,75.326
16702.66,75.325
16703.03,75.323
16703.39,75.321
16703.76,75.319
16704.12,75.317
16704.49,75.315
16704.86,75.314
16705.22,75.311
16705.59,75.310
16705.96,75.308
16706.32,75.306
16706.69,75.304
16707.05,75.303
16707.42,75.300
16707.79,75.299
16708.15,75.297
16708.52,75.295
16708.89,75.292
16709.25,75.291
16709.62,75.289
16709.98,75.287
16710.35,75.285
16710.72,75.284
16711.08,75.281
16711.45,75.280
16711.82,75.278
16712.18,75.275
16712.55,75.274
16712.91,75.272
16713.28,75.270
16713.65,75.268
16714.01,75.267
16714.38,75.264
16714.74,75.263
16715.11,75.261
16715.48,75.259
16715.84,75.257
16716.21,75.255
16716.58,75.253
16716.94,75.251
16717.31,75.249
16717.67,75.247
16718.04,75.245
16718.41,75.243
16718.77,75.242
16719.14,75.239
16719.51,75.238
16719.87,75.236
16720.24,75.233
16720.60,75.232
16720.97,75.230
16721.34,75.228
16721.70,75.226
16722.07,75.224
16722.44,75.222
16722.80,75.221
16723.17,75.219
16723.53,75.216
16723.90,75.215
16724.27,75.213
16724.63,75.210
16725.00,75.209
16725.36,75.207
16725.73,75.204
16726.10,75.203
16726.46,75.201
16726.83,75.199
16727.20,75.197
16727.56,75.195
16727.93,75.194
16728.29,75.191
16728.66,75.189
16729.03,75.188
16729.39,75.185
16729.76,75.183
16730.13,75.181
16730.49,75.180
16730.86,75.178
16731.22,75.175
16731.59,75.173
16731.96,75.172
16732.32,75.169
16732.69,75.167
16733.06,75.166
16733.42,75.163
16733.79,75.162
16734.15,75.160
16734.52,75.158
16734.89,75.155
16735.25,75.154
16735.62,75.152
16735.99,75.150
16736.35,75.148
16736.72,75.146
16737.08,75.144
16737.45,75.142
16737.82,75.140
16738.18,75.138
16738.55,75.136
16738.91,75.134
16739.28,75.132
16739.65,75.130
16740.01,75.128
16740.38,75.126
16740.75,75.125
16741.11,75.122
16741.48,75.120
16741.84,75.118
16742.21,75.116
16742.58,75.114
16742.94,75.112
16743.31,75.110
16743.68,75.108
16744.04,75.106
16744.41,75.105
16744.77,75.102
16745.14,75.100
16745.51,75.098
16745.87,75.096
16746.24,75.094
16746.61,75.092
16746.97,75.090
16747.34,75.088
16747.70,75.086
16748.07,75.084
16748.44,75.082
16748.80,75.080
16749.17,75.078
16749.53,75.076
16749.90,75.074
16750.27,75.072
16750.63,75.070
16751.00,75.067
16751.37,75.066
16751.73,75.064
16752.10,75.061
16752.46,75.059
16752.83,75.058
16753.20,75.055
16753.56,75.053
16753.93,75.051
16754.30,75.049
16754.66,75.047
16755.03,75.046
16755.39,75.043
16755.76,75.041
16756.13,75.040
16756.49,75.037
16756.86,75.035
16757.23,75.033
16757.59,75.031
16757.96,75.029
16758.32,75.027
16758.69,75.024
16759.06,75.022
16759.42,75.021
16759.79,75.019
16760.15,75.017
16760.52,75.014
16760.89,75.012
16761.25,75.011
16761.62,75.008
16761.99,75.006
16762.35,75.004
16762.72,75.002
16763.08,74.999
16763.45,74.998
16763.82,74.996
16764.18,74.993
16764.55,74.992
16764.92,74.989
16765.28,74.987
16765.65,74.986
16766.01,74.983
16766.38,74.981
16766.75,74.979
16767.11,74.977
16767.48,74.975
16767.85,74.973
16768.21,74.971
16768.58,74.969
16768.94,74.966
16769.31,74.965
16769.68,74.962
16770.04,74.960
16770.41,74.959
16770.78,74.956
16771.14,74.954
16771.51,74.952
16771.87,74.950
16772.24,74.948
16772.61,74.946
16772.97,74.943
16773.34,74.941
16773.70,74.940
16774.07,74.937
16774.44,74.935
16774.80,74.933
16775.17,74.930
16775.54,74.928
16775.90,74.927
16776.27,74.924
16776.63,74.922
16777.00,74.921
16777.37,74.918
16777.73,74.916
16778.10,74.913
16778.47,74.912
16778.83,74.910
16779.20,74.907
16779.56,74.905
16779.93,74.903
16780.30,74.900
16780.66,74.899
16781.03,74.897
16781.40,74.894
16781.76,74.892
16782.13,74.891
16782.49,74.888
16782.86,74.886
16783.23,74.884
16783.59,74.882
16783.96,74.880
16784.32,74.877
16784.69,74.875
16785.06,74.873
16785.42,74.870
16785.79,74.868
16786.16,74.867
16786.52,74.864
16786.89,74.862
16787.25,74.860
16787.62,74.858
16787.99,74.856
16788.35,74.853
16788.72,74.851
16789.09,74.850
16789.45,74.847
16789.82,74.845
16790.18,74.843
16790.55,74.840
16790.92,74.838
16791.28,74.837
16791.65,74.834
16792.02,74.832
16792.38,74.830
16792.75,74.828
16793.11,74.826
16793.48,74.823
16793.85,74.821
16794.21,74.819
16794.58,74.817
16794.94,74.815
16795.31,74.812
16795.68,74.810
16796.04,74.808
16796.41,74.806
16796.78,74.803
16797.14,74.801
16797.51,74.799
16797.87,74.797
16798.24,74.794
16798.61,74.792
16798.97,74.790
16799.34,74.788
16799.71,74.785
16800.07,74.784
16800.44,74.781
16800.80,74.779
16801.17,74.777
16801.54,74.775
16801.90,74.773
16802.27,74.770
16802.64,74.768
16803.00,74.766
16803.37,74.764
16803.73,74.761
16804.10,74.760
16804.47,74.757
16804.83,74.755
16805.20,74.752
16805.57,74.750
16805.93,74.748
16806.30,74.746
16806.66,74.743
16807.03,74.742
16807.40,74.739
16807.76,74.737
16808.13,74.735
16808.49,74.733
16808.86,74.730
16809.23,74.728
16809.59,74.725
16809.96,74.724
16810.33,74.721
16810.69,74.719
16811.06,74.717
16811.42,74.715
16811.79,74.713
16812.16,74.710
16812.52,74.707
16812.89,74.706
16813.26,74.703
16813.62,74.701
16813.99,74.699
16814.35,74.697
16814.72,74.695
16815.09,74.692
16815.45,74.690
16815.82,74.688
16816.19,74.685
16816.55,74.683
16816.92,74.681
16817.28,74.678
16817.65,74.676
16818.02,74.674
16818.38,74.672
16818.75,74.669
16819.11,74.667
16819.48,74.665
16819.85,74.662
16820.21,74.660
16820.58,74.658
16820.95,74.655
16821.31,74.654
16821.68,74.651
16822.04,74.649
16822.41,74.647
16822.78,74.644
16823.14,74.642
16823.51,74.640
16823.88,74.637
16824.24,74.635
16824.61,74.633
16824.97,74.631
16825.34,74.629
16825.71,74.626
16826.07,74.624
16826.44,74.621
16826.81,74.619
16827.17,74.617
16827.54,74.614
16827.90,74.612
16828.27,74.610
16828.64,74.608
16829.00,74.606
16829.37,74.603
16829.74,74.600
16830.10,74.599
16830.47,74.596
16830.83,74.594
16831.20,74.591
16831.57,74.589
16831.93,74.587
16832.30,74.585
16832.66,74.582
16833.03,74.580
16833.40,74.578
16833.76,74.576
16834.13,74.572
16834.50,74.570
16834.86,74.569
16835.23,74.566
16835.59,74.564
16835.96,74.561
16836.33,74.559
16836.69,74.556
16837.06,74.554
16837.43,74.552
16837.79,74.549
16838.16,74.547
16838.52,74.545
16838.89,74.542
16839.26,74.540
16839.62,74.537
16839.99,74.535
16840.36,74.534
16840.72,74.531
16841.09,74.529
16841.45,74.526
16841.82,74.523
16842.19,74.522
16842.55,74.519
16842.92,74.517
16843.28,74.514
16843.65,74.512
16844.02,74.510
16844.38,74.507
16844.75,74.505
16845.12,74.502
16845.48,74.500
16845.85,74.498
16846.21,74.495
16846.58,74.493
16846.95,74.490
16847.31,74.488
16847.68,74.486
16848.05,74.483
16848.41,74.482
16848.78,74.478
16849.14,74.477
16849.51,74.475
16849.88,74.471
16850.24,74.469
16850.61,74.466
16850.98,74.465
16851.34,74.463
16851.71,74.459
16852.07,74.458
16852.44,74.455
16852.81,74.453
16853.17,74.451
16853.54,74.448
16853.90,74.446
16854.27,74.443
16854.64,74.441
16855.00,74.439
16855.37,74.436
16855.74,74.433
16856.10,74.431
16856.47,74.428
16856.83,74.427
16857.20,74.424
16857.57,74.422
16857.93,74.419
16858.30,74.417
16858.67,74.415
16859.03,74.412
16859.40,74.410
16859.76,74.407
16860.13,74.404
16860.50,74.403
16860.86,74.400
16861.23,74.398
16861.60,74.395
16861.96,74.392
16862.33,74.391
16862.69,74.387
16863.06,74.386
16863.43,74.383
16863.79,74.381
16864.16,74.379
16864.53,74.376
16864.89,74.374
16865.26,74.370
16865.62,74.368
16865.99,74.365
16866.36,74.364
16866.72,74.362
16867.09,74.358
16867.45,74.356
16867.82,74.353
16868.19,74.351
16868.55,74.349
16868.92,74.346
16869.29,74.344
16869.65,74.341
16870.02,74.339
16870.38,74.337
16870.75,74.334
16871.12,74.332
16871.48,74.329
16871.85,74.327
16872.22,74.325
16872.58,74.322
16872.95,74.320
16873.31,74.317
16873.68,74.315
16874.05,74.312
16874.41,74.309
16874.78,74.308
16875.15,74.304
16875.51,74.302
16875.88,74.299
16876.24,74.297
16876.61,74.295
16876.98,74.292
16877.34,74.290
16877.71,74.287
16878.07,74.285
16878.44,74.283
16878.81,74.280
16879.17,74.278
16879.54,74.275
16879.91,74.273
16880.27,74.270
16880.64,74.267
16881.00,74.266
16881.37,74.263
16881.74,74.261
16882.10,74.258
16882.47,74.255
16882.84,74.253
16883.20,74.250
16883.57,74.248
16883.93,74.245
16884.30,74.243
16884.67,74.240
16885.03,74.238
16885.40,74.236
16885.77,74.233
16886.13,74.231
16886.50,74.228
16886.86,74.226
16887.23,74.223
16887.60,74.221
16887.96,74.218
16888.33,74.215
16888.69,74.213
16889.06,74.210
16889.43,74.208
16889.79,74.206
16890.16,74.203
16890.53,74.201
16890.89,74.198
16891.26,74.196
16891.62,74.193
16891.99,74.190
16892.36,74.188
16892.72,74.185
16893.09,74.183
16893.46,74.180
16893.82,74.178
16894.19,74.175
16894.55,74.173
16894.92,74.170
16895.29,74.168
16895.65,74.165
16896.02,74.162
16896.39,74.160
16896.75,74.157
16897.12,74.156
16897.48,74.153
16897.85,74.150
16898.22,74.148
16898.58,74.145
16898.95,74.143
16899.32,74.140
16899.68,74.138
16900.05,74.135
16900.41,74.132
16900.78,74.130
16901.15,74.127
16901.51,74.125
16901.88,74.122
16902.24,74.120
16902.61,74.117
16902.98,74.114
16903.34,74.112
16903.71,74.109
16904.08,74.107
16904.44,74.105
16904.81,74.102
16905.17,74.100
16905.54,74.096
16905.91,74.094
16906.27,74.092
16906.64,74.089
16907.01,74.087
16907.37,74.084
16907.74,74.082
16908.10,74.079
16908.47,74.076
16908.84,74.074
16909.20,74.071
16909.57,74.069
16909.94,74.066
16910.30,74.064
16910.67,74.061
16911.03,74.058
16911.40,74.055
16911.77,74.053
16912.13,74.050
16912.50,74.048
16912.86,74.045
16913.23,74.043
16913.60,74.040
16913.96,74.037
16914.33,74.035
16914.70,74.032
16915.06,74.030
16915.43,74.027
16915.79,74.024
16916.16,74.023
16916.53,74.019
16916.89,74.017
16917.26,74.014
16917.63,74.011
16917.99,74.010
16918.36,74.006
16918.72,74.004
16919.09,74.001
16919.46,73.999
16919.82,73.996
16920.19,73.993
16920.56,73.991
16920.92,73.988
16921.29,73.986
16921.65,73.983
16922.02,73.981
16922.39,73.978
16922.75,73.975
16923.12,73.973
16923.49,73.971
16923.85,73.968
16924.22,73.965
16924.58,73.962
16924.95,73.959
16925.32,73.958
16925.68,73.954
16926.05,73.952
16926.41,73.949
16926.78,73.947
16927.15,73.944
16927.51,73.941
16927.88,73.939
16928.25,73.936
16928.61,73.933
16928.98,73.931
16929.34,73.928
16929.71,73.926
16930.08,73.923
16930.44,73.921
16930.81,73.918
16931.18,73.915
16931.54,73.912
16931.91,73.910
16932.27,73.907
16932.64,73.905
16933.01,73.902
16933.37,73.899
16933.74,73.897
16934.11,73.894
16934.47,73.891
16934.84,73.888
16935.20,73.886
16935.57,73.883
16935.94,73.881
16936.30,73.879
16936.67,73.875
16937.03,73.873
16937.40,73.870
16937.77,73.868
16938.13,73.865
16938.50,73.862
16938.87,73.860
16939.23,73.857
16939.60,73.855
16939.96,73.852
16940.33,73.849
16940.70,73.846
16941.06,73.844
16941.43,73.841
16941.80,73.838
16942.16,73.835
16942.53,73.833
16942.89,73.830
16943.26,73.828
16943.63,73.825
16943.99,73.822
16944.36,73.820
16944.73,73.817
16945.09,73.815
16945.46,73.812
16945.82,73.809
16946.19,73.806
16946.56,73.804
16946.92,73.801
16947.29,73.798
16947.65,73.796
16948.02,73.793
16948.39,73.791
16948.75,73.787
16949.12,73.785
16949.49,73.782
16949.85,73.779
16950.22,73.777
16950.58,73.774
16950.95,73.772
16951.32,73.768
16951.68,73.766
16952.05,73.763
16952.42,73.761
16952.78,73.758
16953.15,73.756
16953.51,73.752
16953.88,73.750
16954.25,73.747
16954.61,73.744
16954.98,73.742
16955.35,73.739
16955.71,73.737
16956.08,73.733
16956.44,73.731
16956.81,73.728
16957.18,73.725
16957.54,73.723
16957.91,73.720
16958.28,73.718
16958.64,73.715
16959.01,73.712
16959.37,73.709
16959.74,73.707
16960.11,73.704
16960.47,73.701
16960.84,73.699
16961.20,73.696
16961.57,73.694
16961.94,73.691
16962.30,73.688
16962.67,73.685
16963.04,73.682
16963.40,73.679
16963.77,73.677
16964.13,73.674
16964.50,73.672
16964.87,73.668
16965.23,73.666
16965.60,73.663
16965.97,73.661
16966.33,73.658
16966.70,73.655
16967.06,73.653
16967.43,73.650
16967.80,73.647
16968.16,73.644
16968.53,73.642
16968.90,73.638
16969.26,73.636
16969.63,73.633
16969.99,73.630
16970.36,73.628
16970.73,73.625
16971.09,73.623
16971.46,73.619
16971.82,73.617
16972.19,73.614
16972.56,73.612
16972.92,73.608
16973.29,73.606
16973.66,73.603
16974.02,73.600
16974.39,73.598
16974.75,73.595
16975.12,73.592
16975.49,73.590
16975.85,73.587
16976.22,73.584
16976.59,73.581
16976.95,73.578
16977.32,73.576
16977.68,73.572
16978.05,73.570
16978.42,73.567
16978.78,73.564
16979.15,73.562
16979.52,73.559
16979.88,73.556
16980.25,73.553
16980.61,73.550
16980.98,73.548
16981.35,73.546
16981.71,73.542
16982.08,73.540
16982.45,73.537
16982.81,73.534
16983.18,73.531
16983.54,73.529
16983.91,73.525
16984.28,73.523
16984.64,73.520
16985.01,73.517
16985.37,73.515
16985.74,73.512
16986.11,73.509
16986.47,73.507
16986.84,73.504
16987.21,73.501
16987.57,73.498
16987.94,73.495
16988.30,73.493
16988.67,73.490
16989.04,73.487
16989.40,73.484
16989.77,73.482
16990.14,73.478
16990.50,73.476
16990.87,73.473
16991.23,73.470
16991.60,73.468
16991.97,73.465
16992.33,73.462
16992.70,73.459
16993.07,73.456
16993.43,73.453
16993.80,73.451
16994.16,73.448
16994.53,73.445
16994.90,73.442
16995.26,73.440
16995.63,73.436
16995.99,73.434
16996.36,73.431
16996.73,73.428
16997.09,73.425
16997.46,73.422
16997.83,73.420
16998.19,73.417
16998.56,73.414
16998.92,73.411
16999.29,73.409
16999.66,73.405
17000.02,73.403
17000.39,73.400
17000.76,73.398
17001.12,73.394
17001.49,73.392
17001.85,73.389
17002.22,73.386
17002.59,73.383
17002.95,73.380
17003.32,73.377
17003.69,73.375
17004.05,73.372
17004.42,73.370
17004.78,73.367
17005.15,73.364
17005.52,73.361
17005.88,73.358
17006.25,73.355
17006.61,73.353
17006.98,73.350
17007.35,73.346
17007.71,73.344
17008.08,73.341
17008.45,73.338
17008.81,73.335
17009.18,73.332
17009.54,73.329
17009.91,73.327
17010.28,73.324
17010.64,73.321
17011.01,73.319
17011.38,73.316
17011.74,73.312
17012.11,73.310
17012.47,73.307
17012.84,73.304
17013.21,73.302
17013.57,73.299
17013.94,73.296
17014.31,73.292
17014.67,73.290
17015.04,73.287
17015.40,73.284
17015.77,73.281
17016.14,73.279
17016.50,73.275
17016.87,73.273
17017.24,73.270
17017.60,73.267
17017.97,73.264
17018.33,73.261
17018.70,73.258
17019.07,73.255
17019.43,73.253
17019.80,73.250
17020.16,73.247
17020.53,73.245
17020.90,73.241
17021.26,73.239
17021.63,73.236
17022.00,73.233
17022.36,73.230
17022.73,73.227
17023.09,73.225
17023.46,73.221
17023.83,73.219
17024.19,73.216
17024.56,73.213
17024.93,73.210
17025.29,73.207
17025.66,73.204
17026.02,73.202
17026.39,73.198
17026.76,73.196
17027.12,73.192
17027.49,73.190
17027.86,73.187
17028.22,73.184
17028.59,73.181
17028.95,73.178
17029.32,73.175
17029.69,73.172
17030.05,73.170
17030.42,73.167
17030.78,73.164
17031.15,73.161
17031.52,73.159
17031.88,73.155
17032.25,73.153
17032.62,73.149
17032.98,73.147
17033.35,73.144
17033.71,73.141
17034.08,73.138
17034.45,73.135
17034.81,73.132
17035.18,73.130
17035.55,73.126
17035.91,73.124
17036.28,73.121
17036.64,73.118
17037.01,73.115
17037.38,73.112
17037.74,73.109
17038.11,73.106
17038.48,73.103
17038.84,73.100
17039.21,73.098
17039.57,73.095
17039.94,73.092
17040.31,73.089
17040.67,73.087
17041.04,73.083
17041.40,73.081
17041.77,73.078
17042.14,73.074
17042.50,73.072
17042.87,73.069
17043.24,73.066
17043.60,73.062
17043.97,73.060
17044.33,73.057
17044.70,73.054
17045.07,73.051
17045.43,73.048
17045.80,73.046
17046.17,73.042
17046.53,73.040
17046.90,73.036
17047.26,73.034
17047.63,73.031
17048.00,73.028
17048.36,73.025
17048.73,73.023
17049.10,73.019
17049.46,73.017
17049.83,73.013
17050.19,73.011
17050.56,73.007
17050.93,73.005
17051.29,73.002
17051.66,72.999
17052.03,72.996
17052.39,72.993
17052.76,72.990
17053.12,72.987
17053.49,72.984
17053.86,72.981
17054.22,72.978
17054.59,72.975
17054.95,72.972
17055.32,72.970
17055.69,72.967
17056.05,72.963
17056.42,72.960
17056.79,72.958
17057.15,72.955
17057.52,72.952
17057.88,72.949
17058.25,72.946
17058.62,72.944
17058.98,72.940
17059.35,72.938
17059.72,72.934
17060.08,72.931
17060.45,72.928
17060.81,72.925
17061.18,72.922
17061.55,72.920
17061.91,72.917
17062.28,72.913
17062.65,72.911
17063.01,72.908
17063.38,72.906
17063.74,72.902
17064.11,72.899
17064.48,72.897
17064.84,72.894
17065.21,72.890
17065.57,72.887
17065.94,72.885
17066.31,72.881
17066.67,72.879
17067.04,72.876
17067.41,72.873
17067.77,72.870
17068.14,72.867
17068.50,72.864
17068.87,72.861
17069.24,72.858
17069.60,72.855
17069.97,72.852
17070.34,72.849
17070.70,72.846
17071.07,72.844
17071.43,72.840
17071.80,72.837
17072.17,72.834
17072.53,72.832
17072.90,72.828
17073.27,72.826
17073.63,72.822
17074.00,72.820
17074.36,72.816
17074.73,72.814
17075.10,72.810
17075.46,72.808
17075.83,72.805
17076.20,72.802
17076.56,72.799
17076.93,72.796
17077.29,72.793
17077.66,72.790
17078.03,72.787
17078.39,72.784
17078.76,72.781
17079.12,72.778
17079.49,72.775
17079.86,72.773
17080.22,72.769
17080.59,72.766
17080.96,72.763
17081.32,72.761
17081.69,72.757
17082.05,72.754
17082.42,72.751
17082.79,72.749
17083.15,72.745
17083.52,72.743
17083.89,72.739
17084.25,72.737
17084.62,72.733
17084.98,72.731
17085.35,72.727
17085.72,72.725
17086.08,72.721
17086.45,72.719
17086.82,72.715
17087.18,72.713
17087.55,72.710
17087.91,72.707
17088.28,72.703
17088.65,72.701
17089.01,72.698
17089.38,72.695
17089.74,72.692
17090.11,72.689
17090.48,72.686
17090.84,72.683
17091.21,72.680
17091.58,72.677
17091.94,72.674
17092.31,72.671
17092.67,72.668
17093.04,72.665
17093.41,72.662
17093.77,72.659
17094.14,72.656
17094.51,72.653
17094.87,72.650
17095.24,72.647
17095.60,72.644
17095.97,72.641
17096.34,72.638
17096.70,72.635
17097.07,72.632
17097.44,72.629
17097.80,72.626
17098.17,72.623
17098.53,72.620
17098.90,72.617
17099.27,72.614
17099.63,72.611
17100.00,72.608
17100.36,72.605
17100.73,72.602
17101.10,72.599
17101.46,72.596
17101.83,72.593
17102.20,72.590
17102.56,72.588
17102.93,72.584
17103.29,72.581
17103.66,72.578
17104.03,72.575
17104.39,72.572
17104.76,72.570
17105.13,72.566
17105.49,72.563
17105.86,72.560
17106.22,72.557
17106.59,72.554
17106.96,72.551
17107.32,72.548
17107.69,72.545
17108.06,72.542
17108.42,72.539
17108.79,72.536
17109.15,72.533
17109.52,72.530
17109.89,72.527
17110.25,72.524
17110.62,72.521
17110.99,72.518
17111.35,72.515
17111.72,72.512
17112.08,72.509
17112.45,72.506
17112.82,72.503
17113.18,72.499
17113.55,72.496
17113.91,72.494
17114.28,72.491
17114.65,72.488
17115.01,72.485
17115.38,72.482
17115.75,72.479
17116.11,72.476
17116.48,72.472
17116.84,72.470
17117.21,72.466
17117.58,72.464
17117.94,72.460
17118.31,72.458
17118.68,72.455
17119.04,72.452
17119.41,72.448
17119.77,72.445
17120.14,72.442
17120.51,72.439
17120.87,72.436
17121.24,72.433
17121.61,72.430
17121.97,72.427
17122.34,72.424
17122.70,72.421
17123.07,72.418
17123.44,72.415
17123.80,72.412
17124.17,72.410
17124.53,72.406
17124.90,72.404
17125.27,72.400
17125.63,72.398
17126.00,72.394
17126.37,72.391
17126.73,72.388
17127.10,72.385
17127.46,72.382
17127.83,72.379
17128.20,72.376
17128.56,72.373
17128.93,72.370
17129.30,72.367
17129.66,72.364
17130.03,72.361
17130.39,72.357
17130.76,72.355
17131.13,72.351
17131.49,72.349
17131.86,72.345
17132.23,72.343
17132.59,72.339
17132.96,72.337
17133.32,72.333
17133.69,72.331
17134.06,72.328
17134.42,72.325
17134.79,72.321
17135.15,72.318
17135.52,72.315
17135.89,72.312
17136.25,72.309
17136.62,72.306
17136.99,72.303
17137.35,72.300
17137.72,72.297
17138.08,72.294
17138.45,72.291
17138.82,72.288
17139.18,72.285
17139.55,72.282
17139.92,72.279
17140.28,72.275
17140.65,72.273
17141.01,72.269
17141.38,72.267
17141.75,72.263
17142.11,72.261
17142.48,72.257
17142.85,72.255
17143.21,72.251
17143.58,72.249
17143.94,72.245
17144.31,72.242
17144.68,72.239
17145.04,72.236
17145.41,72.233
17145.78,72.230
17146.14,72.227
17146.51,72.224
17146.87,72.221
17147.24,72.218
17147.61,72.215
17147.97,72.212
17148.34,72.209
17148.70,72.206
17149.07,72.203
17149.44,72.200
17149.80,72.197
17150.17,72.193
17150.54,72.190
17150.90,72.187
17151.27,72.184
17151.63,72.181
17152.00,72.178
17152.37,72.175
17152.73,72.172
17153.10,72.169
17153.47,72.166
17153.83,72.163
17154.20,72.160
17154.56,72.156
17154.93,72.154
17155.30,72.150
17155.66,72.148
17156.03,72.144
17156.40,72.142
17156.76,72.138
17157.13,72.136
17157.49,72.132
17157.86,72.130
17158.23,72.126
17158.59,72.123
17158.96,72.120
17159.32,72.117
17159.69,72.114
17160.06,72.111
17160.42,72.108
17160.79,72.105
17161.16,72.102
17161.52,72.099
17161.89,72.096
17162.25,72.093
17162.62,72.090
17162.99,72.087
17163.35,72.084
17163.72,72.081
17164.09,72.078
17164.45,72.074
17164.82,72.071
17165.18,72.068
17165.55,72.065
17165.92,72.062
17166.28,72.059
17166.65,72.056
17167.02,72.052
17167.38,72.049
17167.75,72.046
17168.11,72.043
17168.48,72.041
17168.85,72.037
17169.21,72.034
17169.58,72.031
17169.95,72.028
17170.31,72.025
17170.68,72.022
17171.04,72.019
17171.41,72.016
17171.78,72.012
17172.14,72.010
17172.51,72.006
17172.87,72.004
17173.24,72.000
17173.61,71.998
17173.97,71.994
17174.34,71.991
17174.71,71.988
17175.07,71.985
17175.44,71.982
17175.80,71.978
17176.17,71.975
17176.54,71.972
17176.90,71.969
17177.27,71.966
17177.64,71.963
17178.00,71.960
17178.37,71.957
17178.73,71.954
17179.10,71.951
17179.47,71.948
17179.83,71.945
17180.20,71.942
17180.57,71.939
17180.93,71.936
17181.30,71.933
17181.66,71.929
17182.03,71.927
17182.40,71.923
17182.76,71.921
17183.13,71.917
17183.49,71.914
17183.86,71.911
17184.23,71.908
17184.59,71.905
17184.96,71.901
17185.33,71.898
17185.69,71.895
17186.06,71.892
17186.42,71.890
17186.79,71.886
17187.16,71.883
17187.52,71.880
17187.89,71.877
17188.26,71.874
17188.62,71.871
17188.99,71.868
17189.35,71.865
17189.72,71.862
17190.09,71.858
17190.45,71.856
17190.82,71.852
17191.19,71.849
17191.55,71.846
17191.92,71.844
17192.28,71.840
17192.65,71.837
17193.02,71.834
17193.38,71.831
17193.75,71.828
17194.11,71.825
17194.48,71.822
17194.85,71.819
17195.21,71.816
17195.58,71.812
17195.95,71.809
17196.31,71.806
17196.68,71.804
17197.04,71.800
17197.41,71.797
17197.78,71.794
17198.14,71.791
17198.51,71.787
17198.88,71.785
17199.24,71.781
17199.61,71.778
17199.97,71.775
17200.34,71.773
17200.71,71.769
17201.07,71.766
17201.44,71.763
17201.81,71.760
17202.17,71.756
17202.54,71.754
17202.90,71.750
17203.27,71.748
17203.64,71.745
17204.00,71.742
17204.37,71.739
17204.74,71.735
17205.10,71.732
17205.47,71.729
17205.83,71.726
17206.20,71.722
17206.57,71.720
17206.93,71.717
17207.30,71.714
17207.66,71.710
17208.03,71.708
17208.40,71.704
17208.76,71.701
17209.13,71.698
17209.50,71.695
17209.86,71.692
17210.23,71.689
17210.59,71.686
17210.96,71.683
17211.33,71.680
17211.69,71.677
17212.06,71.673
17212.43,71.671
17212.79,71.667
17213.16,71.664
17213.52,71.661
17213.89,71.658
17214.26,71.654
17214.62,71.652
17214.99,71.649
17215.36,71.645
17215.72,71.642
17216.09,71.639
17216.45,71.636
17216.82,71.633
17217.19,71.631
17217.55,71.627
17217.92,71.624
17218.28,71.621
17218.65,71.618
17219.02,71.614
17219.38,71.612
17219.75,71.608
17220.12,71.606
17220.48,71.602
17220.85,71.599
17221.21,71.596
17221.58,71.593
17221.95,71.590
17222.31,71.587
17222.68,71.584
17223.05,71.581
17223.41,71.578
17223.78,71.574
17224.14,71.572
17224.51,71.569
17224.88,71.565
17225.24,71.562
17225.61,71.559
17225.98,71.556
17226.34,71.553
17226.71,71.549
17227.07,71.547
17227.44,71.543
17227.81,71.540
17228.17,71.537
17228.54,71.535
17228.90,71.531
17229.27,71.528
17229.64,71.524
17230.00,71.522
17230.37,71.519
17230.74,71.516
17231.10,71.513
17231.47,71.509
17231.83,71.506
17232.20,71.504
17232.57,71.500
17232.93,71.497
17233.30,71.494
17233.67,71.490
17234.03,71.488
17234.40,71.484
17234.76,71.481
17235.13,71.478
17235.50,71.475
17235.86,71.472
17236.23,71.469
17236.60,71.466
17236.96,71.463
17237.33,71.460
17237.69,71.457
17238.06,71.454
17238.43,71.451
17238.79,71.447
17239.16,71.445
17239.53,71.441
17239.89,71.438
17240.26,71.435
17240.62,71.431
17240.99,71.429
17241.36,71.426
17241.72,71.422
17242.09,71.419
17242.45,71.416
17242.82,71.413
17243.19,71.410
17243.55,71.407
17243.92,71.404
17244.29,71.401
17244.65,71.398
17245.02,71.394
17245.38,71.392
17245.75,71.389
17246.12,71.386
17246.48,71.382
17246.85,71.379
17247.22,71.376
17247.58,71.373
17247.95,71.370
17248.31,71.367
17248.68,71.364
17249.05,71.361
17249.41,71.358
17249.78,71.355
17250.15,71.351
17250.51,71.349
17250.88,71.345
17251.24,71.342
17251.61,71.339
17251.98,71.336
17252.34,71.333
17252.71,71.329
17253.07,71.327
17253.44,71.323
17253.81,71.321
17254.17,71.317
17254.54,71.314
17254.91,71.311
17255.27,71.308
17255.64,71.304
17256.00,71.302
17256.37,71.299
17256.74,71.296
17257.10,71.292
17257.47,71.290
17257.84,71.287
17258.20,71.283
17258.57,71.280
17258.93,71.277
17259.30,71.274
17259.67,71.270
17260.03,71.268
17260.40,71.264
17260.77,71.261
17261.13,71.258
17261.50,71.255
17261.86,71.252
17262.23,71.249
17262.60,71.246
17262.96,71.243
17263.33,71.240
17263.70,71.237
17264.06,71.234
17264.43,71.231
17264.79,71.227
17265.16,71.225
17265.53,71.221
17265.89,71.218
17266.26,71.216
17266.62,71.212
17266.99,71.209
17267.36,71.206
17267.72,71.203
17268.09,71.200
17268.46,71.197
17268.82,71.194
17269.19,71.191
17269.55,71.187
17269.92,71.184
17270.29,71.181
17270.65,71.178
17271.02,71.174
17271.39,71.172
17271.75,71.168
17272.12,71.165
17272.48,71.162
17272.85,71.160
17273.22,71.156
17273.58,71.154
17273.95,71.150
17274.32,71.147
17274.68,71.144
17275.05,71.141
17275.41,71.137
17275.78,71.135
17276.15,71.131
17276.51,71.129
17276.88,71.126
17277.24,71.123
17277.61,71.119
17277.98,71.117
17278.34,71.113
17278.71,71.110
17279.08,71.107
17279.44,71.103
17279.81,71.100
17280.17,71.097
17280.54,71.095
17280.91,71.091
17281.27,71.089
17281.64,71.085
17282.01,71.082
17282.37,71.079
17282.74,71.076
17283.10,71.072
17283.47,71.070
17283.84,71.066
17284.20,71.064
17284.57,71.061
17284.94,71.058
17285.30,71.054
17285.67,71.051
17286.03,71.048
17286.40,71.044
17286.77,71.042
17287.13,71.038
17287.50,71.036
17287.86,71.032
17288.23,71.029
17288.60,71.026
17288.96,71.023
17289.33,71.020
17289.70,71.017
17290.06,71.014
17290.43,71.011
17290.79,71.008
17291.16,71.005
17291.53,71.002
17291.89,70.999
17292.26,70.995
17292.63,70.993
17292.99,70.989
17293.36,70.986
17293.72,70.983
17294.09,70.980
17294.46,70.977
17294.82,70.974
17295.19,70.971
17295.56,70.968
17295.92,70.965
17296.29,70.962
17296.65,70.959
17297.02,70.955
17297.39,70.953
17297.75,70.949
17298.12,70.946
17298.49,70.943
17298.85,70.940
17299.22,70.937
17299.58,70.934
17299.95,70.930
17300.32,70.928
17300.68,70.924
17301.05,70.921
17301.41,70.918
17301.78,70.915
17302.15,70.912
17302.51,70.909
17302.88,70.906
17303.25,70.903
17303.61,70.900
17303.98,70.897
17304.34,70.893
17304.71,70.891
17305.08,70.888
17305.44,70.884
17305.81,70.882
17306.18,70.878
17306.54,70.875
17306.91,70.872
17307.27,70.868
17307.64,70.866
17308.01,70.862
17308.37,70.860
17308.74,70.857
17309.11,70.854
17309.47,70.850
17309.84,70.847
17310.20,70.844
17310.57,70.841
17310.94,70.839
17311.30,70.835
17311.67,70.832
17312.03,70.829
17312.40,70.826
17312.77,70.823
17313.13,70.820
17313.50,70.816
17313.87,70.814
17314.23,70.811
17314.60,70.808
17314.96,70.804
17315.33,70.802
17315.70,70.798
17316.06,70.795
17316.43,70.792
17316.80,70.789
17317.16,70.786
17317.53,70.783
17317.89,70.779
17318.26,70.776
17318.63,70.773
17318.99,70.770
17319.36,70.768
17319.73,70.764
17320.09,70.761
17320.46,70.758
17320.82,70.755
17321.19,70.752
17321.56,70.749
17321.92,70.746
17322.29,70.743
17322.65,70.739
17323.02,70.737
17323.39,70.733
17323.75,70.731
17324.12,70.727
17324.49,70.724
17324.85,70.721
17325.22,70.718
17325.58,70.715
17325.95,70.712
17326.32,70.709
17326.68,70.706
17327.05,70.703
17327.42,70.700
17327.78,70.697
17328.15,70.694
17328.51,70.691
17328.88,70.688
17329.25,70.684
17329.61,70.681
17329.98,70.678
17330.35,70.675
17330.71,70.672
17331.08,70.669
17331.44,70.666
17331.81,70.663
17332.18,70.660
17332.54,70.657
17332.91,70.654
17333.28,70.651
17333.64,70.648
17334.01,70.644
17334.37,70.642
17334.74,70.638
17335.11,70.636
17335.47,70.632
17335.84,70.629
17336.20,70.626
17336.57,70.623
17336.94,70.620
17337.30,70.617
17337.67,70.614
17338.04,70.611
17338.40,70.608
17338.77,70.605
17339.13,70.602
17339.50,70.599
17339.87,70.596
17340.23,70.593
17340.60,70.590
17340.97,70.586
17341.33,70.584
17341.70,70.580
17342.06,70.578
17342.43,70.574
17342.80,70.571
17343.16,70.568
17343.53,70.565
17343.90,70.562
17344.26,70.559
17344.63,70.556
17344.99,70.553
17345.36,70.550
17345.73,70.546
17346.09,70.544
17346.46,70.541
17346.82,70.537
17347.19,70.535
17347.56,70.531
17347.92,70.528
17348.29,70.525
17348.66,70.522
17349.02,70.519
17349.39,70.517
17349.75,70.513
17350.12,70.511
17350.49,70.507
17350.85,70.504
17351.22,70.501
17351.59,70.498
17351.95,70.495
17352.32,70.492
17352.68,70.488
17353.05,70.486
17353.42,70.483
17353.78,70.480
17354.15,70.477
17354.52,70.474
17354.88,70.471
17355.25,70.468
17355.61,70.465
17355.98,70.461
17356.35,70.459
17356.71,70.456
17357.08,70.452
17357.45,70.450
17357.81,70.446
17358.18,70.443
17358.54,70.440
17358.91,70.437
17359.28,70.434
17359.64,70.431
17360.01,70.428
17360.37,70.424
17360.74,70.422
17361.11,70.418
17361.47,70.416
17361.84,70.412
17362.21,70.409
17362.57,70.407
17362.94,70.404
17363.30,70.400
17363.67,70.398
17364.04,70.394
17364.40,70.392
17364.77,70.388
17365.14,70.386
17365.50,70.382
17365.87,70.379
17366.23,70.376
17366.60,70.373
17366.97,70.370
17367.33,70.367
17367.70,70.364
17368.07,70.361
17368.43,70.358
17368.80,70.355
17369.16,70.352
17369.53,70.349
17369.90,70.346
17370.26,70.343
17370.63,70.340
17370.99,70.337
17371.36,70.334
17371.73,70.331
17372.09,70.328
17372.46,70.325
17372.83,70.322
17373.19,70.319
17373.56,70.316
17373.92,70.312
17374.29,70.310
17374.66,70.306
17375.02,70.303
17375.39,70.300
17375.76,70.297
17376.12,70.294
17376.49,70.291
17376.85,70.288
17377.22,70.285
17377.59,70.282
17377.95,70.279
17378.32,70.276
17378.69,70.273
17379.05,70.270
17379.42,70.267
17379.78,70.264
17380.15,70.262
17380.52,70.258
17380.88,70.255
17381.25,70.252
17381.61,70.249
17381.98,70.246
17382.35,70.243
17382.71,70.240
17383.08,70.237
17383.45,70.234
17383.81,70.231
17384.18,70.228
17384.54,70.225
17384.91,70.222
17385.28,70.219
17385.64,70.216
17386.01,70.213
17386.38,70.210
17386.74,70.207
17387.11,70.204
17387.47,70.201
17387.84,70.198
17388.21,70.195
17388.57,70.192
17388.94,70.189
17389.31,70.186
17389.67,70.183
17390.04,70.180
17390.40,70.177
17390.77,70.174
17391.14,70.171
17391.50,70.168
17391.87,70.165
17392.24,70.162
17392.60,70.159
17392.97,70.156
17393.33,70.153
17393.70,70.149
17394.07,70.147
17394.43,70.144
17394.80,70.141
17395.16,70.138
17395.53,70.135
17395.90,70.132
17396.26,70.129
17396.63,70.126
17397.00,70.123
17397.36,70.120
17397.73,70.117
17398.09,70.114
17398.46,70.111
17398.83,70.108
17399.19,70.105
17399.56,70.102
17399.93,70.099
17400.29,70.096
17400.66,70.093
17401.02,70.090
17401.39,70.087
17401.76,70.084
17402.12,70.081
17402.49,70.078
17402.86,70.075
17403.22,70.072
17403.59,70.069
17403.95,70.067
17404.32,70.063
17404.69,70.060
17405.05,70.058
17405.42,70.054
17405.78,70.051
17406.15,70.049
17406.52,70.045
17406.88,70.042
17407.25,70.040
17407.62,70.037
17407.98,70.034
17408.35,70.030
17408.71,70.028
17409.08,70.025
17409.45,70.022
17409.81,70.018
17410.18,70.016
17410.55,70.013
17410.91,70.010
17411.28,70.007
17411.64,70.004
17412.01,70.001
17412.38,69.998
17412.74,69.995
17413.11,69.992
17413.48,69.989
17413.84,69.986
17414.21,69.983
17414.57,69.980
17414.94,69.977
17415.31,69.974
17415.67,69.971
17416.04,69.968
17416.41,69.965
17416.77,69.962
17417.14,69.959
17417.50,69.956
17417.87,69.953
17418.24,69.950
17418.60,69.947
17418.97,69.945
17419.33,69.941
17419.70,69.938
17420.07,69.936
17420.43,69.933
17420.80,69.929
17421.17,69.927
17421.53,69.924
17421.90,69.921
17422.26,69.918
17422.63,69.915
17423.00,69.912
17423.36,69.909
17423.73,69.906
17424.10,69.903
17424.46,69.900
17424.83,69.897
17425.19,69.894
17425.56,69.891
17425.93,69.888
17426.29,69.886
17426.66,69.882
17427.03,69.879
17427.39,69.876
17427.76,69.874
17428.12,69.870
17428.49,69.868
17428.86,69.864
17429.22,69.862
17429.59,69.859
17429.95,69.856
17430.32,69.852
17430.69,69.850
17431.05,69.847
17431.42,69.844
17431.79,69.841
17432.15,69.838
17432.52,69.835
17432.88,69.833
17433.25,69.829
17433.62,69.826
17433.98,69.823
17434.35,69.821
17434.72,69.817
17435.08,69.815
17435.45,69.811
17435.81,69.809
17436.18,69.806
17436.55,69.803
17436.91,69.800
17437.28,69.797
17437.65,69.794
17438.01,69.791
17438.38,69.788
17438.74,69.785
17439.11,69.782
17439.48,69.779
17439.84,69.776
17440.21,69.773
17440.57,69.770
17440.94,69.768
17441.31,69.765
17441.67,69.761
17442.04,69.759
17442.41,69.756
17442.77,69.753
17443.14,69.751
17443.50,69.747
17443.87,69.744
17444.24,69.742
17444.60,69.739
17444.97,69.736
17445.34,69.732
17445.70,69.730
17446.07,69.727
17446.43,69.724
17446.80,69.721
17447.17,69.719
17447.53,69.715
17447.90,69.712
17448.27,69.709
17448.63,69.707
17449.00,69.704
17449.36,69.701
17449.73,69.697
17450.10,69.695
17450.46,69.692
17450.83,69.689
17451.20,69.686
17451.56,69.683
17451.93,69.680
17452.29,69.677
17452.66,69.674
17453.03,69.672
17453.39,69.669
17453.76,69.665
17454.12,69.663
17454.49,69.660
17454.86,69.657
17455.22,69.654
17455.59,69.651
17455.96,69.649
17456.32,69.645
17456.69,69.642
17457.05,69.640
17457.42,69.637
17457.79,69.634
17458.15,69.631
17458.52,69.628
17458.89,69.625
17459.25,69.623
17459.62,69.620
17459.98,69.617
17460.35,69.614
17460.72,69.611
17461.08,69.608
17461.45,69.605
17461.82,69.602
17462.18,69.600
17462.55,69.596
17462.91,69.594
17463.28,69.590
17463.65,69.588
17464.01,69.585
17464.38,69.582
17464.74,69.579
17465.11,69.576
17465.48,69.573
17465.84,69.570
17466.21,69.567
17466.58,69.565
17466.94,69.562
17467.31,69.559
17467.67,69.556
17468.04,69.553
17468.41,69.550
17468.77,69.547
17469.14,69.544
17469.51,69.542
17469.87,69.539
17470.24,69.536
17470.60,69.534
17470.97,69.531
17471.34,69.528
17471.70,69.525
17472.07,69.522
17472.44,69.519
17472.80,69.516
17473.17,69.513
17473.53,69.511
17473.90,69.507
17474.27,69.505
17474.63,69.501
17475.00,69.499
17475.36,69.496
17475.73,69.493
17476.10,69.490
17476.46,69.488
17476.83,69.485
17477.20,69.482
17477.56,69.480
17477.93,69.476
17478.29,69.473
17478.66,69.471
17479.03,69.468
17479.39,69.465
17479.76,69.462
17480.13,69.459
17480.49,69.457
17480.86,69.453
17481.22,69.451
17481.59,69.448
17481.96,69.445
17482.32,69.442
17482.69,69.439
17483.06,69.436
17483.42,69.434
17483.79,69.431
17484.15,69.428
17484.52,69.425
17484.89,69.422
17485.25,69.419
17485.62,69.417
17485.99,69.414
17486.35,69.410
17486.72,69.408
17487.08,69.405
17487.45,69.403
17487.82,69.399
17488.18,69.397
17488.55,69.394
17488.91,69.391
17489.28,69.388
17489.65,69.386
17490.01,69.383
17490.38,69.380
17490.75,69.377
17491.11,69.375
17491.48,69.371
17491.84,69.368
17492.21,69.365
17492.58,69.363
17492.94,69.360
17493.31,69.358
17493.68,69.355
17494.04,69.352
17494.41,69.349
17494.77,69.346
17495.14,69.344
17495.51,69.340
17495.87,69.338
17496.24,69.335
17496.61,69.333
17496.97,69.329
17497.34,69.327
17497.70,69.323
17498.07,69.321
17498.44,69.318
17498.80,69.315
17499.17,69.312
17499.53,69.309
17499.90,69.307
17500.27,69.304
17500.63,69.302
17501.00,69.298
17501.37,69.296
17501.73,69.293
17502.10,69.290
17502.46,69.287
17502.83,69.285
17503.20,69.282
17503.56,69.279
17503.93,69.276
17504.30,69.273
17504.66,69.271
17505.03,69.268
17505.39,69.266
17505.76,69.263
17506.13,69.260
17506.49,69.257
17506.86,69.254
17507.23,69.251
17507.59,69.249
17507.96,69.246
17508.32,69.243
17508.69,69.240
17509.06,69.237
17509.42,69.234
17509.79,69.232
17510.16,69.229
17510.52,69.226
17510.89,69.224
17511.25,69.220
17511.62,69.218
17511.99,69.215
17512.35,69.213
17512.72,69.209
17513.08,69.207
17513.45,69.204
17513.82,69.201
17514.18,69.198
17514.55,69.196
17514.92,69.193
17515.28,69.191
17515.65,69.188
17516.01,69.184
17516.38,69.182
17516.75,69.179
17517.11,69.177
17517.48,69.173
17517.85,69.171
17518.21,69.168
17518.58,69.166
17518.94,69.162
17519.31,69.160
17519.68,69.157
17520.04,69.155
17520.41,69.151
17520.78,69.150
17521.14,69.147
17521.51,69.144
17521.87,69.141
17522.24,69.138
17522.61,69.136
17522.97,69.133
17523.34,69.130
17523.70,69.127
17524.07,69.125
17524.44,69.122
17524.80,69.120
17525.17,69.117
17525.54,69.114
17525.90,69.111
17526.27,69.108
17526.63,69.106
17527.00,69.103
17527.37,69.100
17527.73,69.097
17528.10,69.094
17528.47,69.092
17528.83,69.089
17529.20,69.087
17529.56,69.084
17529.93,69.081
17530.30,69.078
17530.66,69.076
17531.03,69.072
17531.40,69.070
17531.76,69.067
17532.13,69.064
17532.49,69.062
17532.86,69.059
17533.23,69.057
17533.59,69.054
17533.96,69.052
17534.32,69.048
17534.69,69.046
17535.06,69.043
17535.42,69.041
17535.79,69.038
17536.16,69.035
17536.52,69.032
17536.89,69.029
17537.25,69.027
17537.62,69.024
17537.99,69.022
17538.35,69.019
17538.72,69.017
17539.09,69.013
17539.45,69.011
17539.82,69.008
17540.18,69.006
17540.55,69.003
17540.92,69.000
17541.28,68.998
17541.65,68.994
17542.02,68.992
17542.38,68.989
17542.75,68.987
17543.11,68.984
17543.48,68.981
17543.85,68.979
17544.21,68.976
17544.58,68.974
17544.95,68.971
17545.31,68.968
17545.68,68.965
17546.04,68.963
17546.41,68.960
17546.78,68.957
17547.14,68.954
17547.51,68.952
17547.87,68.949
17548.24,68.947
17548.61,68.944
17548.97,68.941
17549.34,68.939
17549.71,68.936
17550.07,68.934
17550.44,68.930
17550.80,68.928
17551.17,68.925
17551.54,68.922
17551.90,68.921
17552.27,68.918
17552.64,68.915
17553.00,68.912
17553.37,68.910
17553.73,68.907
17554.10,68.904
17554.47,68.901
17554.83,68.899
17555.20,68.896
17555.57,68.894
17555.93,68.891
17556.30,68.888
17556.66,68.886
17557.03,68.883
17557.40,68.880
17557.76,68.877
17558.13,68.875
17558.49,68.873
17558.86,68.870
17559.23,68.868
17559.59,68.865
17559.96,68.862
17560.33,68.859
17560.69,68.857
17561.06,68.854
17561.42,68.852
17561.79,68.849
17562.16,68.846
17562.52,68.844
17562.89,68.841
17563.26,68.839
17563.62,68.835
17563.99,68.833
17564.35,68.831
17564.72,68.828
17565.09,68.826
17565.45,68.823
17565.82,68.820
17566.19,68.817
17566.55,68.815
17566.92,68.812
17567.28,68.810
17567.65,68.808
17568.02,68.804
17568.38,68.802
17568.75,68.799
17569.11,68.797
17569.48,68.794
17569.85,68.792
17570.21,68.789
17570.58,68.786
17570.95,68.784
17571.31,68.781
17571.68,68.779
17572.04,68.776
17572.41,68.773
17572.78,68.771
17573.14,68.769
17573.51,68.766
17573.88,68.763
17574.24,68.761
17574.61,68.758
17574.97,68.756
17575.34,68.753
17575.71,68.750
17576.07,68.748
17576.44,68.745
17576.81,68.743
17577.17,68.740
17577.54,68.737
17577.90,68.734
17578.27,68.733
17578.64,68.730
17579.00,68.727
17579.37,68.725
17579.74,68.722
17580.10,68.719
17580.47,68.717
17580.83,68.714
17581.20,68.712
17581.57,68.709
17581.93,68.707
17582.30,68.704
17582.66,68.702
17583.03,68.699
17583.40,68.697
17583.76,68.694
17584.13,68.691
17584.50,68.689
17584.86,68.686
17585.23,68.684
17585.59,68.681
17585.96,68.678
17586.33,68.677
17586.69,68.673
17587.06,68.671
17587.43,68.668
17587.79,68.666
17588.16,68.663
17588.52,68.661
17588.89,68.659
17589.26,68.656
17589.62,68.653
17589.99,68.651
17590.36,68.648
17590.72,68.645
17591.09,68.643
17591.45,68.641
17591.82,68.638
17592.19,68.636
17592.55,68.633
17592.92,68.631
17593.28,68.629
17593.65,68.626
17594.02,68.623
17594.38,68.620
17594.75,68.618
17595.12,68.615
17595.48,68.613
17595.85,68.611
17596.21,68.608
17596.58,68.606
17596.95,68.603
17597.31,68.601
17597.68,68.598
17598.05,68.596
17598.41,68.593
17598.78,68.590
17599.14,68.588
17599.51,68.585
17599.88,68.583
17600.24,68.581
17600.61,68.578
17600.98,68.576
17601.34,68.573
17601.71,68.571
17602.07,68.568
17602.44,68.566
17602.81,68.564
17603.17,68.561
17603.54,68.558
17603.91,68.555
17604.27,68.553
17604.64,68.551
17605.00,68.548
17605.37,68.546
17605.74,68.543
17606.10,68.541
17606.47,68.538
17606.83,68.536
17607.20,68.534
17607.57,68.531
17607.93,68.529
17608.30,68.526
17608.67,68.524
17609.03,68.521
17609.40,68.518
17609.76,68.516
17610.13,68.514
17610.50,68.511
17610.86,68.509
17611.23,68.507
17611.60,68.504
17611.96,68.501
17612.33,68.499
17612.69,68.497
17613.06,68.495
17613.43,68.492
17613.79,68.489
17614.16,68.487
17614.53,68.484
17614.89,68.482
17615.26,68.480
17615.62,68.477
17615.99,68.475
17616.36,68.472
17616.72,68.470
17617.09,68.468
17617.45,68.465
17617.82,68.463
17618.19,68.460
17618.55,68.458
17618.92,68.455
17619.29,68.453
17619.65,68.451
17620.02,68.448
17620.38,68.446
17620.75,68.443
17621.12,68.441
17621.48,68.439
17621.85,68.436
17622.22,68.433
17622.58,68.431
17622.95,68.429
17623.31,68.427
17623.68,68.424
17624.05,68.422
17624.41,68.419
17624.78,68.416
17625.15,68.415
17625.51,68.412
17625.88,68.410
17626.24,68.407
17626.61,68.405
17626.98,68.402
17627.34,68.399
17627.71,68.398
17628.07,68.395
17628.44,68.392
17628.81,68.391
17629.17,68.388
17629.54,68.386
17629.91,68.383
17630.27,68.381
17630.64,68.378
17631.00,68.376
17631.37,68.374
17631.74,68.371
17632.10,68.369
17632.47,68.367
17632.84,68.364
17633.20,68.362
17633.57,68.359
17633.93,68.357
17634.30,68.355
17634.67,68.352
17635.03,68.350
17635.40,68.348
17635.77,68.345
17636.13,68.343
17636.50,68.340
17636.86,68.338
17637.23,68.335
17637.60,68.334
17637.96,68.331
17638.33,68.328
17638.70,68.327
17639.06,68.324
17639.43,68.322
17639.79,68.320
17640.16,68.317
17640.53,68.315
17640.89,68.312
17641.26,68.310
17641.62,68.308
17641.99,68.305
17642.36,68.303
17642.72,68.301
17643.09,68.298
17643.46,68.296
17643.82,68.293
17644.19,68.291
17644.55,68.288
17644.92,68.287
17645.29,68.284
17645.65,68.282
17646.02,68.280
17646.39,68.277
17646.75,68.275
17647.12,68.273
17647.48,68.270
17647.85,68.268
17648.22,68.266
17648.58,68.263
17648.95,68.261
17649.32,68.258
17649.68,68.257
17650.05,68.254
17650.41,68.252
17650.78,68.250
17651.15,68.247
17651.51,68.245
17651.88,68.243
17652.24,68.240
17652.61,68.238
17652.98,68.236
17653.34,68.233
17653.71,68.231
17654.08,68.228
17654.44,68.227
17654.81,68.225
17655.17,68.222
17655.54,68.220
17655.91,68.218
17656.27,68.215
17656.64,68.213
17657.01,68.211
17657.37,68.208
17657.74,68.206
17658.10,68.204
17658.47,68.201
17658.84,68.200
17659.20,68.197
17659.57,68.195
17659.94,68.192
17660.30,68.190
17660.67,68.188
17661.03,68.186
17661.40,68.184
17661.77,68.181
17662.13,68.178
17662.50,68.177
17662.86,68.174
17663.23,68.172
17663.60,68.170
17663.96,68.167
17664.33,68.165
17664.70,68.163
17665.06,68.161
17665.43,68.159
17665.79,68.156
17666.16,68.154
17666.53,68.151
17666.89,68.150
17667.26,68.148
17667.63,68.145
17667.99,68.143
17668.36,68.141
17668.72,68.138
17669.09,68.136
17669.46,68.134
17669.82,68.132
17670.19,68.130
17670.56,68.127
17670.92,68.126
17671.29,68.123
17671.65,68.121
17672.02,68.119
17672.39,68.117
17672.75,68.114
17673.12,68.112
17673.49,68.109
17673.85,68.107
17674.22,68.106
17674.58,68.103
17674.95,68.101
17675.32,68.099
17675.68,68.097
17676.05,68.094
17676.41,68.092
17676.78,68.090
17677.15,68.088
17677.51,68.085
17677.88,68.083
17678.25,68.081
17678.61,68.078
17678.98,68.076
17679.34,68.075
17679.71,68.072
17680.08,68.070
17680.44,68.068
17680.81,68.066
17681.18,68.064
17681.54,68.061
17681.91,68.059
17682.27,68.057
17682.64,68.055
17683.01,68.053
17683.37,68.050
17683.74,68.048
17684.11,68.046
17684.47,68.044
17684.84,68.042
17685.20,68.040
17685.57,68.037
17685.94,68.035
17686.30,68.033
17686.67,68.031
17687.03,68.029
17687.40,68.026
17687.77,68.025
17688.13,68.023
17688.50,68.020
17688.87,68.018
17689.23,68.016
17689.60,68.014
17689.96,68.011
17690.33,68.010
17690.70,68.007
17691.06,68.005
17691.43,68.003
17691.80,68.001
17692.16,67.999
17692.53,67.996
17692.89,67.995
17693.26,67.993
17693.63,67.990
17693.99,67.988
17694.36,67.986
17694.73,67.984
17695.09,67.982
17695.46,67.980
17695.82,67.978
17696.19,67.975
17696.56,67.974
17696.92,67.971
17697.29,67.969
17697.66,67.967
17698.02,67.965
17698.39,67.963
17698.75,67.960
17699.12,67.959
17699.49,67.957
17699.85,67.954
17700.22,67.952
17700.58,67.951
17700.95,67.948
17701.32,67.946
17701.68,67.944
17702.05,67.942
17702.42,67.940
17702.78,67.938
17703.15,67.936
17703.51,67.934
17703.88,67.931
17704.25,67.929
17704.61,67.927
17704.98,67.925
17705.35,67.923
17705.71,67.921
17706.08,67.919
17706.44,67.916
17706.81,67.915
17707.18,67.912
17707.54,67.910
17707.91,67.908
17708.28,67.906
17708.64,67.905
17709.01,67.902
17709.37,67.900
17709.74,67.898
17710.11,67.896
17710.47,67.894
17710.84,67.892
17711.20,67.890
17711.57,67.888
17711.94,67.886
17712.30,67.883
17712.67,67.882
17713.04,67.880
17713.40,67.877
17713.77,67.875
17714.13,67.874
17714.50,67.871
17714.87,67.869
17715.23,67.868
17715.60,67.865
17715.97,67.863
17716.33,67.862
17716.70,67.859
17717.06,67.858
17717.43,67.855
17717.80,67.853
17718.16,67.852
17718.53,67.849
17718.90,67.847
17719.26,67.845
17719.63,67.843
17719.99,67.841
17720.36,67.839
17720.73,67.837
17721.09,67.835
17721.46,67.833
17721.82,67.831
17722.19,67.829
17722.56,67.827
17722.92,67.825
17723.29,67.823
17723.66,67.821
17724.02,67.819
17724.39,67.817
17724.75,67.815
17725.12,67.813
17725.49,67.811
17725.85,67.809
17726.22,67.807
17726.59,67.805
17726.95,67.803
17727.32,67.801
17727.68,67.799
17728.05,67.797
17728.42,67.795
17728.78,67.793
17729.15,67.791
17729.52,67.789
17729.88,67.787
17730.25,67.785
17730.61,67.783
17730.98,67.781
17731.35,67.779
17731.71,67.777
17732.08,67.775
17732.45,67.773
17732.81,67.772
17733.18,67.769
17733.54,67.767
17733.91,67.766
17734.28,67.763
17734.64,67.761
17735.01,67.760
17735.37,67.758
17735.74,67.756
17736.11,67.754
17736.47,67.752
17736.84,67.749
17737.21,67.748
17737.57,67.746
17737.94,67.744
17738.30,67.742
17738.67,67.740
17739.04,67.738
17739.40,67.737
17739.77,67.734
17740.14,67.733
17740.50,67.731
17740.87,67.728
17741.23,67.726
17741.60,67.725
17741.97,67.722
17742.33,67.721
17742.70,67.719
17743.07,67.717
17743.43,67.715
17743.80,67.713
17744.16,67.711
17744.53,67.709
17744.90,67.708
17745.26,67.706
17745.63,67.704
17745.99,67.702
17746.36,67.700
17746.73,67.698
17747.09,67.696
17747.46,67.695
17747.83,67.692
17748.19,67.691
17748.56,67.689
17748.92,67.686
17749.29,67.684
17749.66,67.683
17750.02,67.680
17750.39,67.679
17750.76,67.677
17751.12,67.675
17751.49,67.673
17751.85,67.672
17752.22,67.670
17752.59,67.667
17752.95,67.666
17753.32,67.664
17753.69,67.662
17754.05,67.660
17754.42,67.659
17754.78,67.656
17755.15,67.654
17755.52,67.653
17755.88,67.651
17756.25,67.649
17756.61,67.647
17756.98,67.645
17757.35,67.643
17757.71,67.642
17758.08,67.640
17758.45,67.638
17758.81,67.636
17759.18,67.634
17759.54,67.632
17759.91,67.630
17760.28,67.629
17760.64,67.627
17761.01,67.625
17761.38,67.623
17761.74,67.621
17762.11,67.620
17762.47,67.618
17762.84,67.615
17763.21,67.614
17763.57,67.612
17763.94,67.611
17764.31,67.608
17764.67,67.606
17765.04,67.605
17765.40,67.602
17765.77,67.601
17766.14,67.600
17766.50,67.597
17766.87,67.596
17767.24,67.594
17767.60,67.592
17767.97,67.590
17768.33,67.588
17768.70,67.587
17769.07,67.585
17769.43,67.583
17769.80,67.581
17770.16,67.579
17770.53,67.578
17770.90,67.576
17771.26,67.574
17771.63,67.572
17772.00,67.571
17772.36,67.569
17772.73,67.567
17773.09,67.565
17773.46,67.563
17773.83,67.561
17774.19,67.560
17774.56,67.558
17774.93,67.556
17775.29,67.554
17775.66,67.553
17776.02,67.550
17776.39,67.549
17776.76,67.547
17777.12,67.546
17777.49,67.544
17777.86,67.542
17778.22,67.540
17778.59,67.538
17778.95,67.537
17779.32,67.535
17779.69,67.533
17780.05,67.531
17780.42,67.529
17780.78,67.528
17781.15,67.526
17781.52,67.524
17781.88,67.523
17782.25,67.521
17782.62,67.519
17782.98,67.517
17783.35,67.516
17783.71,67.514
17784.08,67.513
17784.45,67.511
17784.81,67.508
17785.18,67.507
17785.55,67.505
17785.91,67.504
17786.28,67.502
17786.64,67.500
17787.01,67.498
17787.38,67.496
17787.74,67.495
17788.11,67.493
17788.48,67.491
17788.84,67.489
17789.21,67.488
17789.57,67.487
17789.94,67.484
17790.31,67.483
17790.67,67.481
17791.04,67.480
17791.41,67.477
17791.77,67.476
17792.14,67.475
17792.50,67.473
17792.87,67.471
17793.24,67.469
17793.60,67.468
17793.97,67.466
17794.33,67.464
17794.70,67.462
17795.07,67.460
17795.43,67.459
17795.80,67.458
17796.17,67.456
17796.53,67.454
17796.90,67.453
17797.26,67.451
17797.63,67.449
17798.00,67.447
17798.36,67.445
17798.73,67.444
17799.10,67.442
17799.46,67.441
17799.83,67.439
17800.19,67.437
17800.56,67.435
17800.93,67.434
17801.29,67.433
17801.66,67.430
17802.03,67.429
17802.39,67.427
17802.76,67.425
17803.12,67.424
17803.49,67.422
17803.86,67.421
17804.22,67.419
17804.59,67.417
17804.95,67.416
17805.32,67.414
17805.69,67.412
17806.05,67.411
17806.42,67.409
17806.79,67.407
17807.15,67.406
17807.52,67.404
17807.88,67.403
17808.25,67.400
17808.62,67.399
17808.98,67.398
17809.35,67.396
17809.72,67.394
17810.08,67.393
17810.45,67.391
17810.81,67.389
17811.18,67.388
17811.55,67.386
17811.91,67.385
17812.28,67.383
17812.65,67.381
17813.01,67.380
17813.38,67.379
17813.74,67.376
17814.11,67.374
17814.48,67.373
17814.84,67.371
17815.21,67.370
17815.57,67.368
17815.94,67.367
17816.31,67.365
17816.67,67.364
17817.04,67.362
17817.41,67.361
17817.77,67.358
17818.14,67.357
17818.50,67.356
17818.87,67.354
17819.24,67.352
17819.60,67.351
17819.97,67.350
17820.34,67.348
17820.70,67.346
17821.07,67.345
17821.43,67.343
17821.80,67.341
17822.17,67.340
17822.53,67.338
17822.90,67.337
17823.27,67.335
17823.63,67.334
17824.00,67.332
17824.36,67.331
17824.73,67.329
17825.10,67.328
17825.46,67.326
17825.83,67.325
17826.20,67.323
17826.56,67.321
17826.93,67.320
17827.29,67.317
17827.66,67.316
17828.03,67.315
17828.39,67.313
17828.76,67.311
17829.12,67.310
17829.49,67.309
17829.86,67.307
17830.22,67.305
17830.59,67.304
17830.96,67.302
17831.32,67.301
17831.69,67.299
17832.05,67.298
17832.42,67.297
17832.79,67.295
17833.15,67.293
17833.52,67.292
17833.89,67.291
17834.25,67.289
17834.62,67.287
17834.98,67.285
17835.35,67.284
17835.72,67.282
17836.08,67.281
17836.45,67.279
17836.82,67.278
17837.18,67.276
17837.55,67.275
17837.91,67.273
17838.28,67.272
17838.65,67.270
17839.01,67.269
17839.38,67.267
17839.74,67.266
17840.11,67.264
17840.48,67.263
17840.84,67.261
17841.21,67.260
17841.58,67.258
17841.94,67.257
17842.31,67.255
17842.67,67.254
17843.04,67.252
17843.41,67.251
17843.77,67.250
17844.14,67.248
17844.51,67.246
17844.87,67.245
17845.24,67.244
17845.60,67.243
17845.97,67.241
17846.34,67.239
17846.70,67.238
17847.07,67.237
17847.44,67.235
17847.80,67.233
17848.17,67.232
17848.53,67.231
17848.90,67.229
17849.27,67.228
17849.63,67.226
17850.00,67.225
17850.36,67.223
17850.73,67.221
17851.10,67.221
17851.46,67.219
17851.83,67.218
17852.20,67.216
17852.56,67.215
17852.93,67.213
17853.29,67.212
17853.66,67.210
17854.03,67.209
17854.39,67.207
17854.76,67.206
17855.13,67.204
17855.49,67.203
17855.86,67.202
17856.22,67.200
17856.59,67.198
17856.96,67.197
17857.32,67.196
17857.69,67.195
17858.06,67.193
17858.42,67.192
17858.79,67.191
17859.15,67.189
17859.52,67.188
17859.89,67.186
17860.25,67.184
17860.62,67.183
17860.99,67.181
17861.35,67.180
17861.72,67.179
17862.08,67.178
17862.45,67.176
17862.82,67.174
17863.18,67.173
17863.55,67.171
17863.91,67.170
17864.28,67.169
17864.65,67.168
17865.01,67.166
17865.38,67.165
17865.75,67.163
17866.11,67.162
17866.48,67.161
17866.84,67.160
17867.21,67.158
17867.58,67.156
17867.94,67.155
17868.31,67.153
17868.68,67.153
17869.04,67.151
17869.41,67.149
17869.77,67.148
17870.14,67.147
17870.51,67.145
17870.87,67.144
17871.24,67.143
17871.61,67.142
17871.97,67.140
17872.34,67.138
17872.70,67.138
17873.07,67.136
17873.44,67.135
17873.80,67.133
17874.17,67.131
17874.53,67.130
17874.90,67.130
17875.27,67.128
17875.63,67.126
17876.00,67.125
17876.37,67.124
17876.73,67.123
17877.10,67.121
17877.46,67.120
17877.83,67.118
17878.20,67.118
17878.56,67.116
17878.93,67.114
17879.30,67.113
17879.66,67.112
17880.03,67.111
17880.39,67.109
17880.76,67.108
17881.13,67.106
17881.49,67.106
17881.86,67.104
17882.23,67.102
17882.59,67.101
17882.96,67.100
17883.32,67.099
17883.69,67.097
17884.06,67.095
17884.42,67.095
17884.79,67.094
17885.16,67.092
17885.52,67.090
17885.89,67.090
17886.25,67.088
17886.62,67.087
17886.99,67.085
17887.35,67.084
17887.72,67.083
17888.08,67.082
17888.45,67.080
17888.82,67.079
17889.18,67.077
17889.55,67.076
17889.92,67.075
17890.28,67.074
17890.65,67.073
17891.01,67.071
17891.38,67.070
17891.75,67.069
17892.11,67.067
17892.48,67.066
17892.85,67.065
17893.21,67.064
17893.58,67.062
17893.94,67.061
17894.31,67.059
17894.68,67.058
17895.04,67.058
17895.41,67.056
17895.78,67.055
17896.14,67.053
17896.51,67.052
17896.87,67.050
17897.24,67.049
17897.61,67.049
17897.97,67.047
17898.34,67.046
17898.70,67.044
17899.07,67.043
17899.44,67.042
17899.80,67.041
17900.17,67.040
17900.54,67.038
17900.90,67.037
17901.27,67.035
17901.63,67.035
17902.00,67.034
17902.37,67.032
17902.73,67.031
17903.10,67.029
17903.47,67.028
17903.83,67.027
17904.20,67.026
17904.56,67.024
17904.93,67.023
17905.30,67.022
17905.66,67.021
17906.03,67.019
17906.40,67.019
17906.76,67.017
17907.13,67.016
17907.49,67.014
17907.86,67.013
17908.23,67.013
17908.59,67.011
17908.96,67.010
17909.32,67.008
17909.69,67.007
17910.06,67.006
17910.42,67.005
17910.79,67.004
17911.16,67.002
17911.52,67.001
17911.89,67.000
17912.25,66.999
17912.62,66.998
17912.99,66.996
17913.35,66.995
17913.72,66.994
17914.09,66.993
17914.45,66.992
17914.82,66.990
17915.18,66.989
17915.55,66.988
17915.92,66.987
17916.28,66.986
17916.65,66.984
17917.02,66.983
17917.38,66.982
17917.75,66.981
17918.11,66.980
17918.48,66.978
17918.85,66.977
17919.21,66.976
17919.58,66.975
17919.95,66.974
17920.31,66.973
17920.68,66.971
17921.04,66.970
17921.41,66.969
17921.78,66.968
17922.14,66.967
17922.51,66.965
17922.87,66.965
17923.24,66.964
17923.61,66.962
17923.97,66.961
17924.34,66.960
17924.71,66.959
17925.07,66.958
17925.44,66.957
17925.80,66.956
17926.17,66.954
17926.54,66.953
17926.90,66.951
17927.27,66.951
17927.64,66.950
17928.00,66.948
17928.37,66.947
17928.73,66.947
17929.10,66.945
17929.47,66.944
17929.83,66.942
17930.20,66.942
17930.57,66.941
17930.93,66.940
17931.30,66.939
17931.66,66.937
17932.03,66.936
17932.40,66.934
17932.76,66.934
17933.13,66.933
17933.49,66.931
17933.86,66.930
17934.23,66.929
17934.59,66.928
17934.96,66.927
17935.33,66.926
17935.69,66.925
17936.06,66.923
17936.42,66.922
17936.79,66.922
17937.16,66.921
17937.52,66.919
17937.89,66.918
17938.26,66.917
17938.62,66.916
17938.99,66.915
17939.35,66.914
17939.72,66.912
17940.09,66.911
17940.45,66.910
17940.82,66.909
17941.19,66.908
17941.55,66.907
17941.92,66.906
17942.28,66.905
17942.65,66.904
17943.02,66.903
17943.38,66.901
17943.75,66.900
17944.12,66.900
17944.48,66.898
17944.85,66.898
17945.21,66.896
17945.58,66.895
17945.95,66.894
17946.31,66.893
17946.68,66.892
17947.04,66.891
17947.41,66.889
17947.78,66.889
17948.14,66.888
17948.51,66.886
17948.88,66.886
17949.24,66.885
17949.61,66.883
17949.97,66.882
17950.34,66.882
17950.71,66.880
17951.07,66.880
17951.44,66.878
17951.81,66.877
17952.17,66.876
17952.54,66.875
17952.90,66.874
17953.27,66.873
17953.64,66.872
17954.00,66.870
17954.37,66.870
17954.74,66.869
17955.10,66.868
17955.47,66.867
17955.83,66.865
17956.20,66.864
17956.57,66.864
17956.93,66.863
17957.30,66.862
17957.66,66.861
17958.03,66.859
17958.40,66.858
17958.76,66.858
17959.13,66.857
17959.50,66.855
17959.86,66.855
17960.23,66.853
17960.59,66.852
17960.96,66.852
17961.33,66.850
17961.69,66.849
17962.06,66.848
17962.43,66.847
17962.79,66.846
17963.16,66.845
17963.52,66.844
17963.89,66.844
17964.26,66.842
17964.62,66.841
17964.99,66.840
17965.36,66.839
17965.72,66.838
17966.09,66.837
17966.45,66.836
17966.82,66.835
17967.19,66.834
17967.55,66.833
17967.92,66.832
17968.28,66.831
17968.65,66.830
17969.02,66.829
17969.38,66.828
17969.75,66.828
17970.12,66.826
17970.48,66.825
17970.85,66.825
17971.21,66.823
17971.58,66.822
17971.95,66.821
17972.31,66.820
17972.68,66.820
17973.05,66.818
17973.41,66.817
17973.78,66.816
17974.14,66.815
17974.51,66.815
17974.88,66.814
17975.24,66.812
17975.61,66.811
17975.98,66.811
17976.34,66.809
17976.71,66.809
17977.07,66.808
17977.44,66.806
17977.81,66.805
17978.17,66.805
17978.54,66.803
17978.91,66.802
17979.27,66.802
17979.64,66.800
17980.00,66.800
17980.37,66.799
17980.74,66.797
17981.10,66.797
17981.47,66.796
17981.83,66.796
17982.20,66.794
17982.57,66.793
17982.93,66.792
17983.30,66.791
17983.67,66.791
17984.03,66.790
17984.40,66.788
17984.76,66.787
17985.13,66.787
17985.50,66.786
17985.86,66.785
17986.23,66.784
17986.60,66.783
17986.96,66.782
17987.33,66.781
17987.69,66.780
17988.06,66.779
17988.43,66.778
17988.79,66.778
17989.16,66.776
17989.53,66.775
17989.89,66.775
17990.26,66.773
17990.62,66.773
17990.99,66.772
17991.36,66.771
17991.72,66.770
17992.09,66.769
17992.45,66.768
17992.82,66.767
17993.19,66.767
17993.55,66.765
17993.92,66.764
17994.29,66.763
17994.65,66.763
17995.02,66.762
17995.38,66.761
17995.75,66.760
17996.12,66.760
17996.48,66.758
17996.85,66.757
17997.22,66.757
17997.58,66.755
17997.95,66.755
17998.31,66.754
17998.68,66.753
17999.05,66.752
17999.41,66.751
17999.78,66.750
18000.15,66.749
18000.51,66.749
18000.88,66.748
18001.24,66.746
18001.61,66.746
18001.98,66.745
18002.34,66.744
18002.71,66.743
18003.07,66.742
18003.44,66.742
18003.81,66.740
18004.17,66.739
18004.54,66.738
18004.91,66.738
18005.27,66.737
18005.64,66.737
18006.00,66.735
18006.37,66.734
18006.74,66.733
18007.10,66.733
18007.47,66.732
18007.84,66.731
18008.20,66.730
18008.57,66.730
18008.93,66.728
18009.30,66.727
18009.67,66.727
18010.03,66.726
18010.40,66.725
18010.77,66.725
18011.13,66.723
18011.50,66.722
18011.86,66.721
18012.23,66.721
18012.60,66.720
18012.96,66.719
18013.33,66.718
18013.70,66.717
18014.06,66.716
18014.43,66.715
18014.79,66.715
18015.16,66.713
18015.53,66.713
18015.89,66.712
18016.26,66.712
18016.62,66.710
18016.99,66.710
18017.36,66.709
18017.72,66.708
18018.09,66.707
18018.46,66.707
18018.82,66.706
18019.19,66.705
18019.55,66.704
18019.92,66.703
18020.29,66.702
18020.65,66.702
18021.02,66.701
18021.39,66.700
18021.75,66.699
18022.12,66.698
18022.48,66.697
18022.85,66.697
18023.22,66.696
18023.58,66.695
18023.95,66.694
18024.32,66.693
18024.68,66.692
18025.05,66.691
18025.41,66.691
18025.78,66.690
18026.15,66.690
18026.51,66.689
18026.88,66.688
18027.24,66.687
18027.61,66.686
18027.98,66.686
18028.34,66.684
18028.71,66.684
18029.08,66.683
18029.44,66.682
18029.81,66.681
18030.17,66.680
18030.54,66.679
18030.91,66.679
18031.27,66.678
18031.64,66.678
18032.01,66.677
18032.37,66.675
18032.74,66.675
18033.10,66.674
18033.47,66.673
18033.84,66.673
18034.20,66.672
18034.57,66.671
18034.94,66.671
18035.30,66.670
18035.67,66.668
18036.03,66.668
18036.40,66.667
18036.77,66.667
18037.13,66.666
18037.50,66.665
18037.87,66.664
18038.23,66.663
18038.60,66.663
18038.96,66.662
18039.33,66.662
18039.70,66.660
18040.06,66.660
18040.43,66.659
18040.79,66.658
18041.16,66.657
18041.53,66.656
18041.89,66.656
18042.26,66.655
18042.63,66.654
18042.99,66.654
18043.36,66.653
18043.72,66.651
18044.09,66.651
18044.46,66.650
18044.82,66.650
18045.19,66.649
18045.56,66.648
18045.92,66.648
18046.29,66.647
18046.65,66.646
18047.02,66.645
18047.39,66.644
18047.75,66.644
18048.12,66.643
18048.49,66.642
18048.85,66.642
18049.22,66.641
18049.58,66.640
18049.95,66.639
18050.32,66.638
18050.68,66.638
18051.05,66.637
18051.41,66.636
18051.78,66.636
18052.15,66.635
18052.51,66.634
18052.88,66.633
18053.25,66.633
18053.61,66.632
18053.98,66.631
18054.34,66.631
18054.71,66.630
18055.08,66.630
18055.44,66.629
18055.81,66.628
18056.18,66.627
18056.54,66.626
18056.91,66.626
18057.27,66.625
18057.64,66.625
18058.01,66.623
18058.37,66.623
18058.74,66.622
18059.11,66.621
18059.47,66.620
18059.84,66.620
18060.20,66.619
18060.57,66.619
18060.94,66.618
18061.30,66.617
18061.67,66.617
18062.03,66.615
18062.40,66.615
18062.77,66.614
18063.13,66.614
18063.50,66.613
18063.87,66.612
18064.23,66.612
18064.60,66.611
18064.96,66.610
18065.33,66.609
18065.70,66.608
18066.06,66.608
18066.43,66.608
18066.80,66.606
18067.16,66.606
18067.53,66.606
18067.89,66.605
18068.26,66.604
18068.63,66.603
18068.99,66.603
18069.36,66.602
18069.73,66.601
18070.09,66.601
18070.46,66.600
18070.82,66.599
18071.19,66.599
18071.56,66.597
18071.92,66.597
18072.29,66.597
18072.66,66.596
18073.02,66.595
18073.39,66.595
18073.75,66.594
18074.12,66.593
18074.49,66.593
18074.85,66.592
18075.22,66.591
18075.58,66.591
18075.95,66.590
18076.32,66.590
18076.68,66.588
18077.05,66.588
18077.42,66.588
18077.78,66.587
18078.15,66.586
18078.51,66.585
18078.88,66.584
18079.25,66.584
18079.61,66.584
18079.98,66.582
18080.35,66.582
18080.71,66.582
18081.08,66.581
18081.44,66.580
18081.81,66.579
18082.18,66.578
18082.54,66.578
18082.91,66.578
18083.28,66.576
18083.64,66.576
18084.01,66.576
18084.37,66.575
18084.74,66.575
18085.11,66.574
18085.47,66.573
18085.84,66.572
18086.20,66.572
18086.57,66.571
18086.94,66.570
18087.30,66.570
18087.67,66.569
18088.04,66.569
18088.40,66.568
18088.77,66.567
18089.13,66.566
18089.50,66.566
18089.87,66.566
18090.23,66.565
18090.60,66.564
18090.97,66.564
18091.33,66.563
18091.70,66.562
18092.06,66.561
18092.43,66.561
18092.80,66.560
18093.16,66.559
18093.53,66.559
18093.90,66.559
18094.26,66.558
18094.63,66.558
18094.99,66.557
18095.36,66.556
18095.73,66.555
18096.09,66.555
18096.46,66.554
18096.82,66.553
18097.19,66.553
18097.56,66.552
18097.92,66.552
18098.29,66.552
18098.66,66.551
18099.02,66.550
18099.39,66.549
18099.75,66.549
18100.12,66.548
18100.49,66.547
18100.85,66.547
18101.22,66.547
18101.59,66.546
18101.95,66.546
18102.32,66.545
18102.68,66.544
18103.05,66.543
18103.42,66.543
18103.78,66.542
18104.15,66.541
18104.52,66.541
18104.88,66.541
18105.25,66.540
18105.61,66.540
18105.98,66.539
18106.35,66.538
18106.71,66.537
18107.08,66.537
18107.45,66.536
18107.81,66.536
18108.18,66.535
18108.54,66.535
18108.91,66.534
18109.28,66.534
18109.64,66.533
18110.01,66.532
18110.37,66.532
18110.74,66.531
18111.11,66.530
18111.47,66.530
18111.84,66.529
18112.21,66.529
18112.57,66.528
18112.94,66.528
18113.30,66.528
18113.67,66.526
18114.04,66.526
18114.40,66.525
18114.77,66.525
18115.14,66.524
18115.50,66.524
18115.87,66.523
18116.23,66.523
18116.60,66.522
18116.97,66.522
18117.33,66.521
18117.70,66.520
18118.07,66.520
18118.43,66.519
18118.80,66.519
18119.16,66.518
18119.53,66.517
18119.90,66.517
18120.26,66.517
18120.63,66.516
18120.99,66.516
18121.36,66.515
18121.73,66.514
18122.09,66.514
18122.46,66.513
18122.83,66.513
18123.19,66.512
18123.56,66.511
18123.92,66.511
18124.29,66.511
18124.66,66.510
18125.02,66.510
18125.39,66.509
18125.76,66.508
18126.12,66.508
18126.49,66.507
18126.85,66.507
18127.22,66.506
18127.59,66.505
18127.95,66.505
18128.32,66.505
18128.69,66.504
18129.05,66.504
18129.42,66.503
18129.78,66.502
18130.15,66.502
18130.52,66.501
18130.88,66.501
18131.25,66.501
18131.62,66.499
18131.98,66.499
18132.35,66.499
18132.71,66.499
18133.08,66.498
18133.45,66.497
18133.81,66.497
18134.18,66.496
18134.54,66.495
18134.91,66.495
18135.28,66.495
18135.64,66.495
18136.01,66.493
18136.38,66.493
18136.74,66.493
18137.11,66.492
18137.47,66.492
18137.84,66.491
18138.21,66.490
18138.57,66.490
18138.94,66.490
18139.31,66.489
18139.67,66.489
18140.04,66.488
18140.40,66.487
18140.77,66.487
18141.14,66.487
18141.50,66.486
18141.87,66.486
18142.24,66.485
18142.60,66.484
18142.97,66.484
18143.33,66.483
18143.70,66.483
18144.07,66.483
18144.43,66.482
18144.80,66.481
18145.16,66.481
18145.53,66.481
18145.90,66.480
18146.26,66.480
18146.63,66.479
18147.00,66.478
18147.36,66.478
18147.73,66.477
18148.09,66.477
18148.46,66.477
18148.83,66.476
18149.19,66.475
18149.56,66.475
18149.93,66.475
18150.29,66.474
18150.66,66.474
18151.02,66.473
18151.39,66.472
18151.76,66.472
18152.12,66.471
18152.49,66.471
18152.86,66.471
18153.22,66.471
18153.59,66.469
18153.95,66.469
18154.32,66.469
18154.69,66.469
18155.05,66.468
18155.42,66.467
18155.78,66.467
18156.15,66.466
18156.52,66.466
18156.88,66.465
18157.25,66.465
18157.62,66.465
18157.98,66.464
18158.35,66.464
18158.71,66.463
18159.08,66.463
18159.45,66.462
18159.81,66.462
18160.18,66.462
18160.55,66.460
18160.91,66.460
18161.28,66.460
18161.64,66.459
18162.01,66.459
18162.38,66.458
18162.74,66.458
18163.11,66.458
18163.48,66.457
18163.84,66.457
18164.21,66.456
18164.57,66.456
18164.94,66.455
18165.31,66.455
18165.67,66.454
18166.04,66.453
18166.41,66.453
18166.77,66.453
18167.14,66.452
18167.50,66.452
18167.87,66.452
18168.24,66.451
18168.60,66.451
18168.97,66.451
18169.33,66.450
18169.70,66.449
18170.07,66.449
18170.43,66.448
18170.80,66.448
18171.17,66.447
18171.53,66.447
18171.90,66.446
18172.26,66.446
18172.63,66.446
18173.00,66.445
18173.36,66.445
18173.73,66.445
18174.10,66.444
18174.46,66.444
18174.83,66.443
18175.19,66.442
18175.56,66.442
18175.93,66.441
18176.29,66.441
18176.66,66.441
18177.03,66.440
18177.39,66.440
18177.76,66.439
18178.12,66.439
18178.49,66.439
18178.86,66.438
18179.22,66.438
18179.59,66.438
18179.95,66.437
18180.32,66.436
18180.69,66.436
18181.05,66.435
18181.42,66.435
18181.79,66.435
18182.15,66.434
18182.52,66.434
18182.88,66.434
18183.25,66.433
18183.62,66.433
18183.98,66.433
18184.35,66.432
18184.72,66.431
18185.08,66.431
18185.45,66.430
18185.81,66.430
18186.18,66.430
18186.55,66.430
18186.91,66.429
18187.28,66.428
18187.65,66.428
18188.01,66.428
18188.38,66.428
18188.74,66.427
18189.11,66.426
18189.48,66.426
18189.84,66.425
18190.21,66.425
18190.57,66.425
18190.94,66.424
18191.31,66.424
18191.67,66.424
18192.04,66.423
18192.41,66.422
18192.77,66.422
18193.14,66.422
18193.50,66.422
18193.87,66.421
18194.24,66.421
18194.60,66.421
18194.97,66.420
18195.34,66.419
18195.70,66.419
18196.07,66.418
18196.43,66.418
18196.80,66.418
18197.17,66.418
18197.53,66.418
18197.90,66.416
18198.27,66.416
18198.63,66.416
18199.00,66.416
18199.36,66.415
18199.73,66.415
18200.10,66.414
18200.46,66.413
18200.83,66.413
18201.20,66.413
18201.56,66.413
18201.93,66.412
18202.29,66.412
18202.66,66.412
18203.03,66.411
18203.39,66.411
18203.76,66.411
18204.12,66.410
18204.49,66.410
18204.86,66.409
18205.22,66.409
18205.59,66.409
18205.96,66.408
18206.32,66.408
18206.69,66.407
18207.05,66.406
18207.42,66.406
18207.79,66.406
18208.15,66.405
18208.52,66.405
18208.89,66.405
18209.25,66.405
18209.62,66.404
18209.98,66.404
18210.35,66.404
18210.72,66.403
18211.08,66.403
18211.45,66.403
18211.82,66.401
18212.18,66.401
18212.55,66.401
18212.91,66.401
18213.28,66.400
18213.65,66.400
18214.01,66.399
18214.38,66.399
18214.74,66.399
18215.11,66.398
18215.48,66.398
18215.84,66.398
18216.21,66.398
18216.58,66.397
18216.94,66.397
18217.31,66.396
18217.67,66.396
18218.04,66.395
18218.41,66.395
18218.77,66.395
18219.14,66.394
18219.51,66.394
18219.87,66.394
18220.24,66.394
18220.60,66.393
18220.97,66.393
18221.34,66.392
18221.70,66.392
18222.07,66.392
18222.44,66.391
18222.80,66.391
18223.17,66.391
18223.53,66.391
18223.90,66.390
18224.27,66.389
18224.63,66.389
18225.00,66.388
18225.37,66.388
18225.73,66.388
18226.10,66.388
18226.46,66.388
18226.83,66.386
18227.20,66.386
18227.56,66.386
18227.93,66.386
18228.29,66.386
18228.66,66.386
18229.03,66.385
18229.39,66.385
18229.76,66.384
18230.13,66.383
18230.49,66.383
18230.86,66.383
18231.22,66.383
18231.59,66.382
18231.96,66.382
18232.32,66.382
18232.69,66.381
18233.06,66.381
18233.42,66.381
18233.79,66.381
18234.15,66.380
18234.52,66.380
18234.89,66.379
18235.25,66.379
18235.62,66.379
18235.99,66.379
18236.35,66.378
18236.72,66.377
18237.08,66.377
18237.45,66.376
18237.82,66.376
18238.18,66.376
18238.55,66.376
18238.91,66.375
18239.28,66.375
18239.65,66.375
18240.01,66.375
18240.38,66.374
18240.75,66.374
18241.11,66.374
18241.48,66.373
18241.84,66.373
18242.21,66.373
18242.58,66.373
18242.94,66.372
18243.31,66.371
18243.68,66.371
18244.04,66.371
18244.41,66.370
18244.77,66.370
18245.14,66.370
18245.51,66.370
18245.87,66.370
18246.24,66.369
18246.61,66.368
18246.97,66.368
18247.34,66.368
18247.70,66.368
18248.07,66.368
18248.44,66.367
18248.80,66.367
18249.17,66.366
18249.53,66.366
18249.90,66.365
18250.27,66.365
18250.63,66.365
18251.00,66.365
18251.37,66.364
18251.73,66.364
18252.10,66.364
18252.46,66.364
18252.83,66.363
18253.20,66.363
18253.56,66.362
18253.93,66.362
18254.30,66.362
18254.66,66.362
18255.03,66.361
18255.39,66.361
18255.76,66.361
18256.13,66.361
18256.49,66.360
18256.86,66.360
18257.23,66.359
18257.59,66.359
18257.96,66.359
18258.32,66.359
18258.69,66.358
18259.06,66.358
18259.42,66.358
18259.79,66.358
18260.16,66.357
18260.52,66.357
18260.89,66.356
18261.25,66.356
18261.62,66.356
18261.99,66.356
18262.35,66.355
18262.72,66.355
18263.08,66.355
18263.45,66.355
18263.82,66.354
18264.18,66.353
18264.55,66.353
18264.92,66.353
18265.28,66.352
18265.65,66.352
18266.01,66.352
18266.38,66.352
18266.75,66.352
18267.11,66.351
18267.48,66.351
18267.85,66.351
18268.21,66.350
18268.58,66.350
18268.94,66.350
18269.31,66.350
18269.68,66.349
18270.04,66.349
18270.41,66.348
18270.78,66.348
18271.14,66.348
18271.51,66.347
18271.87,66.347
18272.24,66.347
18272.61,66.347
18272.97,66.346
18273.34,66.346
18273.70,66.346
18274.07,66.346
18274.44,66.345
18274.80,66.345
18275.17,66.344
18275.54,66.344
18275.90,66.344
18276.27,66.344
18276.63,66.344
18277.00,66.343
18277.37,66.343
18277.73,66.343
18278.10,66.343
18278.47,66.342
18278.83,66.342
18279.20,66.341
18279.56,66.341
18279.93,66.341
18280.30,66.340
18280.66,66.340
18281.03,66.340
18281.40,66.340
18281.76,66.340
18282.13,66.340
18282.49,66.339
18282.86,66.339
18283.23,66.339
18283.59,66.338
18283.96,66.338
18284.32,66.338
18284.69,66.337
18285.06,66.337
18285.42,66.337
18285.79,66.337
18286.16,66.337
18286.52,66.336
18286.89,66.335
18287.25,66.335
18287.62,66.335
18287.99,66.335
18288.35,66.335
18288.72,66.335
18289.09,66.334
18289.45,66.334
18289.82,66.334
18290.18,66.333
18290.55,66.333
18290.92,66.333
18291.28,66.332
18291.65,66.332
18292.02,66.332
18292.38,66.332
18292.75,66.332
18293.11,66.331
18293.48,66.331
18293.85,66.330
18294.21,66.330
18294.58,66.330
18294.95,66.329
18295.31,66.329
18295.68,66.329
18296.04,66.329
18296.41,66.328
18296.78,66.328
18297.14,66.328
18297.51,66.328
18297.87,66.328
18298.24,66.327
18298.61,66.327
18298.97,66.327
18299.34,66.327
18299.71,66.327
18300.07,66.326
18300.44,66.326
18300.80,66.325
18301.17,66.325
18301.54,66.325
18301.90,66.325
18302.27,66.325
18302.64,66.324
18303.00,66.324
18303.37,66.323
18303.73,66.323
18304.10,66.323
18304.47,66.322
18304.83,66.322
18305.20,66.322
18305.57,66.322
18305.93,66.322
18306.30,66.322
18306.66,66.322
18307.03,66.321
18307.40,66.321
18307.76,66.321
18308.13,66.320
18308.49,66.320
18308.86,66.320
18309.23,66.320
18309.59,66.320
18309.96,66.319
18310.33,66.319
18310.69,66.318
18311.06,66.318
18311.42,66.318
18311.79,66.317
18312.16,66.317
18312.52,66.317
18312.89,66.317
18313.26,66.317
18313.62,66.316
18313.99,66.316
18314.35,66.316
18314.72,66.316
18315.09,66.316
18315.45,66.315
18315.82,66.315
18316.19,66.314
18316.55,66.314
18316.92,66.314
18317.28,66.314
18317.65,66.314
18318.02,66.314
18318.38,66.313
18318.75,66.313
18319.12,66.312
18319.48,66.312
18319.85,66.312
18320.21,66.312
18320.58,66.312
18320.95,66.311
18321.31,66.311
18321.68,66.311
18322.04,66.310
18322.41,66.310
18322.78,66.310
18323.14,66.310
18323.51,66.310
18323.88,66.309
18324.24,66.309
18324.61,66.309
18324.97,66.308
18325.34,66.308
18325.71,66.308
18326.07,66.308
18326.44,66.308
18326.81,66.308
18327.17,66.308
18327.54,66.308
18327.90,66.307
18328.27,66.307
18328.64,66.306
18329.00,66.306
18329.37,66.306
18329.74,66.306
18330.10,66.305
18330.47,66.305
18330.83,66.305
18331.20,66.305
18331.57,66.305
18331.93,66.304
18332.30,66.304
18332.66,66.304
18333.03,66.303
18333.40,66.303
18333.76,66.303
18334.13,66.303
18334.50,66.303
18334.86,66.303
18335.23,66.303
18335.59,66.302
18335.96,66.302
18336.33,66.302
18336.69,66.302
18337.06,66.301
18337.43,66.301
18337.79,66.301
18338.16,66.300
18338.52,66.300
18338.89,66.300
18339.26,66.299
18339.62,66.299
18339.99,66.299
18340.36,66.299
18340.72,66.299
18341.09,66.299
18341.45,66.299
18341.82,66.299
18342.19,66.299
18342.55,66.297
18342.92,66.297
18343.28,66.297
18343.65,66.297
18344.02,66.297
18344.38,66.297
18344.75,66.297
18345.12,66.297
18345.48,66.297
18345.85,66.296
18346.21,66.296
18346.58,66.295
18346.95,66.295
18347.31,66.295
18347.68,66.294
18348.05,66.294
18348.41,66.294
18348.78,66.294
18349.14,66.294
18349.51,66.294
18349.88,66.293
18350.24,66.293
18350.61,66.293
18350.98,66.293
18351.34,66.293
18351.71,66.293
18352.07,66.293
18352.44,66.292
18352.81,66.292
18353.17,66.292
18353.54,66.291
18353.91,66.291
18354.27,66.291
18354.64,66.291
18355.00,66.291
18355.37,66.291
18355.74,66.290
18356.10,66.290
18356.47,66.290
18356.83,66.289
18357.20,66.289
18357.57,66.289
18357.93,66.288
18358.30,66.288
18358.67,66.288
18359.03,66.288
18359.40,66.288
18359.76,66.288
18360.13,66.288
18360.50,66.287
18360.86,66.287
18361.23,66.287
18361.60,66.287
18361.96,66.287
18362.33,66.287
18362.69,66.286
18363.06,66.286
18363.43,66.286
18363.79,66.285
18364.16,66.285
18364.53,66.285
18364.89,66.285
18365.26,66.285
18365.62,66.285
18365.99,66.285
18366.36,66.284
18366.72,66.284
18367.09,66.284
18367.45,66.283
18367.82,66.283
18368.19,66.283
18368.55,66.283
18368.92,66.282
18369.29,66.282
18369.65,66.282
18370.02,66.282
18370.38,66.282
18370.75,66.282
18371.12,66.281
18371.48,66.281
18371.85,66.281
18372.22,66.281
18372.58,66.281
18372.95,66.281
18373.31,66.281
18373.68,66.280
18374.05,66.280
18374.41,66.279
18374.78,66.279
18375.15,66.279
18375.51,66.279
18375.88,66.279
18376.24,66.279
18376.61,66.279
18376.98,66.279
18377.34,66.279
18377.71,66.278
18378.08,66.278
18378.44,66.278
18378.81,66.277
18379.17,66.277
18379.54,66.277
18379.91,66.277
18380.27,66.276
18380.64,66.276
18381.00,66.276
18381.37,66.276
18381.74,66.275
18382.10,66.275
18382.47,66.275
18382.84,66.275
18383.20,66.275
18383.57,66.275
18383.93,66.275
18384.30,66.275
18384.67,66.274
18385.03,66.274
18385.40,66.274
18385.77,66.273
18386.13,66.273
18386.50,66.273
18386.86,66.273
18387.23,66.273
18387.60,66.273
18387.96,66.273
18388.33,66.272
18388.70,66.272
18389.06,66.272
18389.43,66.272
18389.79,66.272
18390.16,66.272
18390.53,66.272
18390.89,66.272
18391.26,66.271
18391.62,66.270
18391.99,66.270
18392.36,66.270
18392.72,66.270
18393.09,66.270
18393.46,66.270
18393.82,66.269
18394.19,66.269
18394.55,66.269
18394.92,66.269
18395.29,66.269
18395.65,66.269
18396.02,66.269
18396.39,66.269
18396.75,66.268
18397.12,66.268
18397.48,66.268
18397.85,66.268
18398.22,66.267
18398.58,66.267
18398.95,66.267
18399.32,66.267
18399.68,66.267
18400.05,66.267
18400.41,66.267
18400.78,66.267
18401.15,66.266
18401.51,66.266
18401.88,66.266
18402.24,66.266
18402.61,66.266
18402.98,66.265
18403.34,66.265
18403.71,66.265
18404.08,66.265
18404.44,66.264
18404.81,66.264
18405.17,66.264
18405.54,66.264
18405.91,66.263
18406.27,66.263
18406.64,66.263
18407.01,66.263
18407.37,66.263
18407.74,66.263
18408.10,66.263
18408.47,66.262
18408.84,66.262
18409.20,66.262
18409.57,66.262
18409.94,66.262
18410.30,66.262
18410.67,66.261
18411.03,66.261
18411.40,66.261
18411.77,66.261
18412.13,66.261
18412.50,66.261
18412.87,66.261
18413.23,66.261
18413.60,66.261
18413.96,66.260
18414.33,66.260
18414.70,66.260
18415.06,66.260
18415.43,66.259
18415.79,66.259
18416.16,66.259
18416.53,66.259
18416.89,66.259
18417.26,66.258
18417.63,66.258
18417.99,66.258
18418.36,66.258
18418.72,66.257
18419.09,66.257
18419.46,66.257
18419.82,66.257
18420.19,66.257
18420.56,66.257
18420.92,66.257
18421.29,66.257
18421.65,66.257
18422.02,66.256
18422.39,66.256
18422.75,66.256
18423.12,66.256
18423.49,66.256
18423.85,66.256
18424.22,66.256
18424.58,66.256
18424.95,66.255
18425.32,66.255
18425.68,66.255
18426.05,66.255
18426.41,66.255
18426.78,66.255
18427.15,66.255
18427.51,66.254
18427.88,66.254
18428.25,66.254
18428.61,66.254
18428.98,66.254
18429.34,66.253
18429.71,66.253
18430.08,66.253
18430.44,66.253
18430.81,66.253
18431.18,66.252
18431.54,66.252
18431.91,66.252
18432.27,66.252
18432.64,66.252
18433.01,66.251
18433.37,66.251
18433.74,66.251
18434.11,66.251
18434.47,66.251
18434.84,66.251
18435.20,66.251
18435.57,66.251
18435.94,66.251
18436.30,66.251
18436.67,66.250
18437.03,66.250
18437.40,66.250
18437.77,66.250
18438.13,66.249
18438.50,66.249
18438.87,66.249
18439.23,66.249
18439.60,66.249
18439.96,66.249
18440.33,66.249
18440.70,66.249
18441.06,66.249
18441.43,66.248
18441.80,66.248
18442.16,66.248
18442.53,66.248
18442.89,66.248
18443.26,66.248
18443.63,66.248
18443.99,66.248
18444.36,66.247
18444.73,66.246
18445.09,66.246
18445.46,66.246
18445.82,66.246
18446.19,66.246
18446.56,66.246
18446.92,66.246
18447.29,66.246
18447.66,66.245
18448.02,66.245
18448.39,66.245
18448.75,66.245
18449.12,66.245
18449.49,66.245
18449.85,66.245
18450.22,66.245
18450.58,66.245
18450.95,66.244
18451.32,66.244
18451.68,66.244
18452.05,66.244
18452.42,66.244
18452.78,66.244
18453.15,66.244
18453.51,66.244
18453.88,66.244
18454.25,66.243
18454.61,66.243
18454.98,66.243
18455.35,66.243
18455.71,66.243
18456.08,66.243
18456.44,66.243
18456.81,66.243
18457.18,66.242
18457.54,66.242
18457.91,66.242
18458.28,66.242
18458.64,66.242
18459.01,66.242
18459.37,66.242
18459.74,66.242
18460.11,66.241
18460.47,66.240
18460.84,66.240
18461.20,66.240
18461.57,66.240
18461.94,66.240
18462.30,66.240
18462.67,66.240
18463.04,66.240
18463.40,66.240
18463.77,66.239
18464.13,66.239
18464.50,66.239
18464.87,66.239
18465.23,66.239
18465.60,66.239
18465.97,66.239
18466.33,66.239
18466.70,66.238
18467.06,66.238
18467.43,66.238
18467.80,66.238
18468.16,66.238
18468.53,66.238
18468.90,66.238
18469.26,66.238
18469.63,66.237
18469.99,66.237
18470.36,66.237
18470.73,66.237
18471.09,66.237
18471.46,66.237
18471.83,66.237
18472.19,66.237
18472.56,66.237
18472.92,66.237
18473.29,66.236
18473.66,66.236
18474.02,66.236
18474.39,66.236
18474.75,66.236
18475.12,66.236
18475.49,66.236
18475.85,66.236
18476.22,66.236
18476.59,66.235
18476.95,66.235
18477.32,66.235
18477.68,66.234
18478.05,66.234
18478.42,66.234
18478.78,66.234
18479.15,66.234
18479.52,66.234
18479.88,66.234
18480.25,66.234
18480.61,66.233
18480.98,66.233
18481.35,66.233
18481.71,66.233
18482.08,66.233
18482.45,66.233
18482.81,66.233
18483.18,66.233
18483.54,66.233
18483.91,66.233
18484.28,66.233
18484.64,66.233
18485.01,66.233
18485.37,66.233
18485.74,66.233
18486.11,66.232
18486.47,66.231
18486.84,66.231
18487.21,66.231
18487.57,66.231
18487.94,66.231
18488.30,66.231
18488.67,66.231
18489.04,66.231
18489.40,66.231
18489.77,66.231
18490.14,66.231
18490.50,66.231
18490.87,66.231
18491.23,66.231
18491.60,66.231
18491.97,66.231
18492.33,66.231
18492.70,66.230
18493.07,66.230
18493.43,66.230
18493.80,66.230
18494.16,66.230
18494.53,66.230
18494.90,66.230
18495.26,66.230
18495.63,66.230
18495.99,66.228
18496.36,66.228
18496.73,66.228
18497.09,66.228
18497.46,66.228
18497.83,66.228
18498.19,66.228
18498.56,66.228
18498.92,66.228
18499.29,66.228
18499.66,66.227
18500.02,66.227
18500.39,66.227
18500.76,66.227
18501.12,66.227
18501.49,66.227
18501.85,66.227
18502.22,66.227
18502.59,66.227
18502.95,66.227
18503.32,66.227
18503.69,66.227
18504.05,66.227
18504.42,66.227
18504.78,66.227
18505.15,66.227
18505.52,66.227
18505.88,66.226
18506.25,66.226
18506.62,66.226
18506.98,66.225
18507.35,66.225
18507.71,66.225
18508.08,66.225
18508.45,66.225
18508.81,66.225
18509.18,66.225
18509.54,66.225
18509.91,66.225
18510.28,66.225
18510.64,66.225
18511.01,66.225
18511.38,66.225
18511.74,66.225
18512.11,66.225
18512.47,66.224
18512.84,66.224
18513.21,66.224
18513.57,66.224
18513.94,66.224
18514.31,66.224
18514.67,66.224
18515.04,66.224
18515.40,66.224
18515.77,66.224
18516.14,66.223
18516.50,66.223
18516.87,66.223
18517.24,66.223
18517.60,66.223
18517.97,66.223
18518.33,66.223
18518.70,66.223
18519.07,66.223
18519.43,66.222
18519.80,66.222
18520.16,66.222
18520.53,66.222
18520.90,66.222
18521.26,66.222
18521.63,66.222
18522.00,66.222
18522.36,66.222
18522.73,66.222
18523.09,66.221
18523.46,66.221
18523.83,66.221
18524.19,66.221
18524.56,66.221
18524.93,66.221
18525.29,66.221
18525.66,66.221
18526.02,66.221
18526.39,66.220
18526.76,66.220
18527.12,66.220
18527.49,66.220
18527.86,66.220
18528.22,66.220
18528.59,66.220
18528.95,66.220
18529.32,66.220
18529.69,66.220
18530.05,66.220
18530.42,66.220
18530.78,66.220
18531.15,66.220
18531.52,66.220
18531.88,66.220
18532.25,66.220
18532.62,66.220
18532.98,66.220
18533.35,66.220
18533.71,66.220
18534.08,66.219
18534.45,66.219
18534.81,66.219
18535.18,66.219
18535.55,66.219
18535.91,66.219
18536.28,66.219
18536.64,66.219
18537.01,66.219
18537.38,66.219
18537.74,66.218
18538.11,66.218
18538.48,66.218
18538.84,66.218
18539.21,66.218
18539.57,66.218
18539.94,66.218
18540.31,66.218
18540.67,66.218
18541.04,66.218
18541.41,66.218
18541.77,66.218
18542.14,66.218
18542.50,66.218
18542.87,66.218
18543.24,66.217
18543.60,66.217
18543.97,66.217
18544.33,66.217
18544.70,66.217
18545.07,66.217
18545.43,66.216
18545.80,66.216
18546.17,66.216
18546.53,66.216
18546.90,66.216
18547.26,66.216
18547.63,66.216
18548.00,66.216
18548.36,66.216
18548.73,66.216
18549.10,66.216
18549.46,66.216
18549.83,66.216
18550.19,66.216
18550.56,66.216
18550.93,66.216
18551.29,66.216
18551.66,66.215
18552.03,66.215
18552.39,66.215
18552.76,66.215
18553.12,66.215
18553.49,66.215
18553.86,66.215
18554.22,66.215
18554.59,66.215
18554.95,66.215
18555.32,66.215
18555.69,66.215
18556.05,66.215
18556.42,66.215
18556.79,66.215
18557.15,66.215
18557.52,66.215
18557.88,66.215
18558.25,66.215
18558.62,66.215
18558.98,66.215
18559.35,66.215
18559.72,66.215
18560.08,66.215
18560.45,66.215
18560.81,66.215
18561.18,66.215
18561.55,66.215
18561.91,66.215
18562.28,66.214
18562.65,66.213
18563.01,66.213
18563.38,66.213
18563.74,66.213
18564.11,66.213
18564.48,66.213
18564.84,66.213
18565.21,66.213
18565.58,66.213
18565.94,66.213
18566.31,66.213
18566.67,66.213
18567.04,66.213
18567.41,66.213
18567.77,66.213
18568.14,66.213
18568.50,66.213
18568.87,66.213
18569.24,66.213
18569.60,66.213
18569.97,66.213
18570.34,66.213
18570.70,66.213
18571.07,66.213
18571.43,66.213
18571.80,66.213
18572.17,66.213
18572.53,66.213
18572.90,66.213
18573.27,66.213
18573.63,66.213
18574.00,66.213
18574.36,66.213
18574.73,66.213
18575.10,66.213
18575.46,66.213
18575.83,66.213
18576.20,66.213
18576.56,66.213
18576.93,66.213
18577.29,66.213
18577.66,66.213
18578.03,66.212
18578.39,66.212
18578.76,66.212
18579.12,66.212
18579.49,66.212
18579.86,66.212
18580.22,66.212
18580.59,66.212
18580.96,66.212
18581.32,66.212
18581.69,66.212
18582.05,66.212
18582.42,66.212
18582.79,66.212
18583.15,66.212
18583.52,66.212
18583.89,66.212
18584.25,66.212
18584.62,66.212
18584.98,66.212
18585.35,66.212
18585.72,66.212
18586.08,66.212
18586.45,66.212
18586.82,66.212
18587.18,66.212
18587.55,66.212
18587.91,66.212
18588.28,66.212
18588.65,66.212
18589.01,66.212
18589.38,66.212
18589.74,66.212
18590.11,66.212
18590.48,66.212
18590.84,66.212
18591.21,66.211
18591.58,66.211
18591.94,66.211
18592.31,66.211
18592.67,66.211
18593.04,66.211
18593.41,66.211
18593.77,66.211
18594.14,66.211
18594.51,66.211
18594.87,66.211
18595.24,66.211
18595.60,66.211
18595.97,66.211
18596.34,66.211
18596.70,66.211
18597.07,66.211
18597.44,66.211
18597.80,66.211
18598.17,66.211
18598.53,66.211
18598.90,66.211
18599.27,66.211
18599.63,66.211
18600.00,66.210
18600.37,66.210
18600.73,66.210
18601.10,66.210
18601.46,66.210
18601.83,66.210
18602.20,66.210
18602.56,66.210
18602.93,66.210
18603.29,66.210
18603.66,66.210
18604.03,66.210
18604.39,66.210
18604.76,66.210
18605.13,66.210
18605.49,66.210
18605.86,66.210
18606.22,66.210
18606.59,66.210
18606.96,66.210
18607.32,66.210
18607.69,66.210
18608.06,66.210
18608.42,66.210
18608.79,66.210
18609.15,66.210
18609.52,66.210
18609.89,66.210
18610.25,66.210
18610.62,66.210
18610.99,66.210
18611.35,66.210
18611.72,66.210
18612.08,66.210
18612.45,66.210
18612.82,66.210
18613.18,66.210
18613.55,66.210
18613.91,66.210
18614.28,66.210
18614.65,66.210
18615.01,66.210
18615.38,66.210
18615.75,66.210
18616.11,66.210
18616.48,66.210
18616.84,66.210
18617.21,66.210
18617.58,66.210
18617.94,66.210
18618.31,66.210
18618.68,66.210
18619.04,66.210
18619.41,66.210
18619.77,66.210
18620.14,66.210
18620.51,66.210
18620.87,66.210
18621.24,66.210
18621.61,66.210
18621.97,66.210
18622.34,66.210
18622.70,66.210
18623.07,66.210
18623.44,66.210
18623.80,66.210
18624.17,66.210
18624.53,66.210
18624.90,66.210
18625.27,66.210
18625.63,66.210
18626.00,66.210
18626.37,66.210
18626.73,66.210
18627.10,66.210
18627.46,66.210
18627.83,66.210
18628.20,66.210
18628.56,66.210
18628.93,66.211
18629.30,66.211
18629.66,66.211
18630.03,66.211
18630.39,66.211
18630.76,66.211
18631.13,66.211
18631.49,66.211
18631.86,66.211
18632.23,66.211
18632.59,66.211
18632.96,66.211
18633.32,66.211
18633.69,66.211
18634.06,66.211
18634.42,66.211
18634.79,66.212
18635.16,66.212
18635.52,66.212
18635.89,66.212
18636.25,66.212
18636.62,66.212
18636.99,66.212
18637.35,66.212
18637.72,66.212
18638.08,66.212
18638.45,66.212
18638.82,66.212
18639.18,66.212
18639.55,66.212
18639.92,66.212
18640.28,66.212
18640.65,66.212
18641.01,66.212
18641.38,66.212
18641.75,66.212
18642.11,66.212
18642.48,66.212
18642.85,66.212
18643.21,66.212
18643.58,66.212
18643.94,66.212
18644.31,66.212
18644.68,66.212
18645.04,66.212
18645.41,66.212
18645.78,66.213
18646.14,66.213
18646.51,66.213
18646.87,66.213
18647.24,66.213
18647.61,66.213
18647.97,66.213
18648.34,66.213
18648.70,66.213
18649.07,66.213
18649.44,66.213
18649.80,66.213
18650.17,66.213
18650.54,66.213
18650.90,66.213
18651.27,66.213
18651.63,66.213
18652.00,66.213
18652.37,66.213
18652.73,66.213
18653.10,66.213
18653.47,66.213
18653.83,66.214
18654.20,66.214
18654.56,66.214
18654.93,66.214
18655.30,66.214
18655.66,66.214
18656.03,66.214
18656.40,66.214
18656.76,66.214
18657.13,66.214
18657.49,66.214
18657.86,66.214
18658.23,66.214
18658.59,66.214
18658.96,66.214
18659.33,66.215
18659.69,66.215
18660.06,66.215
18660.42,66.215
18660.79,66.215
18661.16,66.215
18661.52,66.215
18661.89,66.215
18662.25,66.215
18662.62,66.215
18662.99,66.215
18663.35,66.215
18663.72,66.215
18664.09,66.215
18664.45,66.215
18664.82,66.215
18665.18,66.215
18665.55,66.216
18665.92,66.216
18666.28,66.216
18666.65,66.216
18667.02,66.216
18667.38,66.216
18667.75,66.216
18668.11,66.216
18668.48,66.216
18668.85,66.216
18669.21,66.216
18669.58,66.216
18669.95,66.216
18670.31,66.216
18670.68,66.216
18671.04,66.217
18671.41,66.217
18671.78,66.217
18672.14,66.218
18672.51,66.218
18672.87,66.218
18673.24,66.218
18673.61,66.218
18673.97,66.218
18674.34,66.218
18674.71,66.218
18675.07,66.218
18675.44,66.218
18675.80,66.218
18676.17,66.218
18676.54,66.219
18676.90,66.219
18677.27,66.219
18677.64,66.219
18678.00,66.219
18678.37,66.219
18678.73,66.219
18679.10,66.219
18679.47,66.219
18679.83,66.219
18680.20,66.219
18680.57,66.219
18680.93,66.219
18681.30,66.219
18681.66,66.220
18682.03,66.220
18682.40,66.220
18682.76,66.220
18683.13,66.220
18683.49,66.220
18683.86,66.220
18684.23,66.220
18684.59,66.221
18684.96,66.221
18685.33,66.221
18685.69,66.221
18686.06,66.221
18686.42,66.221
18686.79,66.221
18687.16,66.221
18687.52,66.221
18687.89,66.221
18688.26,66.221
18688.62,66.221
18688.99,66.221
18689.35,66.221
18689.72,66.221
18690.09,66.222
18690.45,66.222
18690.82,66.222
18691.19,66.222
18691.55,66.222
18691.92,66.222
18692.28,66.223
18692.65,66.223
18693.02,66.223
18693.38,66.223
18693.75,66.223
18694.12,66.223
18694.48,66.224
18694.85,66.224
18695.21,66.224
18695.58,66.224
18695.95,66.224
18696.31,66.224
18696.68,66.224
18697.04,66.225
18697.41,66.225
18697.78,66.225
18698.14,66.225
18698.51,66.225
18698.88,66.225
18699.24,66.225
18699.61,66.225
18699.97,66.225
18700.34,66.225
18700.71,66.225
18701.07,66.226
18701.44,66.226
18701.81,66.226
18702.17,66.226
18702.54,66.226
18702.90,66.226
18703.27,66.226
18703.64,66.226
18704.00,66.226
18704.37,66.227
18704.74,66.227
18705.10,66.227
18705.47,66.227
18705.83,66.227
18706.20,66.227
18706.57,66.227
18706.93,66.228
18707.30,66.228
18707.66,66.228
18708.03,66.228
18708.40,66.228
18708.76,66.229
18709.13,66.229
18709.50,66.229
18709.86,66.229
18710.23,66.229
18710.59,66.230
18710.96,66.230
18711.33,66.230
18711.69,66.230
18712.06,66.230
18712.43,66.230
18712.79,66.231
18713.16,66.231
18713.52,66.231
18713.89,66.231
18714.26,66.231
18714.62,66.231
18714.99,66.231
18715.36,66.231
18715.72,66.231
18716.09,66.231
18716.45,66.231
18716.82,66.232
18717.19,66.233
18717.55,66.233
18717.92,66.233
18718.28,66.233
18718.65,66.233
18719.02,66.233
18719.38,66.233
18719.75,66.233
18720.12,66.233
18720.48,66.233
18720.85,66.234
18721.21,66.234
18721.58,66.234
18721.95,66.234
18722.31,66.234
18722.68,66.234
18723.05,66.234
18723.41,66.235
18723.78,66.235
18724.14,66.235
18724.51,66.235
18724.88,66.236
18725.24,66.236
18725.61,66.236
18725.98,66.236
18726.34,66.237
18726.71,66.237
18727.07,66.237
18727.44,66.237
18727.81,66.237
18728.17,66.237
18728.54,66.237
18728.91,66.238
18729.27,66.238
18729.64,66.238
18730.00,66.238
18730.37,66.239
18730.74,66.239
18731.10,66.239
18731.47,66.239
18731.83,66.239
18732.20,66.239
18732.57,66.239
18732.93,66.240
18733.30,66.240
18733.67,66.240
18734.03,66.240
18734.40,66.240
18734.76,66.240
18735.13,66.240
18735.50,66.241
18735.86,66.242
18736.23,66.242
18736.60,66.242
18736.96,66.242
18737.33,66.242
18737.69,66.242
18738.06,66.243
18738.43,66.243
18738.79,66.243
18739.16,66.243
18739.53,66.243
18739.89,66.243
18740.26,66.244
18740.62,66.244
18740.99,66.244
18741.36,66.245
18741.72,66.245
18742.09,66.245
18742.45,66.245
18742.82,66.245
18743.19,66.245
18743.55,66.245
18743.92,66.246
18744.29,66.246
18744.65,66.246
18745.02,66.246
18745.38,66.246
18745.75,66.246
18746.12,66.247
18746.48,66.247
18746.85,66.248
18747.22,66.248
18747.58,66.248
18747.95,66.248
18748.31,66.249
18748.68,66.249
18749.05,66.249
18749.41,66.249
18749.78,66.249
18750.15,66.249
18750.51,66.250
18750.88,66.250
18751.24,66.250
18751.61,66.251
18751.98,66.251
18752.34,66.251
18752.71,66.251
18753.08,66.251
18753.44,66.251
18753.81,66.252
18754.17,66.252
18754.54,66.252
18754.91,66.252
18755.27,66.252
18755.64,66.253
18756.00,66.253
18756.37,66.253
18756.74,66.254
18757.10,66.254
18757.47,66.255
18757.84,66.255
18758.20,66.255
18758.57,66.255
18758.93,66.255
18759.30,66.255
18759.67,66.255
18760.03,66.255
18760.40,66.256
18760.77,66.257
18761.13,66.257
18761.50,66.257
18761.86,66.257
18762.23,66.257
18762.60,66.257
18762.96,66.257
18763.33,66.258
18763.70,66.258
18764.06,66.258
18764.43,66.259
18764.79,66.259
18765.16,66.260
18765.53,66.260
18765.89,66.260
18766.26,66.260
18766.62,66.260
18766.99,66.261
18767.36,66.261
18767.72,66.261
18768.09,66.261
18768.46,66.261
18768.82,66.262
18769.19,66.262
18769.55,66.262
18769.92,66.262
18770.29,66.262
18770.65,66.263
18771.02,66.263
18771.39,66.264
18771.75,66.264
18772.12,66.264
18772.48,66.264
18772.85,66.264
18773.22,66.265
18773.58,66.265
18773.95,66.266
18774.32,66.266
18774.68,66.267
18775.05,66.267
18775.41,66.267
18775.78,66.267
18776.15,66.267
18776.51,66.268
18776.88,66.268
18777.24,66.268
18777.61,66.268
18777.98,66.269
18778.34,66.269
18778.71,66.269
18779.08,66.269
18779.44,66.269
18779.81,66.270
18780.17,66.270
18780.54,66.270
18780.91,66.271
18781.27,66.272
18781.64,66.272
18782.01,66.272
18782.37,66.272
18782.74,66.273
18783.10,66.273
18783.47,66.273
18783.84,66.273
18784.20,66.274
18784.57,66.274
18784.94,66.275
18785.30,66.275
18785.67,66.275
18786.03,66.275
18786.40,66.275
18786.77,66.275
18787.13,66.275
18787.50,66.276
18787.87,66.276
18788.23,66.277
18788.60,66.277
18788.96,66.278
18789.33,66.278
18789.70,66.278
18790.06,66.278
18790.43,66.279
18790.79,66.279
18791.16,66.279
18791.53,66.279
18791.89,66.280
18792.26,66.280
18792.63,66.281
18792.99,66.281
18793.36,66.281
18793.72,66.281
18794.09,66.282
18794.46,66.282
18794.82,66.282
18795.19,66.283
18795.56,66.283
18795.92,66.284
18796.29,66.284
18796.65,66.284
18797.02,66.285
18797.39,66.285
18797.75,66.285
18798.12,66.285
18798.49,66.285
18798.85,66.286
18799.22,66.286
18799.58,66.286
18799.95,66.287
18800.32,66.287
18800.68,66.288
18801.05,66.288
18801.41,66.288
18801.78,66.288
18802.15,66.289
18802.51,66.289
18802.88,66.290
18803.25,66.290
18803.61,66.291
18803.98,66.291
18804.34,66.291
18804.71,66.292
18805.08,66.292
18805.44,66.292
18805.81,66.292
18806.18,66.293
18806.54,66.293
18806.91,66.293
18807.27,66.294
18807.64,66.294
18808.01,66.294
18808.37,66.294
18808.74,66.295
18809.11,66.296
18809.47,66.296
18809.84,66.297
18810.20,66.297
18810.57,66.297
18810.94,66.297
18811.30,66.297
18811.67,66.298
18812.03,66.298
18812.40,66.298
18812.77,66.299
18813.13,66.299
18813.50,66.300
18813.87,66.300
18814.23,66.300
18814.60,66.301
18814.96,66.301
18815.33,66.302
18815.70,66.302
18816.06,66.302
18816.43,66.303
18816.80,66.303
18817.16,66.303
18817.53,66.303
18817.89,66.304
18818.26,66.304
18818.63,66.304
18818.99,66.305
18819.36,66.306
18819.73,66.306
18820.09,66.306
18820.46,66.306
18820.82,66.307
18821.19,66.308
18821.56,66.308
18821.92,66.308
18822.29,66.309
18822.66,66.309
18823.02,66.309
18823.39,66.310
18823.75,66.310
18824.12,66.311
18824.49,66.311
18824.85,66.311
18825.22,66.311
18825.58,66.312
18825.95,66.312
18826.32,66.313
18826.68,66.313
18827.05,66.314
18827.42,66.314
18827.78,66.314
18828.15,66.314
18828.51,66.316
18828.88,66.316
18829.25,66.316
18829.61,66.316
18829.98,66.316
18830.35,66.317
18830.71,66.317
18831.08,66.318
18831.44,66.318
18831.81,66.319
18832.18,66.320
18832.54,66.320
18832.91,66.320
18833.28,66.321
18833.64,66.321
18834.01,66.321
18834.37,66.322
18834.74,66.322
18835.11,66.322
18835.47,66.323
18835.84,66.323
18836.20,66.323
18836.57,66.324
18836.94,66.325
18837.30,66.325
18837.67,66.325
18838.04,66.326
18838.40,66.326
18838.77,66.327
18839.13,66.327
18839.50,66.328
18839.87,66.328
18840.23,66.328
18840.60,66.328
18840.97,66.329
18841.33,66.329
18841.70,66.330
18842.06,66.331
18842.43,66.331
18842.80,66.331
18843.16,66.332
18843.53,66.332
18843.90,66.332
18844.26,66.333
18844.63,66.334
18844.99,66.334
18845.36,66.334
18845.73,66.334
18846.09,66.335
18846.46,66.335
18846.83,66.335
18847.19,66.337
18847.56,66.337
18847.92,66.338
18848.29,66.338
18848.66,66.338
18849.02,66.339
18849.39,66.339
18849.75,66.339
18850.12,66.340
18850.49,66.341
18850.85,66.341
18851.22,66.341
18851.59,66.341
18851.95,66.342
18852.32,66.343
18852.68,66.343
18853.05,66.343
18853.42,66.344
18853.78,66.344
18854.15,66.345
18854.52,66.345
18854.88,66.346
18855.25,66.346
18855.61,66.346
18855.98,66.347
18856.35,66.347
18856.71,66.348
18857.08,66.349
18857.45,66.349
18857.81,66.350
18858.18,66.350
18858.54,66.350
18858.91,66.351
18859.28,66.351
18859.64,66.352
18860.01,66.352
18860.37,66.353
18860.74,66.353
18861.11,66.353
18861.47,66.354
18861.84,66.355
18862.21,66.355
18862.57,66.356
18862.94,66.356
18863.30,66.356
18863.67,66.357
18864.04,66.357
18864.40,66.358
18864.77,66.358
18865.14,66.358
18865.50,66.359
18865.87,66.360
18866.23,66.360
18866.60,66.361
18866.97,66.361
18867.33,66.362
18867.70,66.362
18868.07,66.363
18868.43,66.363
18868.80,66.364
18869.16,66.364
18869.53,66.365
18869.90,66.365
18870.26,66.365
18870.63,66.366
18870.99,66.367
18871.36,66.367
18871.73,66.367
18872.09,66.368
18872.46,66.368
18872.83,66.369
18873.19,66.369
18873.56,66.370
18873.92,66.370
18874.29,66.370
18874.66,66.371
18875.02,66.372
18875.39,66.373
18875.76,66.373
18876.12,66.374
18876.49,66.374
18876.85,66.374
18877.22,66.374
18877.59,66.375
18877.95,66.376
18878.32,66.376
18878.69,66.377
18879.05,66.377
18879.42,66.378
18879.78,66.379
18880.15,66.379
18880.52,66.380
18880.88,66.380
18881.25,66.380
18881.62,66.381
18881.98,66.381
18882.35,66.382
18882.71,66.382
18883.08,66.383
18883.45,66.383
18883.81,66.384
18884.18,66.385
18884.54,66.386
18884.91,66.386
18885.28,66.386
18885.64,66.386
18886.01,66.387
18886.38,66.388
18886.74,66.388
18887.11,66.388
18887.47,66.389
18887.84,66.390
18888.21,66.391
18888.57,66.391
18888.94,66.392
18889.31,66.392
18889.67,66.393
18890.04,66.393
18890.40,66.394
18890.77,66.394
18891.14,66.395
18891.50,66.395
18891.87,66.395
18892.24,66.396
18892.60,66.397
18892.97,66.397
18893.33,66.398
18893.70,66.398
18894.07,66.399
18894.43,66.400
18894.80,66.400
18895.16,66.400
18895.53,66.401
18895.90,66.401
18896.26,66.402
18896.63,66.403
18897.00,66.404
18897.36,66.404
18897.73,66.405
18898.09,66.405
18898.46,66.406
18898.83,66.406
18899.19,66.406
18899.56,66.407
18899.93,66.407
18900.29,66.409
18900.66,66.409
18901.02,66.410
18901.39,66.410
18901.76,66.410
18902.12,66.411
18902.49,66.411
18902.86,66.412
18903.22,66.413
18903.59,66.413
18903.95,66.414
18904.32,66.415
18904.69,66.415
18905.05,66.416
18905.42,66.416
18905.79,66.416
18906.15,66.417
18906.52,66.418
18906.88,66.418
18907.25,66.419
18907.62,66.419
18907.98,66.420
18908.35,66.421
18908.71,66.421
18909.08,66.422
18909.45,66.422
18909.81,66.423
18910.18,66.423
18910.55,66.424
18910.91,66.424
18911.28,66.425
18911.64,66.426
18912.01,66.427
18912.38,66.427
18912.74,66.428
18913.11,66.428
18913.48,66.429
18913.84,66.430
18914.21,66.430
18914.57,66.430
18914.94,66.431
18915.31,66.431
18915.67,66.432
18916.04,66.433
18916.41,66.433
18916.77,66.434
18917.14,66.434
18917.50,66.435
18917.87,66.436
18918.24,66.436
18918.60,66.437
18918.97,66.438
18919.33,66.439
18919.70,66.439
18920.07,66.439
18920.43,66.440
18920.80,66.441
18921.17,66.441
18921.53,66.441
18921.90,66.442
18922.26,66.444
18922.63,66.444
18923.00,66.445
18923.36,66.445
18923.73,66.446
18924.10,66.446
18924.46,66.447
18924.83,66.447
18925.19,66.447
18925.56,66.448
18925.93,66.450
18926.29,66.450
18926.66,66.451
18927.03,66.451
18927.39,66.451
18927.76,66.452
18928.12,66.452
18928.49,66.453
18928.86,66.454
18929.22,66.455
18929.59,66.456
18929.95,66.456
18930.32,66.457
18930.69,66.457
18931.05,66.457
18931.42,66.458
18931.79,66.459
18932.15,66.460
18932.52,66.460
18932.88,66.461
18933.25,66.462
18933.62,66.462
18933.98,66.463
18934.35,66.463
18934.72,66.464
18935.08,66.465
18935.45,66.465
18935.81,66.466
18936.18,66.466
18936.55,66.467
18936.91,66.468
18937.28,66.469
18937.65,66.469
18938.01,66.469
18938.38,66.471
18938.74,66.471
18939.11,66.471
18939.48,66.472
18939.84,66.473
18940.21,66.474
18940.58,66.474
18940.94,66.475
18941.31,66.475
18941.67,66.477
18942.04,66.477
18942.41,66.477
18942.77,66.478
18943.14,66.478
18943.50,66.480
18943.87,66.480
18944.24,66.481
18944.60,66.481
18944.97,66.482
18945.34,66.483
18945.70,66.483
18946.07,66.484
18946.43,66.484
18946.80,66.485
18947.17,66.486
18947.53,66.487
18947.90,66.487
18948.27,66.488
18948.63,66.489
18949.00,66.489
18949.36,66.490
18949.73,66.490
18950.10,66.491
18950.46,66.492
18950.83,66.493
18951.20,66.494
18951.56,66.494
18951.93,66.495
18952.29,66.495
18952.66,66.496
18953.03,66.496
18953.39,66.497
18953.76,66.498
18954.12,66.499
18954.49,66.499
18954.86,66.500
18955.22,66.500
18955.59,66.501
18955.96,66.502
18956.32,66.502
18956.69,66.503
18957.05,66.504
18957.42,66.505
18957.79,66.505
18958.15,66.506
18958.52,66.507
18958.89,66.507
18959.25,66.508
18959.62,66.508
18959.98,66.509
18960.35,66.510
18960.72,66.511
18961.08,66.511
18961.45,66.512
18961.82,66.513
18962.18,66.513
18962.55,66.514
18962.91,66.514
18963.28,66.516
18963.65,66.516
18964.01,66.517
18964.38,66.517
18964.74,66.518
18965.11,66.519
18965.48,66.519
18965.84,66.520
18966.21,66.521
18966.58,66.522
18966.94,66.522
18967.31,66.523
18967.67,66.524
18968.04,66.524
18968.41,66.525
18968.77,66.526
18969.14,66.526
18969.51,66.527
18969.87,66.528
18970.24,66.529
18970.60,66.529
18970.97,66.531
18971.34,66.531
18971.70,66.531
18972.07,66.532
18972.44,66.533
18972.80,66.534
18973.17,66.534
18973.53,66.535
18973.90,66.536
18974.27,66.536
18974.63,66.537
18975.00,66.538
18975.37,66.538
18975.73,66.539
18976.10,66.540
18976.46,66.540
18976.83,66.541
18977.20,66.542
18977.56,66.543
18977.93,66.543
18978.29,66.544
18978.66,66.545
18979.03,66.546
18979.39,66.547
18979.76,66.547
18980.13,66.547
18980.49,66.549
18980.86,66.549
18981.22,66.550
18981.59,66.551
18981.96,66.552
18982.32,66.552
18982.69,66.553
18983.06,66.553
18983.42,66.554
18983.79,66.555
18984.15,66.556
18984.52,66.556
18984.89,66.558
18985.25,66.558
18985.62,66.558
18985.99,66.559
18986.35,66.560
18986.72,66.560
18987.08,66.562
18987.45,66.562
18987.82,66.563
18988.18,66.564
18988.55,66.565
18988.91,66.566
18989.28,66.566
18989.65,66.566
18990.01,66.567
18990.38,66.569
18990.75,66.569
18991.11,66.570
18991.48,66.571
18991.84,66.571
18992.21,66.572
18992.58,66.573
18992.94,66.573
18993.31,66.574
18993.68,66.575
18994.04,66.576
18994.41,66.576
18994.77,66.577
18995.14,66.578
18995.51,66.578
18995.87,66.579
18996.24,66.580
18996.61,66.581
18996.97,66.582
18997.34,66.582
18997.70,66.584
18998.07,66.584
18998.44,66.584
18998.80,66.585
18999.17,66.586
18999.54,66.587
18999.90,66.588
19000.27,66.589
19000.63,66.590
19001.00,66.590
19001.37,66.590
19001.73,66.591
19002.10,66.592
19002.46,66.593
19002.83,66.594
19003.20,66.595
19003.56,66.595
19003.93,66.596
19004.30,66.597
19004.66,66.597
19005.03,66.599
19005.39,66.599
19005.76,66.600
19006.13,66.600
19006.49,66.602
19006.86,66.602
19007.23,66.603
19007.59,66.604
19007.96,66.605
19008.32,66.605
19008.69,66.606
19009.06,66.606
19009.42,66.608
19009.79,66.608
19010.16,66.609
19010.52,66.610
19010.89,66.611
19011.25,66.612
19011.62,66.612
19011.99,66.613
19012.35,66.614
19012.72,66.614
19013.08,66.615
19013.45,66.616
19013.82,66.617
19014.18,66.618
19014.55,66.618
19014.92,66.619
19015.28,66.620
19015.65,66.620
19016.01,66.621
19016.38,66.623
19016.75,66.623
19017.11,66.624
19017.48,66.624
19017.85,66.626
19018.21,66.626
19018.58,66.627
19018.94,66.627
19019.31,66.629
19019.68,66.630
19020.04,66.631
19020.41,66.631
19020.78,66.632
19021.14,66.632
19021.51,66.633
19021.87,66.634
19022.24,66.635
19022.61,66.636
19022.97,66.636
19023.34,66.637
19023.70,66.638
19024.07,66.639
19024.44,66.639
19024.80,66.641
19025.17,66.641
19025.54,66.642
19025.90,66.643
19026.27,66.644
19026.63,66.644
19027.00,66.645
19027.37,66.646
19027.73,66.647
19028.10,66.648
19028.47,66.648
19028.83,66.649
19029.20,66.650
19029.56,66.651
19029.93,66.651
19030.30,66.653
19030.66,66.653
19031.03,66.654
19031.40,66.654
19031.76,66.656
19032.13,66.656
19032.49,66.657
19032.86,66.658
19033.23,66.659
19033.59,66.659
19033.96,66.660
19034.33,66.661
19034.69,66.662
19035.06,66.662
19035.42,66.663
19035.79,66.665
19036.16,66.666
19036.52,66.666
19036.89,66.667
19037.25,66.667
19037.62,66.668
19037.99,66.669
19038.35,66.670
19038.72,66.671
19039.09,66.672
19039.45,66.672
19039.82,66.674
19040.18,66.674
19040.55,66.675
19040.92,66.676
19041.28,66.677
19041.65,66.678
19042.02,66.678
19042.38,66.679
19042.75,66.680
19043.11,66.681
19043.48,66.681
19043.85,66.683
19044.21,66.683
19044.58,66.684
19044.95,66.684
19045.31,66.686
19045.68,66.686
19046.04,66.688
19046.41,66.688
19046.78,66.689
19047.14,66.690
19047.51,66.691
19047.87,66.691
19048.24,66.692
19048.61,66.694
19048.97,66.694
19049.34,66.695
19049.71,66.696
19050.07,66.697
19050.44,66.697
19050.80,66.698
19051.17,66.698
19051.54,66.700
19051.90,66.701
19052.27,66.701
19052.64,66.703
19053.00,66.703
19053.37,66.704
19053.73,66.704
19054.10,66.706
19054.47,66.706
19054.83,66.708
19055.20,66.709
19055.57,66.709
19055.93,66.710
19056.30,66.710
19056.66,66.712
19057.03,66.712
19057.40,66.713
19057.76,66.713
19058.13,66.715
19058.49,66.716
19058.86,66.716
19059.23,66.718
19059.59,66.718
19059.96,66.719
19060.33,66.720
19060.69,66.721
19061.06,66.721
19061.42,66.722
19061.79,66.724
19062.16,66.724
19062.52,66.725
19062.89,66.725
19063.26,66.726
19063.62,66.727
19063.99,66.728
19064.35,66.730
19064.72,66.730
19065.09,66.731
19065.45,66.731
19065.82,66.733
19066.19,66.733
19066.55,66.734
19066.92,66.735
19067.28,66.736
19067.65,66.737
19068.02,66.738
19068.38,66.739
19068.75,66.739
19069.12,66.740
19069.48,66.741
19069.85,66.742
19070.21,66.743
19070.58,66.743
19070.95,66.744
19071.31,66.745
19071.68,66.746
19072.04,66.747
19072.41,66.748
19072.78,66.749
19073.14,66.749
19073.51,66.751
19073.88,66.751
19074.24,66.752
19074.61,66.753
19074.97,66.754
19075.34,66.755
19075.71,66.755
19076.07,66.756
19076.44,66.757
19076.81,66.758
19077.17,66.759
19077.54,66.760
19077.90,66.761
19078.27,66.762
19078.64,66.763
19079.00,66.763
19079.37,66.764
19079.74,66.765
19080.10,66.766
19080.47,66.767
19080.83,66.767
19081.20,66.768
19081.57,66.769
19081.93,66.770
19082.30,66.771
19082.66,66.772
19083.03,66.773
19083.40,66.773
19083.76,66.775
19084.13,66.775
19084.50,66.776
19084.86,66.777
19085.23,66.778
19085.59,66.779
19085.96,66.780
19086.33,66.781
19086.69,66.781
19087.06,66.782
19087.43,66.783
19087.79,66.784
19088.16,66.785
19088.52,66.786
19088.89,66.787
19089.26,66.787
19089.62,66.788
19089.99,66.790
19090.36,66.790
19090.72,66.791
19091.09,66.791
19091.45,66.792
19091.82,66.794
19092.19,66.794
19092.55,66.796
19092.92,66.797
19093.29,66.797
19093.65,66.798
19094.02,66.798
19094.38,66.799
19094.75,66.801
19095.12,66.802
19095.48,66.803
19095.85,66.803
19096.21,66.804
19096.58,66.805
19096.95,66.805
19097.31,66.806
19097.68,66.808
19098.05,66.808
19098.41,66.809
19098.78,66.810
19099.14,66.811
19099.51,66.812
19099.88,66.812
19100.24,66.814
19100.61,66.815
19100.98,66.816
19101.34,66.816
19101.71,66.817
19102.07,66.818
19102.44,66.819
19102.81,66.820
19103.17,66.821
19103.54,66.822
19103.91,66.823
19104.27,66.823
19104.64,66.825
19105.00,66.825
19105.37,66.826
19105.74,66.827
19106.10,66.828
19106.47,66.829
19106.83,66.830
19107.20,66.831
19107.57,66.832
19107.93,66.832
19108.30,66.833
19108.67,66.834
19109.03,66.834
19109.40,66.836
19109.76,66.837
19110.13,66.838
19110.50,66.839
19110.86,66.840
19111.23,66.840
19111.60,66.841
19111.96,66.842
19112.33,66.843
19112.69,66.844
19113.06,66.845
19113.43,66.846
19113.79,66.846
19114.16,66.847
19114.53,66.848
19114.89,66.850
19115.26,66.850
19115.62,66.851
19115.99,66.852
19116.36,66.852
19116.72,66.853
19117.09,66.855
19117.45,66.855
19117.82,66.856
19118.19,66.858
19118.55,66.858
19118.92,66.859
19119.29,66.860
19119.65,66.861
19120.02,66.862
19120.38,66.862
19120.75,66.864
19121.12,66.864
19121.48,66.865
19121.85,66.866
19122.22,66.867
19122.58,66.868
19122.95,66.869
19123.31,66.870
19123.68,66.871
19124.05,66.871
19124.41,66.873
19124.78,66.874
19125.15,66.874
19125.51,66.875
19125.88,66.876
19126.24,66.877
19126.61,66.878
19126.98,66.879
19127.34,66.880
19127.71,66.880
19128.08,66.882
19128.44,66.882
19128.81,66.883
19129.17,66.884
19129.54,66.885
19129.91,66.886
19130.27,66.887
19130.64,66.888
19131.00,66.888
19131.37,66.889
19131.74,66.891
19132.10,66.892
19132.47,66.892
19132.84,66.893
19133.20,66.894
19133.57,66.894
19133.93,66.895
19134.30,66.897
19134.67,66.898
19135.03,66.898
19135.40,66.900
19135.77,66.900
19136.13,66.901
19136.50,66.902
19136.86,66.903
19137.23,66.904
19137.60,66.905
19137.96,66.906
19138.33,66.906
19138.70,66.907
19139.06,66.908
19139.43,66.909
19139.79,66.910
19140.16,66.911
19140.53,66.912
19140.89,66.913
19141.26,66.913
19141.62,66.915
19141.99,66.915
19142.36,66.916
19142.72,66.917
19143.09,66.918
19143.46,66.919
19143.82,66.920
19144.19,66.921
19144.55,66.922
19144.92,66.922
19145.29,66.924
19145.65,66.925
19146.02,66.925
19146.39,66.927
19146.75,66.928
19147.12,66.928
19147.48,66.929
19147.85,66.930
19148.22,66.931
19148.58,66.932
19148.95,66.933
19149.32,66.933
19149.68,66.934
19150.05,66.935
19150.41,66.936
19150.78,66.938
19151.15,66.939
19151.51,66.939
19151.88,66.940
19152.24,66.941
19152.61,66.941
19152.98,66.943
19153.34,66.944
19153.71,66.945
19154.08,66.946
19154.44,66.947
19154.81,66.947
19155.17,66.948
19155.54,66.950
19155.91,66.950
19156.27,66.951
19156.64,66.952
19157.01,66.953
19157.37,66.953
19157.74,66.954
19158.10,66.956
19158.47,66.957
19158.84,66.958
19159.20,66.958
19159.57,66.959
19159.94,66.960
19160.30,66.960
19160.67,66.962
19161.03,66.963
19161.40,66.964
19161.77,66.965
19162.13,66.966
19162.50,66.966
19162.87,66.967
19163.23,66.969
19163.60,66.969
19163.96,66.970
19164.33,66.971
19164.70,66.971
19165.06,66.972
19165.43,66.974
19165.79,66.975
19166.16,66.976
19166.53,66.977
19166.89,66.977
19167.26,66.978
19167.63,66.979
19167.99,66.980
19168.36,66.981
19168.72,66.982
19169.09,66.983
19169.46,66.983
19169.82,66.984
19170.19,66.985
19170.56,66.986
19170.92,66.987
19171.29,66.988
19171.65,66.989
19172.02,66.990
19172.39,66.990
19172.75,66.992
19173.12,66.993
19173.49,66.993
19173.85,66.995
19174.22,66.995
19174.58,66.996
19174.95,66.997
19175.32,66.998
19175.68,67.000
19176.05,67.000
19176.41,67.001
19176.78,67.002
19177.15,67.002
19177.51,67.004
19177.88,67.005
19178.25,67.005
19178.61,67.006
19178.98,67.007
19179.34,67.008
19179.71,67.009
19180.08,67.010
19180.44,67.011
19180.81,67.012
19181.18,67.013
19181.54,67.013
19181.91,67.014
19182.27,67.016
19182.64,67.016
19183.01,67.018
19183.37,67.019
19183.74,67.019
19184.11,67.020
19184.47,67.021
19184.84,67.022
19185.20,67.023
19185.57,67.023
19185.94,67.024
19186.30,67.025
19186.67,67.026
19187.04,67.027
19187.40,67.028
19187.77,67.029
19188.13,67.030
19188.50,67.031
19188.87,67.031
19189.23,67.032
19189.60,67.034
19189.96,67.034
19190.33,67.036
19190.70,67.037
19191.06,67.037
19191.43,67.038
19191.80,67.039
19192.16,67.040
19192.53,67.041
19192.89,67.042
19193.26,67.042
19193.63,67.043
19193.99,67.044
19194.36,67.045
19194.73,67.047
19195.09,67.047
19195.46,67.048
19195.82,67.049
19196.19,67.050
19196.56,67.050
19196.92,67.052
19197.29,67.053
19197.66,67.053
19198.02,67.055
19198.39,67.055
19198.75,67.056
19199.12,67.057
19199.49,67.058
19199.85,67.059
19200.22,67.060
19200.58,67.060
19200.95,67.061
19201.32,67.062
19201.68,67.064
19202.05,67.065
19202.42,67.066
19202.78,67.066
19203.15,67.067
19203.51,67.068
19203.88,67.069
19204.25,67.070
19204.61,67.071
19204.98,67.072
19205.35,67.073
19205.71,67.073
19206.08,67.074
19206.44,67.076
19206.81,67.076
19207.18,67.077
19207.54,67.078
19207.91,67.078
19208.28,67.079
19208.64,67.081
19209.01,67.082
19209.37,67.083
19209.74,67.084
19210.11,67.084
19210.47,67.085
19210.84,67.087
19211.20,67.087
19211.57,67.088
19211.94,67.089
19212.30,67.090
19212.67,67.091
19213.04,67.091
19213.40,67.093
19213.77,67.094
19214.13,67.094
19214.50,67.095
19214.87,67.096
19215.23,67.097
19215.60,67.098
19215.97,67.099
19216.33,67.100
19216.70,67.101
19217.06,67.101
19217.43,67.103
19217.80,67.103
19218.16,67.104
19218.53,67.105
19218.90,67.106
19219.26,67.107
19219.63,67.108
19219.99,67.108
19220.36,67.109
19220.73,67.111
19221.09,67.111
19221.46,67.112
19221.83,67.114
19222.19,67.114
19222.56,67.115
19222.92,67.116
19223.29,67.117
19223.66,67.118
19224.02,67.119
19224.39,67.120
19224.75,67.120
19225.12,67.121
19225.49,67.122
19225.85,67.123
19226.22,67.124
19226.59,67.125
19226.95,67.125
19227.32,67.126
19227.68,67.127
19228.05,67.128
19228.42,67.130
19228.78,67.130
19229.15,67.131
19229.52,67.132
19229.88,67.132
19230.25,67.133
19230.61,67.135
19230.98,67.136
19231.35,67.137
19231.71,67.137
19232.08,67.138
19232.45,67.139
19232.81,67.140
19233.18,67.141
19233.54,67.142
19233.91,67.142
19234.28,67.143
19234.64,67.144
19235.01,67.145
19235.37,67.147
19235.74,67.147
19236.11,67.148
19236.47,67.148
19236.84,67.150
19237.21,67.151
19237.57,67.151
19237.94,67.153
19238.30,67.153
19238.67,67.154
19239.04,67.155
19239.40,67.156
19239.77,67.157
19240.14,67.157
19240.50,67.159
19240.87,67.160
19241.23,67.160
19241.60,67.162
19241.97,67.162
19242.33,67.163
19242.70,67.164
19243.07,67.165
19243.43,67.166
19243.80,67.167
19244.16,67.168
19244.53,67.168
19244.90,67.169
19245.26,67.171
19245.63,67.171
19245.99,67.172
19246.36,67.173
19246.73,67.173
19247.09,67.174
19247.46,67.175
19247.83,67.177
19248.19,67.177
19248.56,67.178
19248.92,67.179
19249.29,67.180
19249.66,67.181
19250.02,67.181
19250.39,67.183
19250.76,67.184
19251.12,67.184
19251.49,67.185
19251.85,67.186
19252.22,67.187
19252.59,67.188
19252.95,67.189
19253.32,67.190
19253.69,67.191
19254.05,67.191
19254.42,67.192
19254.78,67.193
19255.15,67.194
19255.52,67.195
19255.88,67.196
19256.25,67.197
19256.62,67.198
19256.98,67.198
19257.35,67.200
19257.71,67.200
19258.08,67.201
19258.45,67.202
19258.81,67.203
19259.18,67.203
19259.54,67.204
19259.91,67.206
19260.28,67.206
19260.64,67.207
19261.01,67.208
19261.38,67.209
19261.74,67.210
19262.11,67.210
19262.47,67.212
19262.84,67.212
19263.21,67.213
19263.57,67.215
19263.94,67.215
19264.31,67.216
19264.67,67.216
19265.04,67.218
19265.40,67.219
19265.77,67.220
19266.14,67.220
19266.50,67.221
19266.87,67.221
19267.24,67.223
19267.60,67.224
19267.97,67.225
19268.33,67.225
19268.70,67.226
19269.07,67.227
19269.43,67.228
19269.80,67.229
19270.16,67.230
19270.53,67.231
19270.90,67.231
19271.26,67.233
19271.63,67.233
19272.00,67.234
19272.36,67.235
19272.73,67.236
19273.09,67.237
19273.46,67.237
19273.83,67.238
19274.19,67.239
19274.56,67.240
19274.93,67.240
19275.29,67.242
19275.66,67.243
19276.02,67.243
19276.39,67.245
19276.76,67.245
19277.12,67.246
19277.49,67.247
19277.86,67.248
19278.22,67.249
19278.59,67.250
19278.95,67.250
19279.32,67.251
19279.69,67.252
19280.05,67.253
19280.42,67.254
19280.79,67.255
19281.15,67.255
19281.52,67.256
19281.88,67.257
19282.25,67.258
19282.62,67.258
19282.98,67.260
19283.35,67.261
19283.71,67.261
19284.08,67.262
19284.45,67.263
19284.81,67.264
19285.18,67.265
19285.55,67.266
19285.91,67.266
19286.28,67.267
19286.64,67.268
19287.01,67.269
19287.38,67.270
19287.74,67.271
19288.11,67.272
19288.48,67.273
19288.84,67.273
19289.21,67.275
19289.57,67.275
19289.94,67.276
19290.31,67.277
19290.67,67.278
19291.04,67.278
19291.41,67.279
19291.77,67.280
19292.14,67.281
19292.50,67.282
19292.87,67.283
19293.24,67.284
19293.60,67.285
19293.97,67.285
19294.33,67.286
19294.70,67.287
19295.07,67.287
19295.43,67.288
19295.80,67.289
19296.17,67.290
19296.53,67.291
19296.90,67.292
19297.26,67.292
19297.63,67.293
19298.00,67.294
19298.36,67.296
19298.73,67.296
19299.10,67.297
19299.46,67.297
19299.83,67.299
19300.19,67.299
19300.56,67.300
19300.93,67.301
19301.29,67.302
19301.66,67.303
19302.03,67.304
19302.39,67.304
19302.76,67.305
19303.12,67.306
19303.49,67.307
19303.86,67.308
19304.22,67.309
19304.59,67.309
19304.95,67.310
19305.32,67.311
19305.69,67.312
19306.05,67.313
19306.42,67.314
19306.79,67.315
19307.15,67.316
19307.52,67.316
19307.88,67.317
19308.25,67.317
19308.62,67.319
19308.98,67.320
19309.35,67.321
19309.72,67.321
19310.08,67.322
19310.45,67.322
19310.81,67.323
19311.18,67.325
19311.55,67.325
19311.91,67.326
19312.28,67.327
19312.65,67.328
19313.01,67.328
19313.38,67.329
19313.74,67.330
19314.11,67.331
19314.48,67.332
19314.84,67.332
19315.21,67.334
19315.58,67.334
19315.94,67.335
19316.31,67.336
19316.67,67.337
19317.04,67.338
19317.41,67.338
19317.77,67.339
19318.14,67.340
19318.50,67.341
19318.87,67.341
19319.24,67.342
19319.60,67.343
19319.97,67.344
19320.34,67.345
19320.70,67.346
19321.07,67.346
19321.43,67.347
19321.80,67.348
19322.17,67.349
19322.53,67.350
19322.90,67.351
19323.27,67.351
19323.63,67.352
19324.00,67.353
19324.36,67.353
19324.73,67.355
19325.10,67.356
19325.46,67.356
19325.83,67.357
19326.20,67.358
19326.56,67.358
19326.93,67.359
19327.29,67.360
19327.66,67.361
19328.03,67.362
19328.39,67.363
19328.76,67.363
19329.12,67.364
19329.49,67.365
19329.86,67.365
19330.22,67.367
19330.59,67.368
19330.96,67.368
19331.32,67.369
19331.69,67.370
19332.05,67.370
19332.42,67.371
19332.79,67.372
19333.15,67.373
19333.52,67.374
19333.89,67.374
19334.25,67.375
19334.62,67.376
19334.98,67.377
19335.35,67.377
19335.72,67.378
19336.08,67.380
19336.45,67.380
19336.82,67.380
19337.18,67.382
19337.55,67.382
19337.91,67.383
19338.28,67.384
19338.65,67.385
19339.01,67.386
19339.38,67.386
19339.75,67.387
19340.11,67.388
19340.48,67.388
19340.84,67.389
19341.21,67.391
19341.58,67.391
19341.94,67.392
19342.31,67.392
19342.67,67.393
19343.04,67.394
19343.41,67.395
19343.77,67.395
19344.14,67.397
19344.51,67.397
19344.87,67.398
19345.24,67.399
19345.60,67.399
19345.97,67.400
19346.34,67.401
19346.70,67.402
19347.07,67.403
19347.44,67.404
19347.80,67.404
19348.17,67.405
19348.53,67.406
19348.90,67.406
19349.27,67.407
19349.63,67.408
19350.00,67.409
19350.37,67.409
19350.73,67.410
19351.10,67.411
19351.46,67.411
19351.83,67.413
19352.20,67.413
19352.56,67.414
19352.93,67.415
19353.29,67.416
19353.66,67.416
19354.03,67.417
19354.39,67.418
19354.76,67.418
19355.13,67.419
19355.49,67.421
19355.86,67.421
19356.22,67.421
19356.59,67.422
19356.96,67.423
19357.32,67.424
19357.69,67.425
19358.06,67.425
19358.42,67.426
19358.79,67.427
19359.15,67.428
19359.52,67.428
19359.89,67.429
19360.25,67.430
19360.62,67.431
19360.99,67.431
19361.35,67.433
19361.72,67.433
19362.08,67.433
19362.45,67.434
19362.82,67.435
19363.18,67.436
19363.55,67.436
19363.91,67.438
19364.28,67.439
19364.65,67.439
19365.01,67.440
19365.38,67.441
19365.75,67.441
19366.11,67.442
19366.48,67.443
19366.84,67.444
19367.21,67.444
19367.58,67.445
19367.94,67.446
19368.31,67.447
19368.68,67.447
19369.04,67.447
19369.41,67.449
19369.77,67.450
19370.14,67.450
19370.51,67.451
19370.87,67.452
19371.24,67.453
19371.61,67.453
19371.97,67.454
19372.34,67.454
19372.70,67.456
19373.07,67.456
19373.44,67.457
19373.80,67.458
19374.17,67.458
19374.54,67.459
19374.90,67.460
19375.27,67.460
19375.63,67.461
19376.00,67.462
19376.37,67.463
19376.73,67.463
19377.10,67.464
19377.46,67.465
19377.83,67.466
19378.20,67.466
19378.56,67.467
19378.93,67.468
19379.30,67.468
19379.66,67.470
19380.03,67.470
19380.39,67.471
19380.76,67.471
19381.13,67.472
19381.49,67.473
19381.86,67.474
19382.23,67.474
19382.59,67.475
19382.96,67.476
19383.32,67.477
19383.69,67.477
19384.06,67.477
19384.42,67.478
19384.79,67.480
19385.16,67.480
19385.52,67.481
19385.89,67.481
19386.25,67.482
19386.62,67.483
19386.99,67.483
19387.35,67.484
19387.72,67.484
19388.08,67.486
19388.45,67.487
19388.82,67.487
19389.18,67.487
19389.55,67.488
19389.92,67.489
19390.28,67.490
19390.65,67.490
19391.01,67.491
19391.38,67.492
19391.75,67.493
19392.11,67.493
19392.48,67.494
19392.85,67.494
19393.21,67.495
19393.58,67.496
19393.94,67.497
19394.31,67.498
19394.68,67.498
19395.04,67.499
19395.41,67.500
19395.78,67.501
19396.14,67.501
19396.51,67.501
19396.87,67.502
19397.24,67.503
19397.61,67.504
19397.97,67.505
19398.34,67.505
19398.70,67.506
19399.07,67.507
19399.44,67.507
19399.80,67.508
19400.17,67.508
19400.54,67.510
19400.90,67.510
19401.27,67.511
19401.63,67.511
19402.00,67.512
19402.37,67.513
19402.73,67.513
19403.10,67.514
19403.47,67.514
19403.83,67.516
19404.20,67.516
19404.56,67.517
19404.93,67.517
19405.30,67.518
19405.66,67.519
19406.03,67.519
19406.40,67.520
19406.76,67.520
19407.13,67.522
19407.49,67.523
19407.86,67.523
19408.23,67.523
19408.59,67.524
19408.96,67.525
19409.33,67.525
19409.69,67.526
19410.06,67.527
19410.42,67.528
19410.79,67.529
19411.16,67.529
19411.52,67.530
19411.89,67.530
19412.25,67.531
19412.62,67.531
19412.99,67.532
19413.35,67.533
19413.72,67.534
19414.09,67.534
19414.45,67.535
19414.82,67.535
19415.18,67.536
19415.55,67.537
19415.92,67.537
19416.28,67.538
19416.65,67.539
19417.02,67.540
19417.38,67.540
19417.75,67.541
19418.11,67.541
19418.48,67.542
19418.85,67.542
19419.21,67.543
19419.58,67.544
19419.95,67.544
19420.31,67.546
19420.68,67.546
19421.04,67.547
19421.41,67.547
19421.78,67.548
19422.14,67.549
19422.51,67.549
19422.87,67.549
19423.24,67.550
19423.61,67.551
19423.97,67.552
19424.34,67.552
19424.71,67.553
19425.07,67.554
19425.44,67.554
19425.80,67.555
19426.17,67.555
19426.54,67.556
19426.90,67.557
19427.27,67.558
19427.64,67.558
19428.00,67.559
19428.37,67.559
19428.73,67.560
19429.10,67.560
19429.47,67.561
19429.83,67.561
19430.20,67.563
19430.57,67.564
19430.93,67.564
19431.30,67.565
19431.66,67.565
19432.03,67.566
19432.40,67.567
19432.76,67.567
19433.13,67.567
19433.50,67.568
19433.86,67.569
19434.23,67.570
19434.59,67.570
19434.96,67.570
19435.33,67.571
19435.69,67.572
19436.06,67.572
19436.42,67.573
19436.79,67.573
19437.16,67.575
19437.52,67.575
19437.89,67.576
19438.26,67.576
19438.62,67.577
19438.99,67.578
19439.35,67.578
19439.72,67.578
19440.09,67.579
19440.45,67.579
19440.82,67.581
19441.19,67.582
19441.55,67.582
19441.92,67.583
19442.28,67.583
19442.65,67.584
19443.02,67.585
19443.38,67.585
19443.75,67.585
19444.12,67.586
19444.48,67.587
19444.85,67.588
19445.21,67.588
19445.58,67.588
19445.95,67.589
19446.31,67.590
19446.68,67.590
19447.04,67.591
19447.41,67.591
19447.78,67.592
19448.14,67.593
19448.51,67.594
19448.88,67.594
19449.24,67.595
19449.61,67.595
19449.97,67.596
19450.34,67.596
19450.71,67.596
19451.07,67.597
19451.44,67.597
19451.81,67.599
19452.17,67.599
19452.54,67.600
19452.90,67.600
19453.27,67.601
19453.64,67.602
19454.00,67.602
19454.37,67.603
19454.74,67.603
19455.10,67.603
19455.47,67.605
19455.83,67.605
19456.20,67.606
19456.57,67.606
19456.93,67.606
19457.30,67.608
19457.66,67.608
19458.03,67.608
19458.40,67.609
19458.76,67.609
19459.13,67.611
19459.50,67.611
19459.86,67.611
19460.23,67.612
19460.59,67.612
19460.96,67.613
19461.33,67.614
19461.69,67.614
19462.06,67.614
19462.43,67.615
19462.79,67.616
19463.16,67.617
19463.52,67.617
19463.89,67.618
19464.26,67.618
19464.62,67.619
19464.99,67.620
19465.36,67.620
19465.72,67.620
19466.09,67.620
19466.45,67.621
19466.82,67.622
19467.19,67.623
19467.55,67.623
19467.92,67.624
19468.29,67.624
19468.65,67.625
19469.02,67.626
19469.38,67.626
19469.75,67.626
19470.12,67.627
19470.48,67.627
19470.85,67.628
19471.21,67.629
19471.58,67.629
19471.95,67.630
19472.31,67.630
19472.68,67.631
19473.05,67.631
19473.41,67.632
19473.78,67.632
19474.14,67.633
19474.51,67.633
19474.88,67.634
19475.24,67.635
19475.61,67.635
19475.98,67.636
19476.34,67.637
19476.71,67.637
19477.07,67.637
19477.44,67.638
19477.81,67.638
19478.17,67.639
19478.54,67.639
19478.91,67.640
19479.27,67.641
19479.64,67.642
19480.00,67.642
19480.37,67.642
19480.74,67.642
19481.10,67.643
19481.47,67.644
19481.83,67.644
19482.20,67.645
19482.57,67.645
19482.93,67.645
19483.30,67.646
19483.67,67.647
19484.03,67.648
19484.40,67.648
19484.76,67.648
19485.13,67.648
19485.50,67.650
19485.86,67.650
19486.23,67.650
19486.60,67.651
19486.96,67.651
19487.33,67.652
19487.69,67.653
19488.06,67.653
19488.43,67.653
19488.79,67.654
19489.16,67.654
19489.53,67.655
19489.89,67.655
19490.26,67.656
19490.62,67.656
19490.99,67.657
19491.36,67.658
19491.72,67.659
19492.09,67.659
19492.45,67.659
19492.82,67.660
19493.19,67.660
19493.55,67.661
19493.92,67.661
19494.29,67.661
19494.65,67.662
19495.02,67.662
19495.38,67.663
19495.75,67.664
19496.12,67.664
19496.48,67.665
19496.85,67.665
19497.22,67.666
19497.58,67.666
19497.95,67.666
19498.31,67.667
19498.68,67.668
19499.05,67.668
19499.41,67.669
19499.78,67.669
19500.15,67.669
19500.51,67.670
19500.88,67.671
19501.24,67.671
19501.61,67.672
19501.98,67.672
19502.34,67.672
19502.71,67.673
19503.08,67.673
19503.44,67.674
19503.81,67.674
19504.17,67.675
19504.54,67.675
19504.91,67.676
19505.27,67.676
19505.64,67.677
19506.00,67.677
19506.37,67.678
19506.74,67.678
19507.10,67.678
19507.47,67.679
19507.84,67.680
19508.20,67.680
19508.57,67.680
19508.93,67.681
19509.30,67.681
19509.67,67.683
19510.03,67.683
19510.40,67.683
19510.77,67.684
19511.13,67.684
19511.50,67.684
19511.86,67.685
19512.23,67.685
19512.60,67.686
19512.96,67.686
19513.33,67.686
19513.70,67.687
19514.06,67.688
19514.43,67.688
19514.79,67.689
19515.16,67.689
19515.53,67.690
19515.89,67.690
19516.26,67.691
19516.62,67.691
19516.99,67.692
19517.36,67.692
19517.72,67.692
19518.09,67.693
19518.46,67.693
19518.82,67.694
19519.19,67.694
19519.55,67.695
19519.92,67.695
19520.29,67.696
19520.65,67.696
19521.02,67.697
19521.39,67.697
19521.75,67.697
19522.12,67.697
19522.48,67.698
19522.85,67.698
19523.22,67.699
19523.58,67.700
19523.95,67.700
19524.32,67.700
19524.68,67.701
19525.05,67.701
19525.41,67.701
19525.78,67.702
19526.15,67.702
19526.51,67.702
19526.88,67.703
19527.25,67.704
19527.61,67.704
19527.98,67.704
19528.34,67.705
19528.71,67.705
19529.08,67.706
19529.44,67.707
19529.81,67.707
19530.17,67.707
19530.54,67.708
19530.91,67.708
19531.27,67.708
19531.64,67.709
19532.01,67.709
19532.37,67.709
19532.74,67.710
19533.10,67.710
19533.47,67.710
19533.84,67.712
19534.20,67.712
19534.57,67.712
19534.94,67.713
19535.30,67.713
19535.67,67.713
19536.03,67.714
19536.40,67.715
19536.77,67.715
19537.13,67.715
19537.50,67.715
19537.87,67.715
19538.23,67.716
19538.60,67.717
19538.96,67.717
19539.33,67.718
19539.70,67.718
19540.06,67.718
19540.43,67.719
19540.79,67.719
19541.16,67.719
19541.53,67.720
19541.89,67.720
19542.26,67.721
19542.63,67.721
19542.99,67.721
19543.36,67.722
19543.72,67.722
19544.09,67.722
19544.46,67.723
19544.82,67.724
19545.19,67.724
19545.56,67.725
19545.92,67.725
19546.29,67.725
19546.65,67.725
19547.02,67.725
19547.39,67.726
19547.75,67.727
19548.12,67.727
19548.49,67.727
19548.85,67.728
19549.22,67.728
19549.58,67.728
19549.95,67.728
19550.32,67.730
19550.68,67.730
19551.05,67.730
19551.41,67.731
19551.78,67.731
19552.15,67.731
19552.51,67.732
19552.88,67.732
19553.25,67.732
19553.61,67.733
19553.98,67.733
19554.34,67.733
19554.71,67.733
19555.08,67.734
19555.44,67.735
19555.81,67.735
19556.18,67.736
19556.54,67.736
19556.91,67.736
19557.27,67.737
19557.64,67.737
19558.01,67.738
19558.37,67.738
19558.74,67.738
19559.11,67.738
19559.47,67.739
19559.84,67.739
19560.20,67.739
19560.57,67.740
19560.94,67.740
19561.30,67.740
19561.67,67.741
19562.04,67.741
19562.40,67.742
19562.77,67.742
19563.13,67.743
19563.50,67.743
19563.87,67.743
19564.23,67.743
19564.60,67.743
19564.96,67.744
19565.33,67.745
19565.70,67.745
19566.06,67.745
19566.43,67.745
19566.80,67.746
19567.16,67.746
19567.53,67.746
19567.89,67.746
19568.26,67.748
19568.63,67.748
19568.99,67.748
19569.36,67.748
19569.73,67.749
19570.09,67.749
19570.46,67.749
19570.82,67.750
19571.19,67.750
19571.56,67.751
19571.92,67.751
19572.29,67.751
19572.66,67.751
19573.02,67.751
19573.39,67.751
19573.75,67.752
19574.12,67.752
19574.49,67.753
19574.85,67.754
19575.22,67.754
19575.58,67.754
19575.95,67.754
19576.32,67.755
19576.68,67.755
19577.05,67.755
19577.42,67.755
19577.78,67.756
19578.15,67.756
19578.51,67.756
19578.88,67.756
19579.25,67.757
19579.61,67.757
19579.98,67.758
19580.35,67.758
19580.71,67.758
19581.08,67.758
19581.44,67.759
19581.81,67.759
19582.18,67.760
19582.54,67.760
19582.91,67.761
19583.28,67.761
19583.64,67.761
19584.01,67.761
19584.37,67.762
19584.74,67.762
19585.11,67.762
19585.47,67.762
19585.84,67.763
19586.20,67.763
19586.57,67.763
19586.94,67.763
19587.30,67.764
19587.67,67.764
19588.04,67.765
19588.40,67.765
19588.77,67.766
19589.13,67.766
19589.50,67.766
19589.87,67.766
19590.23,67.767
19590.60,67.767
19590.97,67.768
19591.33,67.768
19591.70,67.768
19592.06,67.768
19592.43,67.769
19592.80,67.769
19593.16,67.769
19593.53,67.769
19593.90,67.769
19594.26,67.770
19594.63,67.770
19594.99,67.770
19595.36,67.771
19595.73,67.771
19596.09,67.771
19596.46,67.772
19596.83,67.772
19597.19,67.773
19597.56,67.773
19597.92,67.773
19598.29,67.773
19598.66,67.773
19599.02,67.773
19599.39,67.774
19599.75,67.774
19600.12,67.774
19600.49,67.775
19600.85,67.775
19601.22,67.775
19601.59,67.775
19601.95,67.776
19602.32,67.776
19602.68,67.776
19603.05,67.776
19603.42,67.776
19603.78,67.778
19604.15,67.778
19604.52,67.778
19604.88,67.778
19605.25,67.778
19605.61,67.778
19605.98,67.779
19606.35,67.779
19606.71,67.779
19607.08,67.779
19607.45,67.780
19607.81,67.780
19608.18,67.780
19608.54,67.781
19608.91,67.781
19609.28,67.781
19609.64,67.781
19610.01,67.781
19610.37,67.782
19610.74,67.782
19611.11,67.782
19611.47,67.783
19611.84,67.783
19612.21,67.784
19612.57,67.784
19612.94,67.784
19613.30,67.784
19613.67,67.784
19614.04,67.785
19614.40,67.785
19614.77,67.785
19615.14,67.785
19615.50,67.785
19615.87,67.786
19616.23,67.786
19616.60,67.786
19616.97,67.786
19617.33,67.786
19617.70,67.787
19618.07,67.787
19618.43,67.788
19618.80,67.788
19619.16,67.788
19619.53,67.788
19619.90,67.788
19620.26,67.789
19620.63,67.789
19621.00,67.789
19621.36,67.790
19621.73,67.790
19622.09,67.790
19622.46,67.791
19622.83,67.791
19623.19,67.791
19623.56,67.791
19623.92,67.791
19624.29,67.791
19624.66,67.791
19625.02,67.792
19625.39,67.792
19625.76,67.792
19626.12,67.793
19626.49,67.793
19626.85,67.793
19627.22,67.793
19627.59,67.793
19627.95,67.793
19628.32,67.794
19628.69,67.794
19629.05,67.794
19629.42,67.794
19629.78,67.794
19630.15,67.796
19630.52,67.796
19630.88,67.796
19631.25,67.796
19631.62,67.796
19631.98,67.796
19632.35,67.797
19632.71,67.797
19633.08,67.797
19633.45,67.797
19633.81,67.797
19634.18,67.797
19634.54,67.798
19634.91,67.798
19635.28,67.799
19635.64,67.799
19636.01,67.799
19636.38,67.799
19636.74,67.799
19637.11,67.799
19637.47,67.799
19637.84,67.799
19638.21,67.799
19638.57,67.800
19638.94,67.800
19639.31,67.800
19639.67,67.801
19640.04,67.801
19640.40,67.801
19640.77,67.802
19641.14,67.802
19641.50,67.802
19641.87,67.802
19642.24,67.802
19642.60,67.802
19642.97,67.802
19643.33,67.802
19643.70,67.803
19644.07,67.803
19644.43,67.803
19644.80,67.803
19645.16,67.804
19645.53,67.804
19645.90,67.804
19646.26,67.804
19646.63,67.804
19647.00,67.804
19647.36,67.804
19647.73,67.805
19648.09,67.805
19648.46,67.805
19648.83,67.806
19649.19,67.806
19649.56,67.806
19649.93,67.806
19650.29,67.806
19650.66,67.806
19651.02,67.806
19651.39,67.807
19651.76,67.807
19652.12,67.807
19652.49,67.808
19652.86,67.808
19653.22,67.808
19653.59,67.808
19653.95,67.808
19654.32,67.808
19654.69,67.808
19655.05,67.809
19655.42,67.809
19655.79,67.809
19656.15,67.809
19656.52,67.809
19656.88,67.809
19657.25,67.809
19657.62,67.810
19657.98,67.810
19658.35,67.810
19658.71,67.810
19659.08,67.810
19659.45,67.811
19659.81,67.811
19660.18,67.811
19660.55,67.811
19660.91,67.811
19661.28,67.811
19661.64,67.812
19662.01,67.812
19662.38,67.812
19662.74,67.812
19663.11,67.812
19663.48,67.812
19663.84,67.812
19664.21,67.813
19664.57,67.813
19664.94,67.813
19665.31,67.814
19665.67,67.814
19666.04,67.814
19666.41,67.814
19666.77,67.814
19667.14,67.815
19667.50,67.815
19667.87,67.815
19668.24,67.815
19668.60,67.815
19668.97,67.815
19669.33,67.815
19669.70,67.816
19670.07,67.816
19670.43,67.816
19670.80,67.816
19671.17,67.816
19671.53,67.816
19671.90,67.816
19672.26,67.816
19672.63,67.816
19673.00,67.817
19673.36,67.817
19673.73,67.817
19674.10,67.817
19674.46,67.817
19674.83,67.817
19675.19,67.817
19675.56,67.817
19675.93,67.818
19676.29,67.818
19676.66,67.818
19677.03,67.818
19677.39,67.819
19677.76,67.819
19678.12,67.819
19678.49,67.819
19678.86,67.819
19679.22,67.820
19679.59,67.820
19679.95,67.820
19680.32,67.820
19680.69,67.820
19681.05,67.820
19681.42,67.820
19681.79,67.820
19682.15,67.821
19682.52,67.821
19682.88,67.821
19683.25,67.821
19683.62,67.821
19683.98,67.821
19684.35,67.821
19684.72,67.821
19685.08,67.821
19685.45,67.821
19685.81,67.822
19686.18,67.822
19686.55,67.822
19686.91,67.822
19687.28,67.822
19687.65,67.823
19688.01,67.823
19688.38,67.823
19688.74,67.823
19689.11,67.823
19689.48,67.823
19689.84,67.823
19690.21,67.823
19690.58,67.823
19690.94,67.823
19691.31,67.823
19691.67,67.823
19692.04,67.823
19692.41,67.823
19692.77,67.824
19693.14,67.824
19693.50,67.824
19693.87,67.824
19694.24,67.824
19694.60,67.824
19694.97,67.825
19695.34,67.825
19695.70,67.825
19696.07,67.825
19696.43,67.825
19696.80,67.825
19697.17,67.825
19697.53,67.825
19697.90,67.826
19698.27,67.826
19698.63,67.826
19699.00,67.826
19699.36,67.826
19699.73,67.826
19700.10,67.826
19700.46,67.826
19700.83,67.826
19701.20,67.826
19701.56,67.826
19701.93,67.826
19702.29,67.826
19702.66,67.826
19703.03,67.827
19703.39,67.827
19703.76,67.827
19704.12,67.827
19704.49,67.827
19704.86,67.828
19705.22,67.828
19705.59,67.828
19705.96,67.828
19706.32,67.828
19706.69,67.828
19707.05,67.828
19707.42,67.828
19707.79,67.828
19708.15,67.828
19708.52,67.828
19708.89,67.828
19709.25,67.828
19709.62,67.828
19709.98,67.828
19710.35,67.828
19710.72,67.828
19711.08,67.829
19711.45,67.829
19711.82,67.829
19712.18,67.829
19712.55,67.829
19712.91,67.829
19713.28,67.829
19713.65,67.829
19714.01,67.829
19714.38,67.830
19714.75,67.830
19715.11,67.830
19715.48,67.830
19715.84,67.830
19716.21,67.830
19716.58,67.830
19716.94,67.831
19717.31,67.831
19717.67,67.831
19718.04,67.831
19718.41,67.831
19718.77,67.831
19719.14,67.831
19719.51,67.831
19719.87,67.831
19720.24,67.831
19720.60,67.831
19720.97,67.831
19721.34,67.831
19721.70,67.831
19722.07,67.832
19722.44,67.832
19722.80,67.832
19723.17,67.832
19723.53,67.832
19723.90,67.832
19724.27,67.832
19724.63,67.832
19725.00,67.832
19725.37,67.832
19725.73,67.832
19726.10,67.832
19726.46,67.832
19726.83,67.832
19727.20,67.832
19727.56,67.832
19727.93,67.833
19728.29,67.833
19728.66,67.833
19729.03,67.833
19729.39,67.833
19729.76,67.833
19730.13,67.833
19730.49,67.833
19730.86,67.833
19731.22,67.833
19731.59,67.833
19731.96,67.833
19732.32,67.833
19732.69,67.833
19733.06,67.833
19733.42,67.833
19733.79,67.833
19734.15,67.833
19734.52,67.834
19734.89,67.834
19735.25,67.834
19735.62,67.834
19735.99,67.834
19736.35,67.834
19736.72,67.834
19737.08,67.834
19737.45,67.834
19737.82,67.834
19738.18,67.834
19738.55,67.834
19738.91,67.834
19739.28,67.834
19739.65,67.834
19740.01,67.834
19740.38,67.834
19740.75,67.834
19741.11,67.835
19741.48,67.834
19741.84,67.835
19742.21,67.834
19742.58,67.835
19742.94,67.835
19743.31,67.835
19743.68,67.835
19744.04,67.835
19744.41,67.835
19744.77,67.835
19745.14,67.835
19745.51,67.835
19745.87,67.835
19746.24,67.835
19746.61,67.835
19746.97,67.835
19747.34,67.835
19747.70,67.835
19748.07,67.835
19748.44,67.835
19748.80,67.835
19749.17,67.835
19749.54,67.835
19749.90,67.835
19750.27,67.835
19750.63,67.835
19751.00,67.835
19751.37,67.835
19751.73,67.835
19752.10,67.835
19752.46,67.835
19752.83,67.835
19753.20,67.835
19753.56,67.835
19753.93,67.835
19754.30,67.835
19754.66,67.836
19755.03,67.836
19755.39,67.836
19755.76,67.836
19756.13,67.836
19756.49,67.836
19756.86,67.836
19757.23,67.836
19757.59,67.836
19757.96,67.836
19758.32,67.836
19758.69,67.836
19759.06,67.836
19759.42,67.836
19759.79,67.836
19760.16,67.837
19760.52,67.837
19760.89,67.837
19761.25,67.837
19761.62,67.837
19761.99,67.837
19762.35,67.837
19762.72,67.837
19763.08,67.837
19763.45,67.837
19763.82,67.837
19764.18,67.837
19764.55,67.837
19764.92,67.837
19765.28,67.837
19765.65,67.837
19766.01,67.837
19766.38,67.837
19766.75,67.837
19767.11,67.837
19767.48,67.837
19767.85,67.837
19768.21,67.837
19768.58,67.837
19768.94,67.837
19769.31,67.837
19769.68,67.837
19770.04,67.837
19770.41,67.837
19770.78,67.837
19771.14,67.837
19771.51,67.837
19771.87,67.837
19772.24,67.837
19772.61,67.837
19772.97,67.837
19773.34,67.837
19773.70,67.838
19774.07,67.838
19774.44,67.838
19774.80,67.838
19775.17,67.838
19775.54,67.838
19775.90,67.838
19776.27,67.838
19776.63,67.838
19777.00,67.838
19777.37,67.838
19777.73,67.838
19778.10,67.838
19778.47,67.838
19778.83,67.838
19779.20,67.838
19779.56,67.837
19779.93,67.837
19780.30,67.837
19780.66,67.837
19781.03,67.837
19781.40,67.837
19781.76,67.837
19782.13,67.837
19782.49,67.837
19782.86,67.837
19783.23,67.837
19783.59,67.838
19783.96,67.838
19784.33,67.838
19784.69,67.838
19785.06,67.838
19785.42,67.838
19785.79,67.838
19786.16,67.838
19786.52,67.838
19786.89,67.838
19787.25,67.838
19787.62,67.838
19787.99,67.838
19788.35,67.838
19788.72,67.838
19789.09,67.838
19789.45,67.838
19789.82,67.838
19790.18,67.838
19790.55,67.838
19790.92,67.838
19791.28,67.838
19791.65,67.838
19792.02,67.838
19792.38,67.838
19792.75,67.838
19793.11,67.838
19793.48,67.838
19793.85,67.838
19794.21,67.838
19794.58,67.838
19794.95,67.837
19795.31,67.837
19795.68,67.837
19796.04,67.837
19796.41,67.837
19796.78,67.837
19797.14,67.837
19797.51,67.837
19797.87,67.837
19798.24,67.837
19798.61,67.837
19798.97,67.837
19799.34,67.837
19799.71,67.837
19800.07,67.837
19800.44,67.837
19800.80,67.837
19801.17,67.837
19801.54,67.837
19801.90,67.837
19802.27,67.837
19802.64,67.837
19803.00,67.837
19803.37,67.837
19803.73,67.837
19804.10,67.837
19804.47,67.837
19804.83,67.837
19805.20,67.837
19805.57,67.837
19805.93,67.837
19806.30,67.837
19806.66,67.837
19807.03,67.837
19807.40,67.837
19807.76,67.837
19808.13,67.837
19808.50,67.837
19808.86,67.837
19809.23,67.837
19809.59,67.837
19809.96,67.837
19810.33,67.837
19810.69,67.837
19811.06,67.837
19811.42,67.837
19811.79,67.837
19812.16,67.837
19812.52,67.837
19812.89,67.837
19813.26,67.837
19813.62,67.837
19813.99,67.837
19814.35,67.837
19814.72,67.837
19815.09,67.837
19815.45,67.837
19815.82,67.837
19816.19,67.837
19816.55,67.837
19816.92,67.837
19817.28,67.837
19817.65,67.837
19818.02,67.836
19818.38,67.836
19818.75,67.836
19819.12,67.836
19819.48,67.836
19819.85,67.836
19820.21,67.836
19820.58,67.836
19820.95,67.836
19821.31,67.836
19821.68,67.836
19822.04,67.836
19822.41,67.836
19822.78,67.836
19823.14,67.836
19823.51,67.836
19823.88,67.836
19824.24,67.836
19824.61,67.836
19824.97,67.836
19825.34,67.836
19825.71,67.836
19826.07,67.836
19826.44,67.836
19826.81,67.836
19827.17,67.836
19827.54,67.835
19827.90,67.835
19828.27,67.835
19828.64,67.835
19829.00,67.835
19829.37,67.835
19829.74,67.835
19830.10,67.835
19830.47,67.835
19830.83,67.835
19831.20,67.835
19831.57,67.835
19831.93,67.835
19832.30,67.835
19832.66,67.835
19833.03,67.835
19833.40,67.835
19833.76,67.835
19834.13,67.835
19834.50,67.835
19834.86,67.835
19835.23,67.835
19835.59,67.835
19835.96,67.835
19836.33,67.835
19836.69,67.834
19837.06,67.834
19837.43,67.834
19837.79,67.834
19838.16,67.834
19838.52,67.834
19838.89,67.834
19839.26,67.834
19839.62,67.834
19839.99,67.834
19840.36,67.834
19840.72,67.834
19841.09,67.834
19841.45,67.834
19841.82,67.834
19842.19,67.834
19842.55,67.834
19842.92,67.834
19843.29,67.834
19843.65,67.834
19844.02,67.834
19844.38,67.834
19844.75,67.834
19845.12,67.834
19845.48,67.834
19845.85,67.834
19846.21,67.834
19846.58,67.834
19846.95,67.834
19847.31,67.834
19847.68,67.834
19848.05,67.834
19848.41,67.834
19848.78,67.834
19849.14,67.834
19849.51,67.834
19849.88,67.834
19850.24,67.834
19850.61,67.834
19850.98,67.834
19851.34,67.834
19851.71,67.834
19852.07,67.834
19852.44,67.834
19852.81,67.834
19853.17,67.834
19853.54,67.833
19853.91,67.833
19854.27,67.833
19854.64,67.833
19855.00,67.833
19855.37,67.833
19855.74,67.833
19856.10,67.833
19856.47,67.833
19856.83,67.833
19857.20,67.833
19857.57,67.833
19857.93,67.833
19858.30,67.833
19858.67,67.833
19859.03,67.833
19859.40,67.833
19859.76,67.833
19860.13,67.833
19860.50,67.833
19860.86,67.833
19861.23,67.832
19861.60,67.832
19861.96,67.832
19862.33,67.832
19862.69,67.832
19863.06,67.832
19863.43,67.832
19863.79,67.832
19864.16,67.832
19864.53,67.832
19864.89,67.832
19865.26,67.832
19865.62,67.832
19865.99,67.832
19866.36,67.832
19866.72,67.832
19867.09,67.832
19867.46,67.832
19867.82,67.832
19868.19,67.832
19868.55,67.832
19868.92,67.832
19869.29,67.831
19869.65,67.831
19870.02,67.831
19870.38,67.831
19870.75,67.831
19871.12,67.831
19871.48,67.831
19871.85,67.831
19872.22,67.831
19872.58,67.831
19872.95,67.831
19873.31,67.831
19873.68,67.831
19874.05,67.831
19874.41,67.831
19874.78,67.831
19875.15,67.831
19875.51,67.831
19875.88,67.831
19876.24,67.831
19876.61,67.831
19876.98,67.830
19877.34,67.830
19877.71,67.830
19878.08,67.830
19878.44,67.830
19878.81,67.830
19879.17,67.830
19879.54,67.830
19879.91,67.830
19880.27,67.830
19880.64,67.830
19881.00,67.830
19881.37,67.830
19881.74,67.830
19882.10,67.830
19882.47,67.830
19882.84,67.830
19883.20,67.830
19883.57,67.830
19883.93,67.829
19884.30,67.829
19884.67,67.829
19885.03,67.829
19885.40,67.829
19885.77,67.829
19886.13,67.829
19886.50,67.829
19886.86,67.829
19887.23,67.829
19887.60,67.829
19887.96,67.829
19888.33,67.829
19888.70,67.829
19889.06,67.829
19889.43,67.829
19889.79,67.829
19890.16,67.829
19890.53,67.829
19890.89,67.829
19891.26,67.828
19891.62,67.828
19891.99,67.828
19892.36,67.828
19892.72,67.828
19893.09,67.828
19893.46,67.828
19893.82,67.828
19894.19,67.828
19894.55,67.828
19894.92,67.828
19895.29,67.828
19895.65,67.828
19896.02,67.828
19896.39,67.828
19896.75,67.828
19897.12,67.828
19897.48,67.828
19897.85,67.828
19898.22,67.828
19898.58,67.828
19898.95,67.828
19899.32,67.828
19899.68,67.827
19900.05,67.827
19900.41,67.827
19900.78,67.827
19901.15,67.827
19901.51,67.827
19901.88,67.827
19902.25,67.827
19902.61,67.827
19902.98,67.827
19903.34,67.827
19903.71,67.827
19904.08,67.827
19904.44,67.827
19904.81,67.827
19905.17,67.827
19905.54,67.827
19905.91,67.827
19906.27,67.827
19906.64,67.827
19907.01,67.826
19907.37,67.826
19907.74,67.826
19908.10,67.826
19908.47,67.826
19908.84,67.826
19909.20,67.826
19909.57,67.826
19909.94,67.826
19910.30,67.826
19910.67,67.826
19911.03,67.826
19911.40,67.826
19911.77,67.826
19912.13,67.826
19912.50,67.826
19912.87,67.826
19913.23,67.826
19913.60,67.826
19913.96,67.826
19914.33,67.826
19914.70,67.825
19915.06,67.825
19915.43,67.825
19915.79,67.825
19916.16,67.825
19916.53,67.825
19916.89,67.825
19917.26,67.825
19917.63,67.825
19917.99,67.825
19918.36,67.825
19918.72,67.825
19919.09,67.825
19919.46,67.825
19919.82,67.825
19920.19,67.825
19920.56,67.825
19920.92,67.825
19921.29,67.825
19921.65,67.825
19922.02,67.825
19922.39,67.825
19922.75,67.824
19923.12,67.824
19923.49,67.824
19923.85,67.824
19924.22,67.824
19924.58,67.824
19924.95,67.824
19925.32,67.823
19925.68,67.823
19926.05,67.823
19926.41,67.823
19926.78,67.823
19927.15,67.823
19927.51,67.823
19927.88,67.823
19928.25,67.823
19928.61,67.823
19928.98,67.823
19929.34,67.823
19929.71,67.823
19930.08,67.823
19930.44,67.823
19930.81,67.823
19931.18,67.823
19931.54,67.823
19931.91,67.823
19932.27,67.822
19932.64,67.822
19933.01,67.822
19933.37,67.822
19933.74,67.822
19934.11,67.822
19934.47,67.822
19934.84,67.822
19935.20,67.822
19935.57,67.822
19935.94,67.822
19936.30,67.822
19936.67,67.822
19937.04,67.822
19937.40,67.822
19937.77,67.822
19938.13,67.822
19938.50,67.822
19938.87,67.822
19939.23,67.822
19939.60,67.822
19939.96,67.822
19940.33,67.822
19940.70,67.822
19941.06,67.822
19941.43,67.822
19941.80,67.822
19942.16,67.822
19942.53,67.822
19942.89,67.822
19943.26,67.822
19943.63,67.822
19943.99,67.822
19944.36,67.822
19944.73,67.822
19945.09,67.822
19945.46,67.822
19945.82,67.821
19946.19,67.821
19946.56,67.821
19946.92,67.821
19947.29,67.821
19947.66,67.821
19948.02,67.821
19948.39,67.821
19948.75,67.821
19949.12,67.821
19949.49,67.821
19949.85,67.821
19950.22,67.821
19950.58,67.821
19950.95,67.821
19951.32,67.821
19951.68,67.821
19952.05,67.821
19952.42,67.821
19952.78,67.821
19953.15,67.820
19953.51,67.820
19953.88,67.820
19954.25,67.820
19954.61,67.820
19954.98,67.820
19955.35,67.820
19955.71,67.820
19956.08,67.820
19956.44,67.820
19956.81,67.820
19957.18,67.820
19957.54,67.820
19957.91,67.820
19958.28,67.820
19958.64,67.820
19959.01,67.820
19959.37,67.820
19959.74,67.820
19960.11,67.820
19960.47,67.819
19960.84,67.819
19961.21,67.819
19961.57,67.819
19961.94,67.819
19962.30,67.819
19962.67,67.819
19963.04,67.819
19963.40,67.819
19963.77,67.819
19964.13,67.819
19964.50,67.819
19964.87,67.819
19965.23,67.819
19965.60,67.819
19965.97,67.819
19966.33,67.819
19966.70,67.819
19967.06,67.819
19967.43,67.819
19967.80,67.819
19968.16,67.818
19968.53,67.818
19968.90,67.818
19969.26,67.818
19969.63,67.818
19969.99,67.818
19970.36,67.818
19970.73,67.818
19971.09,67.818
19971.46,67.818
19971.83,67.818
19972.19,67.818
19972.56,67.818
19972.92,67.818
19973.29,67.818
19973.66,67.818
19974.02,67.818
19974.39,67.818
19974.75,67.818
19975.12,67.817
19975.49,67.817
19975.85,67.817
19976.22,67.817
19976.59,67.817
19976.95,67.817
19977.32,67.817
19977.68,67.817
19978.05,67.817
19978.42,67.817
19978.78,67.817
19979.15,67.817
19979.52,67.817
19979.88,67.817
19980.25,67.817
19980.61,67.817
19980.98,67.817
19981.35,67.817
19981.71,67.817
19982.08,67.817
19982.45,67.817
19982.81,67.817
19983.18,67.817
19983.54,67.817
19983.91,67.817
19984.28,67.817
19984.64,67.817
19985.01,67.817
19985.37,67.817
19985.74,67.817
19986.11,67.816
19986.47,67.816
19986.84,67.816
19987.21,67.816
19987.57,67.816
19987.94,67.816
19988.30,67.816
19988.67,67.816
19989.04,67.816
19989.40,67.816
19989.77,67.816
19990.14,67.816
19990.50,67.816
19990.87,67.816
19991.23,67.816
19991.60,67.816
19991.97,67.816
19992.33,67.816
19992.70,67.816
19993.07,67.816
19993.43,67.816
19993.80,67.816
19994.16,67.816
19994.53,67.816
19994.90,67.816
19995.26,67.816
19995.63,67.816
19996.00,67.816
19996.36,67.816
19996.73,67.816
19997.09,67.816
19997.46,67.816
19997.83,67.816
19998.19,67.816
19998.56,67.815
19998.92,67.815
19999.29,67.815
